ACTUAL_DATE,KEYA,KEYBB,AVI_SUM
1/12/2010,Auckland,Business services,100
1/12/2010,Auckland,Clerical and Administrative Workers,100
1/12/2010,Auckland,Community and Personal Service Workers,100
1/12/2010,Auckland,Construction,100
1/12/2010,Auckland,Education,100
1/12/2010,Auckland,Health care,100
1/12/2010,Auckland,Highly-Skilled,100
1/12/2010,Auckland,Hospitality,100
1/12/2010,Auckland,IT,100
1/12/2010,Auckland,Labourers,100
1/12/2010,Auckland,Low-Skilled,100
1/12/2010,Auckland,Machinery Operators and Drivers,100
1/12/2010,Auckland,Managers,100
1/12/2010,Auckland,Manufacturing,100
1/12/2010,Auckland,Other,100
1/12/2010,Auckland,Primary,100
1/12/2010,Auckland,Professionals,100
1/12/2010,Auckland,Sales,100
1/12/2010,Auckland,Sales Workers,100
1/12/2010,Auckland,Semi-Skilled,100
1/12/2010,Auckland,Skilled,100
1/12/2010,Auckland,SkilledIndex,100
1/12/2010,Auckland,Technicians and Trades Workers,100
1/12/2010,Auckland,Unskilled,100
1/12/2010,Auckland,UnskilledIndex,100
1/12/2010,Bay of Plenty,Business services,100
1/12/2010,Bay of Plenty,Clerical and Administrative Workers,100
1/12/2010,Bay of Plenty,Community and Personal Service Workers,100
1/12/2010,Bay of Plenty,Construction,100
1/12/2010,Bay of Plenty,Education,100
1/12/2010,Bay of Plenty,Health care,100
1/12/2010,Bay of Plenty,Highly-Skilled,100
1/12/2010,Bay of Plenty,Hospitality,100
1/12/2010,Bay of Plenty,IT,100
1/12/2010,Bay of Plenty,Labourers,100
1/12/2010,Bay of Plenty,Low-Skilled,100
1/12/2010,Bay of Plenty,Machinery Operators and Drivers,100
1/12/2010,Bay of Plenty,Managers,100
1/12/2010,Bay of Plenty,Manufacturing,100
1/12/2010,Bay of Plenty,Other,100
1/12/2010,Bay of Plenty,Primary,100
1/12/2010,Bay of Plenty,Professionals,100
1/12/2010,Bay of Plenty,Sales,100
1/12/2010,Bay of Plenty,Sales Workers,100
1/12/2010,Bay of Plenty,Semi-Skilled,100
1/12/2010,Bay of Plenty,Skilled,100
1/12/2010,Bay of Plenty,SkilledIndex,100
1/12/2010,Bay of Plenty,Technicians and Trades Workers,100
1/12/2010,Bay of Plenty,Unskilled,100
1/12/2010,Bay of Plenty,UnskilledIndex,100
1/12/2010,Canterbury,Business services,100
1/12/2010,Canterbury,Clerical and Administrative Workers,100
1/12/2010,Canterbury,Community and Personal Service Workers,100
1/12/2010,Canterbury,Construction,100
1/12/2010,Canterbury,Education,100
1/12/2010,Canterbury,Health care,100
1/12/2010,Canterbury,Highly-Skilled,100
1/12/2010,Canterbury,Hospitality,100
1/12/2010,Canterbury,IT,100
1/12/2010,Canterbury,Labourers,100
1/12/2010,Canterbury,Low-Skilled,100
1/12/2010,Canterbury,Machinery Operators and Drivers,100
1/12/2010,Canterbury,Managers,100
1/12/2010,Canterbury,Manufacturing,100
1/12/2010,Canterbury,Other,100
1/12/2010,Canterbury,Primary,100
1/12/2010,Canterbury,Professionals,100
1/12/2010,Canterbury,Sales,100
1/12/2010,Canterbury,Sales Workers,100
1/12/2010,Canterbury,Semi-Skilled,100
1/12/2010,Canterbury,Skilled,100
1/12/2010,Canterbury,SkilledIndex,100
1/12/2010,Canterbury,Technicians and Trades Workers,100
1/12/2010,Canterbury,Unskilled,100
1/12/2010,Canterbury,UnskilledIndex,100
1/12/2010,Gisborne/Hawkes Bay,Business services,100
1/12/2010,Gisborne/Hawkes Bay,Clerical and Administrative Workers,100
1/12/2010,Gisborne/Hawkes Bay,Community and Personal Service Workers,100
1/12/2010,Gisborne/Hawkes Bay,Construction,100
1/12/2010,Gisborne/Hawkes Bay,Education,100
1/12/2010,Gisborne/Hawkes Bay,Health care,100
1/12/2010,Gisborne/Hawkes Bay,Highly-Skilled,100
1/12/2010,Gisborne/Hawkes Bay,Hospitality,100
1/12/2010,Gisborne/Hawkes Bay,IT,100
1/12/2010,Gisborne/Hawkes Bay,Labourers,100
1/12/2010,Gisborne/Hawkes Bay,Low-Skilled,100
1/12/2010,Gisborne/Hawkes Bay,Machinery Operators and Drivers,100
1/12/2010,Gisborne/Hawkes Bay,Managers,100
1/12/2010,Gisborne/Hawkes Bay,Manufacturing,100
1/12/2010,Gisborne/Hawkes Bay,Other,100
1/12/2010,Gisborne/Hawkes Bay,Primary,100
1/12/2010,Gisborne/Hawkes Bay,Professionals,100
1/12/2010,Gisborne/Hawkes Bay,Sales,100
1/12/2010,Gisborne/Hawkes Bay,Sales Workers,100
1/12/2010,Gisborne/Hawkes Bay,Semi-Skilled,100
1/12/2010,Gisborne/Hawkes Bay,Skilled,100
1/12/2010,Gisborne/Hawkes Bay,SkilledIndex,100
1/12/2010,Gisborne/Hawkes Bay,Technicians and Trades Workers,100
1/12/2010,Gisborne/Hawkes Bay,Unskilled,100
1/12/2010,Gisborne/Hawkes Bay,UnskilledIndex,100
1/12/2010,Manawatu-Whanganui/Taranaki,Business services,100
1/12/2010,Manawatu-Whanganui/Taranaki,Clerical and Administrative Workers,100
1/12/2010,Manawatu-Whanganui/Taranaki,Community and Personal Service Workers,100
1/12/2010,Manawatu-Whanganui/Taranaki,Construction,100
1/12/2010,Manawatu-Whanganui/Taranaki,Education,100
1/12/2010,Manawatu-Whanganui/Taranaki,Health care,100
1/12/2010,Manawatu-Whanganui/Taranaki,Highly-Skilled,100
1/12/2010,Manawatu-Whanganui/Taranaki,Hospitality,100
1/12/2010,Manawatu-Whanganui/Taranaki,IT,100
1/12/2010,Manawatu-Whanganui/Taranaki,Labourers,100
1/12/2010,Manawatu-Whanganui/Taranaki,Low-Skilled,100
1/12/2010,Manawatu-Whanganui/Taranaki,Machinery Operators and Drivers,100
1/12/2010,Manawatu-Whanganui/Taranaki,Managers,100
1/12/2010,Manawatu-Whanganui/Taranaki,Manufacturing,100
1/12/2010,Manawatu-Whanganui/Taranaki,Other,100
1/12/2010,Manawatu-Whanganui/Taranaki,Primary,100
1/12/2010,Manawatu-Whanganui/Taranaki,Professionals,100
1/12/2010,Manawatu-Whanganui/Taranaki,Sales,100
1/12/2010,Manawatu-Whanganui/Taranaki,Sales Workers,100
1/12/2010,Manawatu-Whanganui/Taranaki,Semi-Skilled,100
1/12/2010,Manawatu-Whanganui/Taranaki,Skilled,100
1/12/2010,Manawatu-Whanganui/Taranaki,SkilledIndex,100
1/12/2010,Manawatu-Whanganui/Taranaki,Technicians and Trades Workers,100
1/12/2010,Manawatu-Whanganui/Taranaki,Unskilled,100
1/12/2010,Manawatu-Whanganui/Taranaki,UnskilledIndex,100
1/12/2010,Northland,Business services,100
1/12/2010,Northland,Clerical and Administrative Workers,100
1/12/2010,Northland,Community and Personal Service Workers,100
1/12/2010,Northland,Construction,100
1/12/2010,Northland,Education,100
1/12/2010,Northland,Health care,100
1/12/2010,Northland,Highly-Skilled,100
1/12/2010,Northland,Hospitality,100
1/12/2010,Northland,IT,100
1/12/2010,Northland,Labourers,100
1/12/2010,Northland,Low-Skilled,100
1/12/2010,Northland,Machinery Operators and Drivers,100
1/12/2010,Northland,Managers,100
1/12/2010,Northland,Manufacturing,100
1/12/2010,Northland,Other,100
1/12/2010,Northland,Primary,100
1/12/2010,Northland,Professionals,100
1/12/2010,Northland,Sales,100
1/12/2010,Northland,Sales Workers,100
1/12/2010,Northland,Semi-Skilled,100
1/12/2010,Northland,Skilled,100
1/12/2010,Northland,SkilledIndex,100
1/12/2010,Northland,Technicians and Trades Workers,100
1/12/2010,Northland,Unskilled,100
1/12/2010,Northland,UnskilledIndex,100
1/12/2010,Otago/Southland,Business services,100
1/12/2010,Otago/Southland,Clerical and Administrative Workers,100
1/12/2010,Otago/Southland,Community and Personal Service Workers,100
1/12/2010,Otago/Southland,Construction,100
1/12/2010,Otago/Southland,Education,100
1/12/2010,Otago/Southland,Health care,100
1/12/2010,Otago/Southland,Highly-Skilled,100
1/12/2010,Otago/Southland,Hospitality,100
1/12/2010,Otago/Southland,IT,100
1/12/2010,Otago/Southland,Labourers,100
1/12/2010,Otago/Southland,Low-Skilled,100
1/12/2010,Otago/Southland,Machinery Operators and Drivers,100
1/12/2010,Otago/Southland,Managers,100
1/12/2010,Otago/Southland,Manufacturing,100
1/12/2010,Otago/Southland,Other,100
1/12/2010,Otago/Southland,Primary,100
1/12/2010,Otago/Southland,Professionals,100
1/12/2010,Otago/Southland,Sales,100
1/12/2010,Otago/Southland,Sales Workers,100
1/12/2010,Otago/Southland,Semi-Skilled,100
1/12/2010,Otago/Southland,Skilled,100
1/12/2010,Otago/Southland,SkilledIndex,100
1/12/2010,Otago/Southland,Technicians and Trades Workers,100
1/12/2010,Otago/Southland,Unskilled,100
1/12/2010,Otago/Southland,UnskilledIndex,100
1/12/2010,Tasman/Nelson/Marlborough/West Coast,Business services,100
1/12/2010,Tasman/Nelson/Marlborough/West Coast,Clerical and Administrative Workers,100
1/12/2010,Tasman/Nelson/Marlborough/West Coast,Community and Personal Service Workers,100
1/12/2010,Tasman/Nelson/Marlborough/West Coast,Construction,100
1/12/2010,Tasman/Nelson/Marlborough/West Coast,Education,100
1/12/2010,Tasman/Nelson/Marlborough/West Coast,Health care,100
1/12/2010,Tasman/Nelson/Marlborough/West Coast,Highly-Skilled,100
1/12/2010,Tasman/Nelson/Marlborough/West Coast,Hospitality,100
1/12/2010,Tasman/Nelson/Marlborough/West Coast,IT,100
1/12/2010,Tasman/Nelson/Marlborough/West Coast,Labourers,100
1/12/2010,Tasman/Nelson/Marlborough/West Coast,Low-Skilled,100
1/12/2010,Tasman/Nelson/Marlborough/West Coast,Machinery Operators and Drivers,100
1/12/2010,Tasman/Nelson/Marlborough/West Coast,Managers,100
1/12/2010,Tasman/Nelson/Marlborough/West Coast,Manufacturing,100
1/12/2010,Tasman/Nelson/Marlborough/West Coast,Other,100
1/12/2010,Tasman/Nelson/Marlborough/West Coast,Primary,100
1/12/2010,Tasman/Nelson/Marlborough/West Coast,Professionals,100
1/12/2010,Tasman/Nelson/Marlborough/West Coast,Sales,100
1/12/2010,Tasman/Nelson/Marlborough/West Coast,Sales Workers,100
1/12/2010,Tasman/Nelson/Marlborough/West Coast,Semi-Skilled,100
1/12/2010,Tasman/Nelson/Marlborough/West Coast,Skilled,100
1/12/2010,Tasman/Nelson/Marlborough/West Coast,SkilledIndex,100
1/12/2010,Tasman/Nelson/Marlborough/West Coast,Technicians and Trades Workers,100
1/12/2010,Tasman/Nelson/Marlborough/West Coast,Unskilled,100
1/12/2010,Tasman/Nelson/Marlborough/West Coast,UnskilledIndex,100
1/12/2010,Totals,Auckland,100
1/12/2010,Totals,Bay of Plenty,100
1/12/2010,Totals,Business services,100
1/12/2010,Totals,Canterbury,100
1/12/2010,Totals,Clerical and Administrative Workers,100
1/12/2010,Totals,Community and Personal Service Workers,100
1/12/2010,Totals,Construction,100
1/12/2010,Totals,Education,100
1/12/2010,Totals,Gisborne/Hawkes Bay,100
1/12/2010,Totals,Health care,100
1/12/2010,Totals,Highly-Skilled,100
1/12/2010,Totals,Hospitality,100
1/12/2010,Totals,IT,100
1/12/2010,Totals,Labourers,100
1/12/2010,Totals,Low-Skilled,100
1/12/2010,Totals,Machinery Operators and Drivers,100
1/12/2010,Totals,Managers,100
1/12/2010,Totals,Manawatu-Whanganui/Taranaki,100
1/12/2010,Totals,Manufacturing,100
1/12/2010,Totals,Northland,100
1/12/2010,Totals,Otago/Southland,100
1/12/2010,Totals,Other,100
1/12/2010,Totals,Primary,100
1/12/2010,Totals,Professionals,100
1/12/2010,Totals,Sales,100
1/12/2010,Totals,Sales Workers,100
1/12/2010,Totals,Semi-Skilled,100
1/12/2010,Totals,Skilled,100
1/12/2010,Totals,SkilledIndex,100
1/12/2010,Totals,Tasman/Nelson/Marlborough/West Coast,100
1/12/2010,Totals,Technicians and Trades Workers,100
1/12/2010,Totals,TotalsIndex,100
1/12/2010,Totals,Unskilled,100
1/12/2010,Totals,UnskilledIndex,100
1/12/2010,Totals,Waikato,100
1/12/2010,Totals,Wellington,100
1/12/2010,Waikato,Business services,100
1/12/2010,Waikato,Clerical and Administrative Workers,100
1/12/2010,Waikato,Community and Personal Service Workers,100
1/12/2010,Waikato,Construction,100
1/12/2010,Waikato,Education,100
1/12/2010,Waikato,Health care,100
1/12/2010,Waikato,Highly-Skilled,100
1/12/2010,Waikato,Hospitality,100
1/12/2010,Waikato,IT,100
1/12/2010,Waikato,Labourers,100
1/12/2010,Waikato,Low-Skilled,100
1/12/2010,Waikato,Machinery Operators and Drivers,100
1/12/2010,Waikato,Managers,100
1/12/2010,Waikato,Manufacturing,100
1/12/2010,Waikato,Other,100
1/12/2010,Waikato,Primary,100
1/12/2010,Waikato,Professionals,100
1/12/2010,Waikato,Sales,100
1/12/2010,Waikato,Sales Workers,100
1/12/2010,Waikato,Semi-Skilled,100
1/12/2010,Waikato,Skilled,100
1/12/2010,Waikato,SkilledIndex,100
1/12/2010,Waikato,Technicians and Trades Workers,100
1/12/2010,Waikato,Unskilled,100
1/12/2010,Waikato,UnskilledIndex,100
1/12/2010,Wellington,Business services,100
1/12/2010,Wellington,Clerical and Administrative Workers,100
1/12/2010,Wellington,Community and Personal Service Workers,100
1/12/2010,Wellington,Construction,100
1/12/2010,Wellington,Education,100
1/12/2010,Wellington,Health care,100
1/12/2010,Wellington,Highly-Skilled,100
1/12/2010,Wellington,Hospitality,100
1/12/2010,Wellington,IT,100
1/12/2010,Wellington,Labourers,100
1/12/2010,Wellington,Low-Skilled,100
1/12/2010,Wellington,Machinery Operators and Drivers,100
1/12/2010,Wellington,Managers,100
1/12/2010,Wellington,Manufacturing,100
1/12/2010,Wellington,Other,100
1/12/2010,Wellington,Primary,100
1/12/2010,Wellington,Professionals,100
1/12/2010,Wellington,Sales,100
1/12/2010,Wellington,Sales Workers,100
1/12/2010,Wellington,Semi-Skilled,100
1/12/2010,Wellington,Skilled,100
1/12/2010,Wellington,SkilledIndex,100
1/12/2010,Wellington,Technicians and Trades Workers,100
1/12/2010,Wellington,Unskilled,100
1/12/2010,Wellington,UnskilledIndex,100
1/03/2011,Auckland,Business services,120.84
1/03/2011,Auckland,Clerical and Administrative Workers,122.7
1/03/2011,Auckland,Community and Personal Service Workers,134.6
1/03/2011,Auckland,Construction,121.03
1/03/2011,Auckland,Education,65.01
1/03/2011,Auckland,Health care,117.05
1/03/2011,Auckland,Highly-Skilled,115.91
1/03/2011,Auckland,Hospitality,125.21
1/03/2011,Auckland,IT,116.4
1/03/2011,Auckland,Labourers,142.5
1/03/2011,Auckland,Low-Skilled,123.82
1/03/2011,Auckland,Machinery Operators and Drivers,110.2
1/03/2011,Auckland,Managers,116.7
1/03/2011,Auckland,Manufacturing,115.61
1/03/2011,Auckland,Other,127.58
1/03/2011,Auckland,Primary,131.29
1/03/2011,Auckland,Professionals,107.8
1/03/2011,Auckland,Sales,126.69
1/03/2011,Auckland,Sales Workers,133.8
1/03/2011,Auckland,Semi-Skilled,138.16
1/03/2011,Auckland,Skilled,103.49
1/03/2011,Auckland,SkilledIndex,114.9
1/03/2011,Auckland,Technicians and Trades Workers,130.4
1/03/2011,Auckland,Unskilled,133.51
1/03/2011,Auckland,UnskilledIndex,125.8
1/03/2011,Bay of Plenty,Business services,127.92
1/03/2011,Bay of Plenty,Clerical and Administrative Workers,142.5
1/03/2011,Bay of Plenty,Community and Personal Service Workers,128.9
1/03/2011,Bay of Plenty,Construction,128.08
1/03/2011,Bay of Plenty,Education,54.1
1/03/2011,Bay of Plenty,Health care,133.5
1/03/2011,Bay of Plenty,Highly-Skilled,126.28
1/03/2011,Bay of Plenty,Hospitality,117.73
1/03/2011,Bay of Plenty,IT,156.63
1/03/2011,Bay of Plenty,Labourers,149
1/03/2011,Bay of Plenty,Low-Skilled,122.24
1/03/2011,Bay of Plenty,Machinery Operators and Drivers,128.1
1/03/2011,Bay of Plenty,Managers,130.4
1/03/2011,Bay of Plenty,Manufacturing,141.18
1/03/2011,Bay of Plenty,Other,166.35
1/03/2011,Bay of Plenty,Primary,204.55
1/03/2011,Bay of Plenty,Professionals,97.5
1/03/2011,Bay of Plenty,Sales,126.49
1/03/2011,Bay of Plenty,Sales Workers,127.9
1/03/2011,Bay of Plenty,Semi-Skilled,150
1/03/2011,Bay of Plenty,Skilled,93.82
1/03/2011,Bay of Plenty,SkilledIndex,117.7
1/03/2011,Bay of Plenty,Technicians and Trades Workers,125.2
1/03/2011,Bay of Plenty,Unskilled,141.58
1/03/2011,Bay of Plenty,UnskilledIndex,127.9
1/03/2011,Canterbury,Business services,114.29
1/03/2011,Canterbury,Clerical and Administrative Workers,113.4
1/03/2011,Canterbury,Community and Personal Service Workers,118.4
1/03/2011,Canterbury,Construction,124.26
1/03/2011,Canterbury,Education,54.49
1/03/2011,Canterbury,Health care,102.71
1/03/2011,Canterbury,Highly-Skilled,107.1
1/03/2011,Canterbury,Hospitality,106.92
1/03/2011,Canterbury,IT,95.65
1/03/2011,Canterbury,Labourers,140.9
1/03/2011,Canterbury,Low-Skilled,116.47
1/03/2011,Canterbury,Machinery Operators and Drivers,118.9
1/03/2011,Canterbury,Managers,110.1
1/03/2011,Canterbury,Manufacturing,144.94
1/03/2011,Canterbury,Other,106.05
1/03/2011,Canterbury,Primary,116.05
1/03/2011,Canterbury,Professionals,92.5
1/03/2011,Canterbury,Sales,110.39
1/03/2011,Canterbury,Sales Workers,110.9
1/03/2011,Canterbury,Semi-Skilled,149.16
1/03/2011,Canterbury,Skilled,87.75
1/03/2011,Canterbury,SkilledIndex,106.7
1/03/2011,Canterbury,Technicians and Trades Workers,126.8
1/03/2011,Canterbury,Unskilled,117.08
1/03/2011,Canterbury,UnskilledIndex,116.7
1/03/2011,Gisborne/Hawkes Bay,Business services,121.99
1/03/2011,Gisborne/Hawkes Bay,Clerical and Administrative Workers,132.7
1/03/2011,Gisborne/Hawkes Bay,Community and Personal Service Workers,111
1/03/2011,Gisborne/Hawkes Bay,Construction,104.17
1/03/2011,Gisborne/Hawkes Bay,Education,40.41
1/03/2011,Gisborne/Hawkes Bay,Health care,121.05
1/03/2011,Gisborne/Hawkes Bay,Highly-Skilled,111.53
1/03/2011,Gisborne/Hawkes Bay,Hospitality,126.4
1/03/2011,Gisborne/Hawkes Bay,IT,133.33
1/03/2011,Gisborne/Hawkes Bay,Labourers,114.3
1/03/2011,Gisborne/Hawkes Bay,Low-Skilled,105.11
1/03/2011,Gisborne/Hawkes Bay,Machinery Operators and Drivers,104.3
1/03/2011,Gisborne/Hawkes Bay,Managers,135.9
1/03/2011,Gisborne/Hawkes Bay,Manufacturing,115.32
1/03/2011,Gisborne/Hawkes Bay,Other,86.84
1/03/2011,Gisborne/Hawkes Bay,Primary,115.87
1/03/2011,Gisborne/Hawkes Bay,Professionals,75.2
1/03/2011,Gisborne/Hawkes Bay,Sales,148.5
1/03/2011,Gisborne/Hawkes Bay,Sales Workers,126.2
1/03/2011,Gisborne/Hawkes Bay,Semi-Skilled,109.46
1/03/2011,Gisborne/Hawkes Bay,Skilled,75.14
1/03/2011,Gisborne/Hawkes Bay,SkilledIndex,97.7
1/03/2011,Gisborne/Hawkes Bay,Technicians and Trades Workers,108.9
1/03/2011,Gisborne/Hawkes Bay,Unskilled,152.8
1/03/2011,Gisborne/Hawkes Bay,UnskilledIndex,118
1/03/2011,Manawatu-Whanganui/Taranaki,Business services,132.58
1/03/2011,Manawatu-Whanganui/Taranaki,Clerical and Administrative Workers,132.1
1/03/2011,Manawatu-Whanganui/Taranaki,Community and Personal Service Workers,120.9
1/03/2011,Manawatu-Whanganui/Taranaki,Construction,108.95
1/03/2011,Manawatu-Whanganui/Taranaki,Education,56.64
1/03/2011,Manawatu-Whanganui/Taranaki,Health care,97.54
1/03/2011,Manawatu-Whanganui/Taranaki,Highly-Skilled,109.54
1/03/2011,Manawatu-Whanganui/Taranaki,Hospitality,116.54
1/03/2011,Manawatu-Whanganui/Taranaki,IT,114.12
1/03/2011,Manawatu-Whanganui/Taranaki,Labourers,131
1/03/2011,Manawatu-Whanganui/Taranaki,Low-Skilled,127.19
1/03/2011,Manawatu-Whanganui/Taranaki,Machinery Operators and Drivers,116.3
1/03/2011,Manawatu-Whanganui/Taranaki,Managers,112.9
1/03/2011,Manawatu-Whanganui/Taranaki,Manufacturing,109.57
1/03/2011,Manawatu-Whanganui/Taranaki,Other,107.28
1/03/2011,Manawatu-Whanganui/Taranaki,Primary,125.71
1/03/2011,Manawatu-Whanganui/Taranaki,Professionals,77.9
1/03/2011,Manawatu-Whanganui/Taranaki,Sales,118.55
1/03/2011,Manawatu-Whanganui/Taranaki,Sales Workers,137
1/03/2011,Manawatu-Whanganui/Taranaki,Semi-Skilled,125.64
1/03/2011,Manawatu-Whanganui/Taranaki,Skilled,73.51
1/03/2011,Manawatu-Whanganui/Taranaki,SkilledIndex,97.3
1/03/2011,Manawatu-Whanganui/Taranaki,Technicians and Trades Workers,122.1
1/03/2011,Manawatu-Whanganui/Taranaki,Unskilled,141.62
1/03/2011,Manawatu-Whanganui/Taranaki,UnskilledIndex,131.3
1/03/2011,Northland,Business services,91.54
1/03/2011,Northland,Clerical and Administrative Workers,117.4
1/03/2011,Northland,Community and Personal Service Workers,122.2
1/03/2011,Northland,Construction,169.59
1/03/2011,Northland,Education,45.21
1/03/2011,Northland,Health care,113
1/03/2011,Northland,Highly-Skilled,120.18
1/03/2011,Northland,Hospitality,124.14
1/03/2011,Northland,IT,78.57
1/03/2011,Northland,Labourers,166.7
1/03/2011,Northland,Low-Skilled,139.78
1/03/2011,Northland,Machinery Operators and Drivers,207.1
1/03/2011,Northland,Managers,99
1/03/2011,Northland,Manufacturing,121.43
1/03/2011,Northland,Other,135.29
1/03/2011,Northland,Primary,166.67
1/03/2011,Northland,Professionals,90.5
1/03/2011,Northland,Sales,121.54
1/03/2011,Northland,Sales Workers,109.8
1/03/2011,Northland,Semi-Skilled,106.52
1/03/2011,Northland,Skilled,60.56
1/03/2011,Northland,SkilledIndex,94.4
1/03/2011,Northland,Technicians and Trades Workers,114.3
1/03/2011,Northland,Unskilled,155.71
1/03/2011,Northland,UnskilledIndex,144.1
1/03/2011,Otago/Southland,Business services,131.51
1/03/2011,Otago/Southland,Clerical and Administrative Workers,131.5
1/03/2011,Otago/Southland,Community and Personal Service Workers,135.1
1/03/2011,Otago/Southland,Construction,140.3
1/03/2011,Otago/Southland,Education,45.74
1/03/2011,Otago/Southland,Health care,123.03
1/03/2011,Otago/Southland,Highly-Skilled,119.44
1/03/2011,Otago/Southland,Hospitality,113.01
1/03/2011,Otago/Southland,IT,91.4
1/03/2011,Otago/Southland,Labourers,114.4
1/03/2011,Otago/Southland,Low-Skilled,112.03
1/03/2011,Otago/Southland,Machinery Operators and Drivers,89.1
1/03/2011,Otago/Southland,Managers,112
1/03/2011,Otago/Southland,Manufacturing,74.38
1/03/2011,Otago/Southland,Other,117.86
1/03/2011,Otago/Southland,Primary,111.01
1/03/2011,Otago/Southland,Professionals,92.4
1/03/2011,Otago/Southland,Sales,119.73
1/03/2011,Otago/Southland,Sales Workers,120.3
1/03/2011,Otago/Southland,Semi-Skilled,142.65
1/03/2011,Otago/Southland,Skilled,76.95
1/03/2011,Otago/Southland,SkilledIndex,107.4
1/03/2011,Otago/Southland,Technicians and Trades Workers,115.9
1/03/2011,Otago/Southland,Unskilled,124.65
1/03/2011,Otago/Southland,UnskilledIndex,116
1/03/2011,Tasman/Nelson/Marlborough/West Coast,Business services,109.77
1/03/2011,Tasman/Nelson/Marlborough/West Coast,Clerical and Administrative Workers,136.1
1/03/2011,Tasman/Nelson/Marlborough/West Coast,Community and Personal Service Workers,115.5
1/03/2011,Tasman/Nelson/Marlborough/West Coast,Construction,118.22
1/03/2011,Tasman/Nelson/Marlborough/West Coast,Education,32.61
1/03/2011,Tasman/Nelson/Marlborough/West Coast,Health care,124.59
1/03/2011,Tasman/Nelson/Marlborough/West Coast,Highly-Skilled,105.99
1/03/2011,Tasman/Nelson/Marlborough/West Coast,Hospitality,108.39
1/03/2011,Tasman/Nelson/Marlborough/West Coast,IT,119.23
1/03/2011,Tasman/Nelson/Marlborough/West Coast,Labourers,119.7
1/03/2011,Tasman/Nelson/Marlborough/West Coast,Low-Skilled,119.38
1/03/2011,Tasman/Nelson/Marlborough/West Coast,Machinery Operators and Drivers,115.4
1/03/2011,Tasman/Nelson/Marlborough/West Coast,Managers,123
1/03/2011,Tasman/Nelson/Marlborough/West Coast,Manufacturing,139.13
1/03/2011,Tasman/Nelson/Marlborough/West Coast,Other,96.05
1/03/2011,Tasman/Nelson/Marlborough/West Coast,Primary,130.11
1/03/2011,Tasman/Nelson/Marlborough/West Coast,Professionals,72.1
1/03/2011,Tasman/Nelson/Marlborough/West Coast,Sales,135.27
1/03/2011,Tasman/Nelson/Marlborough/West Coast,Sales Workers,144
1/03/2011,Tasman/Nelson/Marlborough/West Coast,Semi-Skilled,129.66
1/03/2011,Tasman/Nelson/Marlborough/West Coast,Skilled,74.81
1/03/2011,Tasman/Nelson/Marlborough/West Coast,SkilledIndex,95.5
1/03/2011,Tasman/Nelson/Marlborough/West Coast,Technicians and Trades Workers,109.3
1/03/2011,Tasman/Nelson/Marlborough/West Coast,Unskilled,144.27
1/03/2011,Tasman/Nelson/Marlborough/West Coast,UnskilledIndex,126.8
1/03/2011,Totals,Auckland,117.41
1/03/2011,Totals,Bay of Plenty,122.62
1/03/2011,Totals,Business services,124.55
1/03/2011,Totals,Canterbury,109.49
1/03/2011,Totals,Clerical and Administrative Workers,127.8
1/03/2011,Totals,Community and Personal Service Workers,131.6
1/03/2011,Totals,Construction,122.53
1/03/2011,Totals,Education,56.81
1/03/2011,Totals,Gisborne/Hawkes Bay,106.27
1/03/2011,Totals,Health care,113.61
1/03/2011,Totals,Highly-Skilled,115.01
1/03/2011,Totals,Hospitality,123.75
1/03/2011,Totals,IT,114.37
1/03/2011,Totals,Labourers,141.6
1/03/2011,Totals,Low-Skilled,125.24
1/03/2011,Totals,Machinery Operators and Drivers,113.4
1/03/2011,Totals,Managers,116.8
1/03/2011,Totals,Manawatu-Whanganui/Taranaki,105.22
1/03/2011,Totals,Manufacturing,120.97
1/03/2011,Totals,Northland,108.46
1/03/2011,Totals,Otago/Southland,109.41
1/03/2011,Totals,Other,123.45
1/03/2011,Totals,Primary,130.63
1/03/2011,Totals,Professionals,101.4
1/03/2011,Totals,Sales,125.08
1/03/2011,Totals,Sales Workers,130.6
1/03/2011,Totals,Semi-Skilled,135.83
1/03/2011,Totals,Skilled,94.18
1/03/2011,Totals,SkilledIndex,111.5
1/03/2011,Totals,Tasman/Nelson/Marlborough/West Coast,106.51
1/03/2011,Totals,Technicians and Trades Workers,124.6
1/03/2011,Totals,TotalsIndex,115.99
1/03/2011,Totals,Unskilled,134.8
1/03/2011,Totals,UnskilledIndex,127.6
1/03/2011,Totals,Waikato,114.61
1/03/2011,Totals,Wellington,122.73
1/03/2011,Waikato,Business services,122.12
1/03/2011,Waikato,Clerical and Administrative Workers,134
1/03/2011,Waikato,Community and Personal Service Workers,138.2
1/03/2011,Waikato,Construction,126.02
1/03/2011,Waikato,Education,48.39
1/03/2011,Waikato,Health care,115.29
1/03/2011,Waikato,Highly-Skilled,114.33
1/03/2011,Waikato,Hospitality,116.52
1/03/2011,Waikato,IT,164.32
1/03/2011,Waikato,Labourers,139.7
1/03/2011,Waikato,Low-Skilled,126.24
1/03/2011,Waikato,Machinery Operators and Drivers,100
1/03/2011,Waikato,Managers,116.1
1/03/2011,Waikato,Manufacturing,121.22
1/03/2011,Waikato,Other,113.23
1/03/2011,Waikato,Primary,134.74
1/03/2011,Waikato,Professionals,92.6
1/03/2011,Waikato,Sales,121.36
1/03/2011,Waikato,Sales Workers,132.5
1/03/2011,Waikato,Semi-Skilled,130.03
1/03/2011,Waikato,Skilled,89.53
1/03/2011,Waikato,SkilledIndex,108.3
1/03/2011,Waikato,Technicians and Trades Workers,124.8
1/03/2011,Waikato,Unskilled,129.61
1/03/2011,Waikato,UnskilledIndex,127.2
1/03/2011,Wellington,Business services,142.35
1/03/2011,Wellington,Clerical and Administrative Workers,146.9
1/03/2011,Wellington,Community and Personal Service Workers,150.5
1/03/2011,Wellington,Construction,120.14
1/03/2011,Wellington,Education,67.54
1/03/2011,Wellington,Health care,105.04
1/03/2011,Wellington,Highly-Skilled,116.34
1/03/2011,Wellington,Hospitality,157.14
1/03/2011,Wellington,IT,111.47
1/03/2011,Wellington,Labourers,167.9
1/03/2011,Wellington,Low-Skilled,145.6
1/03/2011,Wellington,Machinery Operators and Drivers,121.6
1/03/2011,Wellington,Managers,119.7
1/03/2011,Wellington,Manufacturing,129.97
1/03/2011,Wellington,Other,131.09
1/03/2011,Wellington,Primary,137.31
1/03/2011,Wellington,Professionals,106.9
1/03/2011,Wellington,Sales,133.46
1/03/2011,Wellington,Sales Workers,143.6
1/03/2011,Wellington,Semi-Skilled,127.42
1/03/2011,Wellington,Skilled,106.74
1/03/2011,Wellington,SkilledIndex,115
1/03/2011,Wellington,Technicians and Trades Workers,120.8
1/03/2011,Wellington,Unskilled,151.88
1/03/2011,Wellington,UnskilledIndex,147.2
1/06/2011,Auckland,Business services,136.33
1/06/2011,Auckland,Clerical and Administrative Workers,134.2
1/06/2011,Auckland,Community and Personal Service Workers,138.7
1/06/2011,Auckland,Construction,121.46
1/06/2011,Auckland,Education,65.24
1/06/2011,Auckland,Health care,111.95
1/06/2011,Auckland,Highly-Skilled,123.42
1/06/2011,Auckland,Hospitality,121.14
1/06/2011,Auckland,IT,127.82
1/06/2011,Auckland,Labourers,123
1/06/2011,Auckland,Low-Skilled,134.96
1/06/2011,Auckland,Machinery Operators and Drivers,101
1/06/2011,Auckland,Managers,122
1/06/2011,Auckland,Manufacturing,110.44
1/06/2011,Auckland,Other,131.52
1/06/2011,Auckland,Primary,114.29
1/06/2011,Auckland,Professionals,114.9
1/06/2011,Auckland,Sales,136.21
1/06/2011,Auckland,Sales Workers,157.8
1/06/2011,Auckland,Semi-Skilled,139.5
1/06/2011,Auckland,Skilled,104.44
1/06/2011,Auckland,SkilledIndex,120.6
1/06/2011,Auckland,Technicians and Trades Workers,128.7
1/06/2011,Auckland,Unskilled,135.67
1/06/2011,Auckland,UnskilledIndex,135.1
1/06/2011,Bay of Plenty,Business services,140.38
1/06/2011,Bay of Plenty,Clerical and Administrative Workers,139.6
1/06/2011,Bay of Plenty,Community and Personal Service Workers,107.4
1/06/2011,Bay of Plenty,Construction,118.95
1/06/2011,Bay of Plenty,Education,48.52
1/06/2011,Bay of Plenty,Health care,149.07
1/06/2011,Bay of Plenty,Highly-Skilled,126.29
1/06/2011,Bay of Plenty,Hospitality,81.77
1/06/2011,Bay of Plenty,IT,104.82
1/06/2011,Bay of Plenty,Labourers,119.4
1/06/2011,Bay of Plenty,Low-Skilled,119.74
1/06/2011,Bay of Plenty,Machinery Operators and Drivers,90.6
1/06/2011,Bay of Plenty,Managers,120
1/06/2011,Bay of Plenty,Manufacturing,141.18
1/06/2011,Bay of Plenty,Other,113.46
1/06/2011,Bay of Plenty,Primary,195.45
1/06/2011,Bay of Plenty,Professionals,97.7
1/06/2011,Bay of Plenty,Sales,128.65
1/06/2011,Bay of Plenty,Sales Workers,124.6
1/06/2011,Bay of Plenty,Semi-Skilled,146.46
1/06/2011,Bay of Plenty,Skilled,84.99
1/06/2011,Bay of Plenty,SkilledIndex,113.9
1/06/2011,Bay of Plenty,Technicians and Trades Workers,129
1/06/2011,Bay of Plenty,Unskilled,104.96
1/06/2011,Bay of Plenty,UnskilledIndex,115.4
1/06/2011,Canterbury,Business services,146.13
1/06/2011,Canterbury,Clerical and Administrative Workers,142.5
1/06/2011,Canterbury,Community and Personal Service Workers,127.7
1/06/2011,Canterbury,Construction,190.22
1/06/2011,Canterbury,Education,51.29
1/06/2011,Canterbury,Health care,164.38
1/06/2011,Canterbury,Highly-Skilled,145.98
1/06/2011,Canterbury,Hospitality,90.38
1/06/2011,Canterbury,IT,130.9
1/06/2011,Canterbury,Labourers,176.5
1/06/2011,Canterbury,Low-Skilled,143.42
1/06/2011,Canterbury,Machinery Operators and Drivers,158.4
1/06/2011,Canterbury,Managers,134.3
1/06/2011,Canterbury,Manufacturing,185.61
1/06/2011,Canterbury,Other,132.56
1/06/2011,Canterbury,Primary,149.38
1/06/2011,Canterbury,Professionals,127.1
1/06/2011,Canterbury,Sales,123.41
1/06/2011,Canterbury,Sales Workers,122.7
1/06/2011,Canterbury,Semi-Skilled,205.09
1/06/2011,Canterbury,Skilled,106.54
1/06/2011,Canterbury,SkilledIndex,141.8
1/06/2011,Canterbury,Technicians and Trades Workers,177.6
1/06/2011,Canterbury,Unskilled,129.49
1/06/2011,Canterbury,UnskilledIndex,139.3
1/06/2011,Gisborne/Hawkes Bay,Business services,118.44
1/06/2011,Gisborne/Hawkes Bay,Clerical and Administrative Workers,124.8
1/06/2011,Gisborne/Hawkes Bay,Community and Personal Service Workers,96.3
1/06/2011,Gisborne/Hawkes Bay,Construction,120.45
1/06/2011,Gisborne/Hawkes Bay,Education,39.18
1/06/2011,Gisborne/Hawkes Bay,Health care,118.05
1/06/2011,Gisborne/Hawkes Bay,Highly-Skilled,134.74
1/06/2011,Gisborne/Hawkes Bay,Hospitality,66.4
1/06/2011,Gisborne/Hawkes Bay,IT,159.26
1/06/2011,Gisborne/Hawkes Bay,Labourers,83.1
1/06/2011,Gisborne/Hawkes Bay,Low-Skilled,92.5
1/06/2011,Gisborne/Hawkes Bay,Machinery Operators and Drivers,88.4
1/06/2011,Gisborne/Hawkes Bay,Managers,146.9
1/06/2011,Gisborne/Hawkes Bay,Manufacturing,111.29
1/06/2011,Gisborne/Hawkes Bay,Other,101.32
1/06/2011,Gisborne/Hawkes Bay,Primary,111.11
1/06/2011,Gisborne/Hawkes Bay,Professionals,91.1
1/06/2011,Gisborne/Hawkes Bay,Sales,147.5
1/06/2011,Gisborne/Hawkes Bay,Sales Workers,92.9
1/06/2011,Gisborne/Hawkes Bay,Semi-Skilled,101.35
1/06/2011,Gisborne/Hawkes Bay,Skilled,66.95
1/06/2011,Gisborne/Hawkes Bay,SkilledIndex,104.5
1/06/2011,Gisborne/Hawkes Bay,Technicians and Trades Workers,90.5
1/06/2011,Gisborne/Hawkes Bay,Unskilled,98.4
1/06/2011,Gisborne/Hawkes Bay,UnskilledIndex,94.1
1/06/2011,Manawatu-Whanganui/Taranaki,Business services,141.95
1/06/2011,Manawatu-Whanganui/Taranaki,Clerical and Administrative Workers,128.3
1/06/2011,Manawatu-Whanganui/Taranaki,Community and Personal Service Workers,108.1
1/06/2011,Manawatu-Whanganui/Taranaki,Construction,116
1/06/2011,Manawatu-Whanganui/Taranaki,Education,55.56
1/06/2011,Manawatu-Whanganui/Taranaki,Health care,108.42
1/06/2011,Manawatu-Whanganui/Taranaki,Highly-Skilled,118.45
1/06/2011,Manawatu-Whanganui/Taranaki,Hospitality,100
1/06/2011,Manawatu-Whanganui/Taranaki,IT,160
1/06/2011,Manawatu-Whanganui/Taranaki,Labourers,133.3
1/06/2011,Manawatu-Whanganui/Taranaki,Low-Skilled,119.92
1/06/2011,Manawatu-Whanganui/Taranaki,Machinery Operators and Drivers,105.8
1/06/2011,Manawatu-Whanganui/Taranaki,Managers,111.9
1/06/2011,Manawatu-Whanganui/Taranaki,Manufacturing,105.22
1/06/2011,Manawatu-Whanganui/Taranaki,Other,103.31
1/06/2011,Manawatu-Whanganui/Taranaki,Primary,100
1/06/2011,Manawatu-Whanganui/Taranaki,Professionals,88
1/06/2011,Manawatu-Whanganui/Taranaki,Sales,112.05
1/06/2011,Manawatu-Whanganui/Taranaki,Sales Workers,110.4
1/06/2011,Manawatu-Whanganui/Taranaki,Semi-Skilled,125.12
1/06/2011,Manawatu-Whanganui/Taranaki,Skilled,74.8
1/06/2011,Manawatu-Whanganui/Taranaki,SkilledIndex,102.1
1/06/2011,Manawatu-Whanganui/Taranaki,Technicians and Trades Workers,119.9
1/06/2011,Manawatu-Whanganui/Taranaki,Unskilled,108.65
1/06/2011,Manawatu-Whanganui/Taranaki,UnskilledIndex,116.7
1/06/2011,Northland,Business services,106.92
1/06/2011,Northland,Clerical and Administrative Workers,120.4
1/06/2011,Northland,Community and Personal Service Workers,164
1/06/2011,Northland,Construction,135.81
1/06/2011,Northland,Education,45.66
1/06/2011,Northland,Health care,125.24
1/06/2011,Northland,Highly-Skilled,135.53
1/06/2011,Northland,Hospitality,74.14
1/06/2011,Northland,IT,114.29
1/06/2011,Northland,Labourers,126.2
1/06/2011,Northland,Low-Skilled,137.2
1/06/2011,Northland,Machinery Operators and Drivers,108.1
1/06/2011,Northland,Managers,158.4
1/06/2011,Northland,Manufacturing,137.5
1/06/2011,Northland,Other,223.53
1/06/2011,Northland,Primary,161.54
1/06/2011,Northland,Professionals,86.4
1/06/2011,Northland,Sales,128.46
1/06/2011,Northland,Sales Workers,103.3
1/06/2011,Northland,Semi-Skilled,108.7
1/06/2011,Northland,Skilled,57.97
1/06/2011,Northland,SkilledIndex,100.8
1/06/2011,Northland,Technicians and Trades Workers,101.6
1/06/2011,Northland,Unskilled,105.71
1/06/2011,Northland,UnskilledIndex,128.7
1/06/2011,Otago/Southland,Business services,134.25
1/06/2011,Otago/Southland,Clerical and Administrative Workers,124.9
1/06/2011,Otago/Southland,Community and Personal Service Workers,139
1/06/2011,Otago/Southland,Construction,144.58
1/06/2011,Otago/Southland,Education,46.37
1/06/2011,Otago/Southland,Health care,128.02
1/06/2011,Otago/Southland,Highly-Skilled,119.42
1/06/2011,Otago/Southland,Hospitality,96.34
1/06/2011,Otago/Southland,IT,80.65
1/06/2011,Otago/Southland,Labourers,116.5
1/06/2011,Otago/Southland,Low-Skilled,109.92
1/06/2011,Otago/Southland,Machinery Operators and Drivers,71.3
1/06/2011,Otago/Southland,Managers,101.5
1/06/2011,Otago/Southland,Manufacturing,95.63
1/06/2011,Otago/Southland,Other,135.71
1/06/2011,Otago/Southland,Primary,111.93
1/06/2011,Otago/Southland,Professionals,93.8
1/06/2011,Otago/Southland,Sales,109.3
1/06/2011,Otago/Southland,Sales Workers,118.5
1/06/2011,Otago/Southland,Semi-Skilled,149.51
1/06/2011,Otago/Southland,Skilled,72.12
1/06/2011,Otago/Southland,SkilledIndex,106.6
1/06/2011,Otago/Southland,Technicians and Trades Workers,120.5
1/06/2011,Otago/Southland,Unskilled,118.6
1/06/2011,Otago/Southland,UnskilledIndex,112.6
1/06/2011,Tasman/Nelson/Marlborough/West Coast,Business services,105.17
1/06/2011,Tasman/Nelson/Marlborough/West Coast,Clerical and Administrative Workers,110.1
1/06/2011,Tasman/Nelson/Marlborough/West Coast,Community and Personal Service Workers,109
1/06/2011,Tasman/Nelson/Marlborough/West Coast,Construction,147.88
1/06/2011,Tasman/Nelson/Marlborough/West Coast,Education,33.04
1/06/2011,Tasman/Nelson/Marlborough/West Coast,Health care,164.43
1/06/2011,Tasman/Nelson/Marlborough/West Coast,Highly-Skilled,123.1
1/06/2011,Tasman/Nelson/Marlborough/West Coast,Hospitality,65.81
1/06/2011,Tasman/Nelson/Marlborough/West Coast,IT,146.15
1/06/2011,Tasman/Nelson/Marlborough/West Coast,Labourers,102.9
1/06/2011,Tasman/Nelson/Marlborough/West Coast,Low-Skilled,99.72
1/06/2011,Tasman/Nelson/Marlborough/West Coast,Machinery Operators and Drivers,93.4
1/06/2011,Tasman/Nelson/Marlborough/West Coast,Managers,122.5
1/06/2011,Tasman/Nelson/Marlborough/West Coast,Manufacturing,116.3
1/06/2011,Tasman/Nelson/Marlborough/West Coast,Other,96.05
1/06/2011,Tasman/Nelson/Marlborough/West Coast,Primary,113.98
1/06/2011,Tasman/Nelson/Marlborough/West Coast,Professionals,79.4
1/06/2011,Tasman/Nelson/Marlborough/West Coast,Sales,99.11
1/06/2011,Tasman/Nelson/Marlborough/West Coast,Sales Workers,95.7
1/06/2011,Tasman/Nelson/Marlborough/West Coast,Semi-Skilled,148.31
1/06/2011,Tasman/Nelson/Marlborough/West Coast,Skilled,61.55
1/06/2011,Tasman/Nelson/Marlborough/West Coast,SkilledIndex,99.9
1/06/2011,Tasman/Nelson/Marlborough/West Coast,Technicians and Trades Workers,116.4
1/06/2011,Tasman/Nelson/Marlborough/West Coast,Unskilled,98.44
1/06/2011,Tasman/Nelson/Marlborough/West Coast,UnskilledIndex,99.3
1/06/2011,Totals,Auckland,123.77
1/06/2011,Totals,Bay of Plenty,115.02
1/06/2011,Totals,Business services,137.59
1/06/2011,Totals,Canterbury,139.77
1/06/2011,Totals,Clerical and Administrative Workers,136.6
1/06/2011,Totals,Community and Personal Service Workers,132.6
1/06/2011,Totals,Construction,134.26
1/06/2011,Totals,Education,55.04
1/06/2011,Totals,Gisborne/Hawkes Bay,101.78
1/06/2011,Totals,Health care,124.6
1/06/2011,Totals,Highly-Skilled,124.55
1/06/2011,Totals,Hospitality,108.18
1/06/2011,Totals,IT,126.1
1/06/2011,Totals,Labourers,132.5
1/06/2011,Totals,Low-Skilled,132.85
1/06/2011,Totals,Machinery Operators and Drivers,108.7
1/06/2011,Totals,Managers,120.8
1/06/2011,Totals,Manawatu-Whanganui/Taranaki,106.04
1/06/2011,Totals,Manufacturing,122.39
1/06/2011,Totals,Northland,109.6
1/06/2011,Totals,Otago/Southland,108.33
1/06/2011,Totals,Other,124.15
1/06/2011,Totals,Primary,131.63
1/06/2011,Totals,Professionals,112.1
1/06/2011,Totals,Sales,128.84
1/06/2011,Totals,Sales Workers,139.5
1/06/2011,Totals,Semi-Skilled,147.39
1/06/2011,Totals,Skilled,95.37
1/06/2011,Totals,SkilledIndex,119.1
1/06/2011,Totals,Tasman/Nelson/Marlborough/West Coast,100.04
1/06/2011,Totals,Technicians and Trades Workers,134.1
1/06/2011,Totals,TotalsIndex,122.25
1/06/2011,Totals,Unskilled,127.13
1/06/2011,Totals,UnskilledIndex,131.4
1/06/2011,Totals,Waikato,119.44
1/06/2011,Totals,Wellington,122.19
1/06/2011,Waikato,Business services,128.17
1/06/2011,Waikato,Clerical and Administrative Workers,146.8
1/06/2011,Waikato,Community and Personal Service Workers,144.2
1/06/2011,Waikato,Construction,135.86
1/06/2011,Waikato,Education,48.82
1/06/2011,Waikato,Health care,127.06
1/06/2011,Waikato,Highly-Skilled,118.44
1/06/2011,Waikato,Hospitality,111.61
1/06/2011,Waikato,IT,131.66
1/06/2011,Waikato,Labourers,135.3
1/06/2011,Waikato,Low-Skilled,141.23
1/06/2011,Waikato,Machinery Operators and Drivers,117.5
1/06/2011,Waikato,Managers,118.5
1/06/2011,Waikato,Manufacturing,132.15
1/06/2011,Waikato,Other,126.98
1/06/2011,Waikato,Primary,150.53
1/06/2011,Waikato,Professionals,91.9
1/06/2011,Waikato,Sales,129.24
1/06/2011,Waikato,Sales Workers,131.8
1/06/2011,Waikato,Semi-Skilled,145.21
1/06/2011,Waikato,Skilled,88.22
1/06/2011,Waikato,SkilledIndex,112.1
1/06/2011,Waikato,Technicians and Trades Workers,145.4
1/06/2011,Waikato,Unskilled,125.66
1/06/2011,Waikato,UnskilledIndex,136.7
1/06/2011,Wellington,Business services,143.67
1/06/2011,Wellington,Clerical and Administrative Workers,140.3
1/06/2011,Wellington,Community and Personal Service Workers,141.9
1/06/2011,Wellington,Construction,115.06
1/06/2011,Wellington,Education,58.63
1/06/2011,Wellington,Health care,126.92
1/06/2011,Wellington,Highly-Skilled,119.37
1/06/2011,Wellington,Hospitality,140.57
1/06/2011,Wellington,IT,122.72
1/06/2011,Wellington,Labourers,129.7
1/06/2011,Wellington,Low-Skilled,138.89
1/06/2011,Wellington,Machinery Operators and Drivers,97.9
1/06/2011,Wellington,Managers,112.9
1/06/2011,Wellington,Manufacturing,103.54
1/06/2011,Wellington,Other,118.31
1/06/2011,Wellington,Primary,147.76
1/06/2011,Wellington,Professionals,114.2
1/06/2011,Wellington,Sales,122.82
1/06/2011,Wellington,Sales Workers,150.7
1/06/2011,Wellington,Semi-Skilled,130.87
1/06/2011,Wellington,Skilled,106.54
1/06/2011,Wellington,SkilledIndex,117.4
1/06/2011,Wellington,Technicians and Trades Workers,125.5
1/06/2011,Wellington,Unskilled,134.76
1/06/2011,Wellington,UnskilledIndex,137.8
1/09/2011,Auckland,Business services,137.09
1/09/2011,Auckland,Clerical and Administrative Workers,137.8
1/09/2011,Auckland,Community and Personal Service Workers,156.6
1/09/2011,Auckland,Construction,129.92
1/09/2011,Auckland,Education,66.7
1/09/2011,Auckland,Health care,118.45
1/09/2011,Auckland,Highly-Skilled,125.72
1/09/2011,Auckland,Hospitality,145.52
1/09/2011,Auckland,IT,129.11
1/09/2011,Auckland,Labourers,132.8
1/09/2011,Auckland,Low-Skilled,139.26
1/09/2011,Auckland,Machinery Operators and Drivers,118
1/09/2011,Auckland,Managers,129.6
1/09/2011,Auckland,Manufacturing,122.93
1/09/2011,Auckland,Other,127.58
1/09/2011,Auckland,Primary,123.13
1/09/2011,Auckland,Professionals,115.5
1/09/2011,Auckland,Sales,137.96
1/09/2011,Auckland,Sales Workers,153.6
1/09/2011,Auckland,Semi-Skilled,144.04
1/09/2011,Auckland,Skilled,113.37
1/09/2011,Auckland,SkilledIndex,124.4
1/09/2011,Auckland,Technicians and Trades Workers,138.2
1/09/2011,Auckland,Unskilled,145.52
1/09/2011,Auckland,UnskilledIndex,140.6
1/09/2011,Bay of Plenty,Business services,123.02
1/09/2011,Bay of Plenty,Clerical and Administrative Workers,125.2
1/09/2011,Bay of Plenty,Community and Personal Service Workers,123.5
1/09/2011,Bay of Plenty,Construction,152.28
1/09/2011,Bay of Plenty,Education,74.75
1/09/2011,Bay of Plenty,Health care,119.5
1/09/2011,Bay of Plenty,Highly-Skilled,128.06
1/09/2011,Bay of Plenty,Hospitality,110.84
1/09/2011,Bay of Plenty,IT,110.84
1/09/2011,Bay of Plenty,Labourers,118.4
1/09/2011,Bay of Plenty,Low-Skilled,120.71
1/09/2011,Bay of Plenty,Machinery Operators and Drivers,140.6
1/09/2011,Bay of Plenty,Managers,125.3
1/09/2011,Bay of Plenty,Manufacturing,142.78
1/09/2011,Bay of Plenty,Other,139.42
1/09/2011,Bay of Plenty,Primary,209.09
1/09/2011,Bay of Plenty,Professionals,109.2
1/09/2011,Bay of Plenty,Sales,132.7
1/09/2011,Bay of Plenty,Sales Workers,122.4
1/09/2011,Bay of Plenty,Semi-Skilled,155.05
1/09/2011,Bay of Plenty,Skilled,105.36
1/09/2011,Bay of Plenty,SkilledIndex,123.5
1/09/2011,Bay of Plenty,Technicians and Trades Workers,140.9
1/09/2011,Bay of Plenty,Unskilled,122.11
1/09/2011,Bay of Plenty,UnskilledIndex,121.1
1/09/2011,Canterbury,Business services,167.36
1/09/2011,Canterbury,Clerical and Administrative Workers,156.7
1/09/2011,Canterbury,Community and Personal Service Workers,147.2
1/09/2011,Canterbury,Construction,201.32
1/09/2011,Canterbury,Education,73.06
1/09/2011,Canterbury,Health care,184.41
1/09/2011,Canterbury,Highly-Skilled,153.04
1/09/2011,Canterbury,Hospitality,106.77
1/09/2011,Canterbury,IT,139.75
1/09/2011,Canterbury,Labourers,190.6
1/09/2011,Canterbury,Low-Skilled,167.92
1/09/2011,Canterbury,Machinery Operators and Drivers,245.9
1/09/2011,Canterbury,Managers,140.6
1/09/2011,Canterbury,Manufacturing,238.9
1/09/2011,Canterbury,Other,165.58
1/09/2011,Canterbury,Primary,172.22
1/09/2011,Canterbury,Professionals,136.9
1/09/2011,Canterbury,Sales,138.22
1/09/2011,Canterbury,Sales Workers,153.1
1/09/2011,Canterbury,Semi-Skilled,231.52
1/09/2011,Canterbury,Skilled,125.19
1/09/2011,Canterbury,SkilledIndex,154.8
1/09/2011,Canterbury,Technicians and Trades Workers,197.1
1/09/2011,Canterbury,Unskilled,156.64
1/09/2011,Canterbury,UnskilledIndex,164.6
1/09/2011,Gisborne/Hawkes Bay,Business services,114.18
1/09/2011,Gisborne/Hawkes Bay,Clerical and Administrative Workers,136.3
1/09/2011,Gisborne/Hawkes Bay,Community and Personal Service Workers,100.7
1/09/2011,Gisborne/Hawkes Bay,Construction,136.36
1/09/2011,Gisborne/Hawkes Bay,Education,45.71
1/09/2011,Gisborne/Hawkes Bay,Health care,101.86
1/09/2011,Gisborne/Hawkes Bay,Highly-Skilled,122.98
1/09/2011,Gisborne/Hawkes Bay,Hospitality,85.6
1/09/2011,Gisborne/Hawkes Bay,IT,129.63
1/09/2011,Gisborne/Hawkes Bay,Labourers,97.5
1/09/2011,Gisborne/Hawkes Bay,Low-Skilled,97.93
1/09/2011,Gisborne/Hawkes Bay,Machinery Operators and Drivers,92.8
1/09/2011,Gisborne/Hawkes Bay,Managers,144.2
1/09/2011,Gisborne/Hawkes Bay,Manufacturing,108.87
1/09/2011,Gisborne/Hawkes Bay,Other,102.63
1/09/2011,Gisborne/Hawkes Bay,Primary,149.21
1/09/2011,Gisborne/Hawkes Bay,Professionals,85.7
1/09/2011,Gisborne/Hawkes Bay,Sales,154.5
1/09/2011,Gisborne/Hawkes Bay,Sales Workers,112.7
1/09/2011,Gisborne/Hawkes Bay,Semi-Skilled,122.3
1/09/2011,Gisborne/Hawkes Bay,Skilled,84.7
1/09/2011,Gisborne/Hawkes Bay,SkilledIndex,108.7
1/09/2011,Gisborne/Hawkes Bay,Technicians and Trades Workers,117.7
1/09/2011,Gisborne/Hawkes Bay,Unskilled,120.8
1/09/2011,Gisborne/Hawkes Bay,UnskilledIndex,104.1
1/09/2011,Manawatu-Whanganui/Taranaki,Business services,120.97
1/09/2011,Manawatu-Whanganui/Taranaki,Clerical and Administrative Workers,127.8
1/09/2011,Manawatu-Whanganui/Taranaki,Community and Personal Service Workers,129.1
1/09/2011,Manawatu-Whanganui/Taranaki,Construction,129.14
1/09/2011,Manawatu-Whanganui/Taranaki,Education,53.12
1/09/2011,Manawatu-Whanganui/Taranaki,Health care,107.1
1/09/2011,Manawatu-Whanganui/Taranaki,Highly-Skilled,124.62
1/09/2011,Manawatu-Whanganui/Taranaki,Hospitality,118.8
1/09/2011,Manawatu-Whanganui/Taranaki,IT,117.65
1/09/2011,Manawatu-Whanganui/Taranaki,Labourers,116.7
1/09/2011,Manawatu-Whanganui/Taranaki,Low-Skilled,133.01
1/09/2011,Manawatu-Whanganui/Taranaki,Machinery Operators and Drivers,126.9
1/09/2011,Manawatu-Whanganui/Taranaki,Managers,115.4
1/09/2011,Manawatu-Whanganui/Taranaki,Manufacturing,110.87
1/09/2011,Manawatu-Whanganui/Taranaki,Other,154.97
1/09/2011,Manawatu-Whanganui/Taranaki,Primary,155.71
1/09/2011,Manawatu-Whanganui/Taranaki,Professionals,95.8
1/09/2011,Manawatu-Whanganui/Taranaki,Sales,131.33
1/09/2011,Manawatu-Whanganui/Taranaki,Sales Workers,134.7
1/09/2011,Manawatu-Whanganui/Taranaki,Semi-Skilled,141.31
1/09/2011,Manawatu-Whanganui/Taranaki,Skilled,79.51
1/09/2011,Manawatu-Whanganui/Taranaki,SkilledIndex,108.9
1/09/2011,Manawatu-Whanganui/Taranaki,Technicians and Trades Workers,131.3
1/09/2011,Manawatu-Whanganui/Taranaki,Unskilled,126.86
1/09/2011,Manawatu-Whanganui/Taranaki,UnskilledIndex,131.3
1/09/2011,Northland,Business services,113.85
1/09/2011,Northland,Clerical and Administrative Workers,146.5
1/09/2011,Northland,Community and Personal Service Workers,183.2
1/09/2011,Northland,Construction,172.97
1/09/2011,Northland,Education,45.21
1/09/2011,Northland,Health care,131.22
1/09/2011,Northland,Highly-Skilled,139.33
1/09/2011,Northland,Hospitality,122.41
1/09/2011,Northland,IT,92.86
1/09/2011,Northland,Labourers,152.4
1/09/2011,Northland,Low-Skilled,160.5
1/09/2011,Northland,Machinery Operators and Drivers,200
1/09/2011,Northland,Managers,148.5
1/09/2011,Northland,Manufacturing,158.93
1/09/2011,Northland,Other,158.82
1/09/2011,Northland,Primary,125.64
1/09/2011,Northland,Professionals,93
1/09/2011,Northland,Sales,166.15
1/09/2011,Northland,Sales Workers,119.6
1/09/2011,Northland,Semi-Skilled,115.22
1/09/2011,Northland,Skilled,67.18
1/09/2011,Northland,SkilledIndex,107.2
1/09/2011,Northland,Technicians and Trades Workers,105.6
1/09/2011,Northland,Unskilled,141.43
1/09/2011,Northland,UnskilledIndex,155.3
1/09/2011,Otago/Southland,Business services,135.27
1/09/2011,Otago/Southland,Clerical and Administrative Workers,130.5
1/09/2011,Otago/Southland,Community and Personal Service Workers,159.1
1/09/2011,Otago/Southland,Construction,153.65
1/09/2011,Otago/Southland,Education,61.2
1/09/2011,Otago/Southland,Health care,115.6
1/09/2011,Otago/Southland,Highly-Skilled,124.26
1/09/2011,Otago/Southland,Hospitality,140.24
1/09/2011,Otago/Southland,IT,81.72
1/09/2011,Otago/Southland,Labourers,111.3
1/09/2011,Otago/Southland,Low-Skilled,135.86
1/09/2011,Otago/Southland,Machinery Operators and Drivers,127.7
1/09/2011,Otago/Southland,Managers,120.8
1/09/2011,Otago/Southland,Manufacturing,139.38
1/09/2011,Otago/Southland,Other,155.95
1/09/2011,Otago/Southland,Primary,177.06
1/09/2011,Otago/Southland,Professionals,95.5
1/09/2011,Otago/Southland,Sales,121.54
1/09/2011,Otago/Southland,Sales Workers,138.7
1/09/2011,Otago/Southland,Semi-Skilled,179.41
1/09/2011,Otago/Southland,Skilled,86.99
1/09/2011,Otago/Southland,SkilledIndex,118.4
1/09/2011,Otago/Southland,Technicians and Trades Workers,150.9
1/09/2011,Otago/Southland,Unskilled,128.84
1/09/2011,Otago/Southland,UnskilledIndex,133.7
1/09/2011,Tasman/Nelson/Marlborough/West Coast,Business services,91.38
1/09/2011,Tasman/Nelson/Marlborough/West Coast,Clerical and Administrative Workers,112.9
1/09/2011,Tasman/Nelson/Marlborough/West Coast,Community and Personal Service Workers,140.9
1/09/2011,Tasman/Nelson/Marlborough/West Coast,Construction,155.93
1/09/2011,Tasman/Nelson/Marlborough/West Coast,Education,40.87
1/09/2011,Tasman/Nelson/Marlborough/West Coast,Health care,171.22
1/09/2011,Tasman/Nelson/Marlborough/West Coast,Highly-Skilled,121.95
1/09/2011,Tasman/Nelson/Marlborough/West Coast,Hospitality,132.9
1/09/2011,Tasman/Nelson/Marlborough/West Coast,IT,123.08
1/09/2011,Tasman/Nelson/Marlborough/West Coast,Labourers,118.7
1/09/2011,Tasman/Nelson/Marlborough/West Coast,Low-Skilled,116.31
1/09/2011,Tasman/Nelson/Marlborough/West Coast,Machinery Operators and Drivers,99.3
1/09/2011,Tasman/Nelson/Marlborough/West Coast,Managers,106
1/09/2011,Tasman/Nelson/Marlborough/West Coast,Manufacturing,156.52
1/09/2011,Tasman/Nelson/Marlborough/West Coast,Other,114.47
1/09/2011,Tasman/Nelson/Marlborough/West Coast,Primary,159.14
1/09/2011,Tasman/Nelson/Marlborough/West Coast,Professionals,86
1/09/2011,Tasman/Nelson/Marlborough/West Coast,Sales,102.68
1/09/2011,Tasman/Nelson/Marlborough/West Coast,Sales Workers,106
1/09/2011,Tasman/Nelson/Marlborough/West Coast,Semi-Skilled,174.58
1/09/2011,Tasman/Nelson/Marlborough/West Coast,Skilled,73.44
1/09/2011,Tasman/Nelson/Marlborough/West Coast,SkilledIndex,107.5
1/09/2011,Tasman/Nelson/Marlborough/West Coast,Technicians and Trades Workers,152.8
1/09/2011,Tasman/Nelson/Marlborough/West Coast,Unskilled,119.83
1/09/2011,Tasman/Nelson/Marlborough/West Coast,UnskilledIndex,117.4
1/09/2011,Totals,Auckland,128.2
1/09/2011,Totals,Bay of Plenty,124.7
1/09/2011,Totals,Business services,138.55
1/09/2011,Totals,Canterbury,158.51
1/09/2011,Totals,Clerical and Administrative Workers,141.5
1/09/2011,Totals,Community and Personal Service Workers,149
1/09/2011,Totals,Construction,144.64
1/09/2011,Totals,Education,64.57
1/09/2011,Totals,Gisborne/Hawkes Bay,105.16
1/09/2011,Totals,Health care,129.04
1/09/2011,Totals,Highly-Skilled,127.32
1/09/2011,Totals,Hospitality,131.25
1/09/2011,Totals,IT,125.74
1/09/2011,Totals,Labourers,138.9
1/09/2011,Totals,Low-Skilled,141.05
1/09/2011,Totals,Machinery Operators and Drivers,140.6
1/09/2011,Totals,Managers,127.5
1/09/2011,Totals,Manawatu-Whanganui/Taranaki,113.35
1/09/2011,Totals,Manufacturing,140.74
1/09/2011,Totals,Northland,121.15
1/09/2011,Totals,Otago/Southland,123.93
1/09/2011,Totals,Other,137.89
1/09/2011,Totals,Primary,156.6
1/09/2011,Totals,Professionals,116
1/09/2011,Totals,Sales,134.43
1/09/2011,Totals,Sales Workers,142.9
1/09/2011,Totals,Semi-Skilled,159.22
1/09/2011,Totals,Skilled,106.62
1/09/2011,Totals,SkilledIndex,124.9
1/09/2011,Totals,Tasman/Nelson/Marlborough/West Coast,113.2
1/09/2011,Totals,Technicians and Trades Workers,146.8
1/09/2011,Totals,TotalsIndex,129.33
1/09/2011,Totals,Unskilled,140.01
1/09/2011,Totals,UnskilledIndex,140.8
1/09/2011,Totals,Waikato,128.07
1/09/2011,Totals,Wellington,124.59
1/09/2011,Waikato,Business services,131
1/09/2011,Waikato,Clerical and Administrative Workers,149.8
1/09/2011,Waikato,Community and Personal Service Workers,154.8
1/09/2011,Waikato,Construction,140.51
1/09/2011,Waikato,Education,67.96
1/09/2011,Waikato,Health care,146.13
1/09/2011,Waikato,Highly-Skilled,127.87
1/09/2011,Waikato,Hospitality,131.7
1/09/2011,Waikato,IT,161.31
1/09/2011,Waikato,Labourers,128.7
1/09/2011,Waikato,Low-Skilled,144.67
1/09/2011,Waikato,Machinery Operators and Drivers,138.6
1/09/2011,Waikato,Managers,131.3
1/09/2011,Waikato,Manufacturing,138.59
1/09/2011,Waikato,Other,136.51
1/09/2011,Waikato,Primary,160
1/09/2011,Waikato,Professionals,103.7
1/09/2011,Waikato,Sales,125
1/09/2011,Waikato,Sales Workers,132.8
1/09/2011,Waikato,Semi-Skilled,158.75
1/09/2011,Waikato,Skilled,103.17
1/09/2011,Waikato,SkilledIndex,123.8
1/09/2011,Waikato,Technicians and Trades Workers,153.9
1/09/2011,Waikato,Unskilled,129.93
1/09/2011,Waikato,UnskilledIndex,140.3
1/09/2011,Wellington,Business services,140.05
1/09/2011,Wellington,Clerical and Administrative Workers,145.4
1/09/2011,Wellington,Community and Personal Service Workers,148
1/09/2011,Wellington,Construction,120.44
1/09/2011,Wellington,Education,72.66
1/09/2011,Wellington,Health care,131.66
1/09/2011,Wellington,Highly-Skilled,120.91
1/09/2011,Wellington,Hospitality,143.43
1/09/2011,Wellington,IT,117.58
1/09/2011,Wellington,Labourers,127
1/09/2011,Wellington,Low-Skilled,139.38
1/09/2011,Wellington,Machinery Operators and Drivers,110
1/09/2011,Wellington,Managers,118.3
1/09/2011,Wellington,Manufacturing,119.07
1/09/2011,Wellington,Other,140.05
1/09/2011,Wellington,Primary,150.75
1/09/2011,Wellington,Professionals,115.6
1/09/2011,Wellington,Sales,129.45
1/09/2011,Wellington,Sales Workers,131.7
1/09/2011,Wellington,Semi-Skilled,132.12
1/09/2011,Wellington,Skilled,112.51
1/09/2011,Wellington,SkilledIndex,119.8
1/09/2011,Wellington,Technicians and Trades Workers,126.5
1/09/2011,Wellington,Unskilled,134.1
1/09/2011,Wellington,UnskilledIndex,138
1/12/2011,Auckland,Business services,100.53
1/12/2011,Auckland,Clerical and Administrative Workers,98.8
1/12/2011,Auckland,Community and Personal Service Workers,103.3
1/12/2011,Auckland,Construction,98.29
1/12/2011,Auckland,Education,79.38
1/12/2011,Auckland,Health care,89.19
1/12/2011,Auckland,Highly-Skilled,100.52
1/12/2011,Auckland,Hospitality,99.4
1/12/2011,Auckland,IT,111.58
1/12/2011,Auckland,Labourers,108.7
1/12/2011,Auckland,Low-Skilled,102.74
1/12/2011,Auckland,Machinery Operators and Drivers,106.5
1/12/2011,Auckland,Managers,105.6
1/12/2011,Auckland,Manufacturing,98.93
1/12/2011,Auckland,Other,111.68
1/12/2011,Auckland,Primary,131.97
1/12/2011,Auckland,Professionals,96.7
1/12/2011,Auckland,Sales,104.28
1/12/2011,Auckland,Sales Workers,109.9
1/12/2011,Auckland,Semi-Skilled,101.06
1/12/2011,Auckland,Skilled,100.67
1/12/2011,Auckland,SkilledIndex,100.6
1/12/2011,Auckland,Technicians and Trades Workers,104.1
1/12/2011,Auckland,Unskilled,104.25
1/12/2011,Auckland,UnskilledIndex,103.1
1/12/2011,Bay of Plenty,Business services,115.47
1/12/2011,Bay of Plenty,Clerical and Administrative Workers,109.8
1/12/2011,Bay of Plenty,Community and Personal Service Workers,108.9
1/12/2011,Bay of Plenty,Construction,128.54
1/12/2011,Bay of Plenty,Education,84.26
1/12/2011,Bay of Plenty,Health care,102.6
1/12/2011,Bay of Plenty,Highly-Skilled,112.17
1/12/2011,Bay of Plenty,Hospitality,91.63
1/12/2011,Bay of Plenty,IT,95.18
1/12/2011,Bay of Plenty,Labourers,103.1
1/12/2011,Bay of Plenty,Low-Skilled,102.46
1/12/2011,Bay of Plenty,Machinery Operators and Drivers,95.8
1/12/2011,Bay of Plenty,Managers,105.9
1/12/2011,Bay of Plenty,Manufacturing,112.83
1/12/2011,Bay of Plenty,Other,126.92
1/12/2011,Bay of Plenty,Primary,122.73
1/12/2011,Bay of Plenty,Professionals,100.6
1/12/2011,Bay of Plenty,Sales,97.3
1/12/2011,Bay of Plenty,Sales Workers,100.5
1/12/2011,Bay of Plenty,Semi-Skilled,126.26
1/12/2011,Bay of Plenty,Skilled,96.2
1/12/2011,Bay of Plenty,SkilledIndex,108.3
1/12/2011,Bay of Plenty,Technicians and Trades Workers,115
1/12/2011,Bay of Plenty,Unskilled,93.78
1/12/2011,Bay of Plenty,UnskilledIndex,99.9
1/12/2011,Canterbury,Business services,144.93
1/12/2011,Canterbury,Clerical and Administrative Workers,133.6
1/12/2011,Canterbury,Community and Personal Service Workers,126.6
1/12/2011,Canterbury,Construction,180.57
1/12/2011,Canterbury,Education,91.32
1/12/2011,Canterbury,Health care,188.28
1/12/2011,Canterbury,Highly-Skilled,131.55
1/12/2011,Canterbury,Hospitality,98.8
1/12/2011,Canterbury,IT,113.2
1/12/2011,Canterbury,Labourers,171.2
1/12/2011,Canterbury,Low-Skilled,150.16
1/12/2011,Canterbury,Machinery Operators and Drivers,210.7
1/12/2011,Canterbury,Managers,121.8
1/12/2011,Canterbury,Manufacturing,185.26
1/12/2011,Canterbury,Other,170.23
1/12/2011,Canterbury,Primary,150.62
1/12/2011,Canterbury,Professionals,129.4
1/12/2011,Canterbury,Sales,109.69
1/12/2011,Canterbury,Sales Workers,134.6
1/12/2011,Canterbury,Semi-Skilled,200.25
1/12/2011,Canterbury,Skilled,125.19
1/12/2011,Canterbury,SkilledIndex,138.4
1/12/2011,Canterbury,Technicians and Trades Workers,174.1
1/12/2011,Canterbury,Unskilled,134.89
1/12/2011,Canterbury,UnskilledIndex,145.7
1/12/2011,Gisborne/Hawkes Bay,Business services,119.15
1/12/2011,Gisborne/Hawkes Bay,Clerical and Administrative Workers,152.2
1/12/2011,Gisborne/Hawkes Bay,Community and Personal Service Workers,110.3
1/12/2011,Gisborne/Hawkes Bay,Construction,116.29
1/12/2011,Gisborne/Hawkes Bay,Education,82.45
1/12/2011,Gisborne/Hawkes Bay,Health care,101.86
1/12/2011,Gisborne/Hawkes Bay,Highly-Skilled,108.8
1/12/2011,Gisborne/Hawkes Bay,Hospitality,107.2
1/12/2011,Gisborne/Hawkes Bay,IT,81.48
1/12/2011,Gisborne/Hawkes Bay,Labourers,86.3
1/12/2011,Gisborne/Hawkes Bay,Low-Skilled,106.56
1/12/2011,Gisborne/Hawkes Bay,Machinery Operators and Drivers,114.5
1/12/2011,Gisborne/Hawkes Bay,Managers,115.7
1/12/2011,Gisborne/Hawkes Bay,Manufacturing,116.13
1/12/2011,Gisborne/Hawkes Bay,Other,93.42
1/12/2011,Gisborne/Hawkes Bay,Primary,128.57
1/12/2011,Gisborne/Hawkes Bay,Professionals,93.2
1/12/2011,Gisborne/Hawkes Bay,Sales,123.5
1/12/2011,Gisborne/Hawkes Bay,Sales Workers,86.5
1/12/2011,Gisborne/Hawkes Bay,Semi-Skilled,97.97
1/12/2011,Gisborne/Hawkes Bay,Skilled,104.27
1/12/2011,Gisborne/Hawkes Bay,SkilledIndex,105.5
1/12/2011,Gisborne/Hawkes Bay,Technicians and Trades Workers,103.1
1/12/2011,Gisborne/Hawkes Bay,Unskilled,97.6
1/12/2011,Gisborne/Hawkes Bay,UnskilledIndex,104.1
1/12/2011,Manawatu-Whanganui/Taranaki,Business services,95.51
1/12/2011,Manawatu-Whanganui/Taranaki,Clerical and Administrative Workers,86.8
1/12/2011,Manawatu-Whanganui/Taranaki,Community and Personal Service Workers,114
1/12/2011,Manawatu-Whanganui/Taranaki,Construction,117.14
1/12/2011,Manawatu-Whanganui/Taranaki,Education,93.22
1/12/2011,Manawatu-Whanganui/Taranaki,Health care,109.7
1/12/2011,Manawatu-Whanganui/Taranaki,Highly-Skilled,109.63
1/12/2011,Manawatu-Whanganui/Taranaki,Hospitality,97.74
1/12/2011,Manawatu-Whanganui/Taranaki,IT,115.29
1/12/2011,Manawatu-Whanganui/Taranaki,Labourers,126.2
1/12/2011,Manawatu-Whanganui/Taranaki,Low-Skilled,105.39
1/12/2011,Manawatu-Whanganui/Taranaki,Machinery Operators and Drivers,103.8
1/12/2011,Manawatu-Whanganui/Taranaki,Managers,95.4
1/12/2011,Manawatu-Whanganui/Taranaki,Manufacturing,98.26
1/12/2011,Manawatu-Whanganui/Taranaki,Other,103.97
1/12/2011,Manawatu-Whanganui/Taranaki,Primary,138.57
1/12/2011,Manawatu-Whanganui/Taranaki,Professionals,102.2
1/12/2011,Manawatu-Whanganui/Taranaki,Sales,87.95
1/12/2011,Manawatu-Whanganui/Taranaki,Sales Workers,86.3
1/12/2011,Manawatu-Whanganui/Taranaki,Semi-Skilled,122.57
1/12/2011,Manawatu-Whanganui/Taranaki,Skilled,90.81
1/12/2011,Manawatu-Whanganui/Taranaki,SkilledIndex,103.8
1/12/2011,Manawatu-Whanganui/Taranaki,Technicians and Trades Workers,121.4
1/12/2011,Manawatu-Whanganui/Taranaki,Unskilled,91.68
1/12/2011,Manawatu-Whanganui/Taranaki,UnskilledIndex,101.5
1/12/2011,Northland,Business services,75.38
1/12/2011,Northland,Clerical and Administrative Workers,103.4
1/12/2011,Northland,Community and Personal Service Workers,148.6
1/12/2011,Northland,Construction,137.16
1/12/2011,Northland,Education,91.78
1/12/2011,Northland,Health care,114.87
1/12/2011,Northland,Highly-Skilled,117.26
1/12/2011,Northland,Hospitality,118.97
1/12/2011,Northland,IT,71.43
1/12/2011,Northland,Labourers,128.6
1/12/2011,Northland,Low-Skilled,117.98
1/12/2011,Northland,Machinery Operators and Drivers,166.7
1/12/2011,Northland,Managers,119.8
1/12/2011,Northland,Manufacturing,126.79
1/12/2011,Northland,Other,164.71
1/12/2011,Northland,Primary,128.21
1/12/2011,Northland,Professionals,101.7
1/12/2011,Northland,Sales,112.31
1/12/2011,Northland,Sales Workers,92.4
1/12/2011,Northland,Semi-Skilled,96.74
1/12/2011,Northland,Skilled,97.59
1/12/2011,Northland,SkilledIndex,106.8
1/12/2011,Northland,Technicians and Trades Workers,107.1
1/12/2011,Northland,Unskilled,127.14
1/12/2011,Northland,UnskilledIndex,120.5
1/12/2011,Otago/Southland,Business services,124.32
1/12/2011,Otago/Southland,Clerical and Administrative Workers,129.1
1/12/2011,Otago/Southland,Community and Personal Service Workers,146.1
1/12/2011,Otago/Southland,Construction,155.16
1/12/2011,Otago/Southland,Education,89.59
1/12/2011,Otago/Southland,Health care,114.72
1/12/2011,Otago/Southland,Highly-Skilled,107.16
1/12/2011,Otago/Southland,Hospitality,122.76
1/12/2011,Otago/Southland,IT,77.42
1/12/2011,Otago/Southland,Labourers,150.5
1/12/2011,Otago/Southland,Low-Skilled,131.43
1/12/2011,Otago/Southland,Machinery Operators and Drivers,136.6
1/12/2011,Otago/Southland,Managers,111.6
1/12/2011,Otago/Southland,Manufacturing,120.63
1/12/2011,Otago/Southland,Other,155.95
1/12/2011,Otago/Southland,Primary,149.54
1/12/2011,Otago/Southland,Professionals,99.4
1/12/2011,Otago/Southland,Sales,110.66
1/12/2011,Otago/Southland,Sales Workers,110.8
1/12/2011,Otago/Southland,Semi-Skilled,154.9
1/12/2011,Otago/Southland,Skilled,117.29
1/12/2011,Otago/Southland,SkilledIndex,117.2
1/12/2011,Otago/Southland,Technicians and Trades Workers,147.7
1/12/2011,Otago/Southland,Unskilled,123.72
1/12/2011,Otago/Southland,UnskilledIndex,129
1/12/2011,Tasman/Nelson/Marlborough/West Coast,Business services,104.6
1/12/2011,Tasman/Nelson/Marlborough/West Coast,Clerical and Administrative Workers,131.2
1/12/2011,Tasman/Nelson/Marlborough/West Coast,Community and Personal Service Workers,117.3
1/12/2011,Tasman/Nelson/Marlborough/West Coast,Construction,131.78
1/12/2011,Tasman/Nelson/Marlborough/West Coast,Education,82.61
1/12/2011,Tasman/Nelson/Marlborough/West Coast,Health care,147.56
1/12/2011,Tasman/Nelson/Marlborough/West Coast,Highly-Skilled,117.61
1/12/2011,Tasman/Nelson/Marlborough/West Coast,Hospitality,121.94
1/12/2011,Tasman/Nelson/Marlborough/West Coast,IT,107.69
1/12/2011,Tasman/Nelson/Marlborough/West Coast,Labourers,118.7
1/12/2011,Tasman/Nelson/Marlborough/West Coast,Low-Skilled,128.98
1/12/2011,Tasman/Nelson/Marlborough/West Coast,Machinery Operators and Drivers,114
1/12/2011,Tasman/Nelson/Marlborough/West Coast,Managers,120.3
1/12/2011,Tasman/Nelson/Marlborough/West Coast,Manufacturing,164.13
1/12/2011,Tasman/Nelson/Marlborough/West Coast,Other,110.53
1/12/2011,Tasman/Nelson/Marlborough/West Coast,Primary,178.49
1/12/2011,Tasman/Nelson/Marlborough/West Coast,Professionals,93.9
1/12/2011,Tasman/Nelson/Marlborough/West Coast,Sales,104.46
1/12/2011,Tasman/Nelson/Marlborough/West Coast,Sales Workers,125
1/12/2011,Tasman/Nelson/Marlborough/West Coast,Semi-Skilled,157.63
1/12/2011,Tasman/Nelson/Marlborough/West Coast,Skilled,90.99
1/12/2011,Tasman/Nelson/Marlborough/West Coast,SkilledIndex,111
1/12/2011,Tasman/Nelson/Marlborough/West Coast,Technicians and Trades Workers,135
1/12/2011,Tasman/Nelson/Marlborough/West Coast,Unskilled,107.18
1/12/2011,Tasman/Nelson/Marlborough/West Coast,UnskilledIndex,122.5
1/12/2011,Totals,Auckland,100.97
1/12/2011,Totals,Bay of Plenty,105.97
1/12/2011,Totals,Business services,107.23
1/12/2011,Totals,Canterbury,140.5
1/12/2011,Totals,Clerical and Administrative Workers,107.3
1/12/2011,Totals,Community and Personal Service Workers,116.3
1/12/2011,Totals,Construction,122.31
1/12/2011,Totals,Education,84.6
1/12/2011,Totals,Gisborne/Hawkes Bay,104.26
1/12/2011,Totals,Health care,106.97
1/12/2011,Totals,Highly-Skilled,104.09
1/12/2011,Totals,Hospitality,102.97
1/12/2011,Totals,IT,105.95
1/12/2011,Totals,Labourers,128.1
1/12/2011,Totals,Low-Skilled,114.53
1/12/2011,Totals,Machinery Operators and Drivers,127.4
1/12/2011,Totals,Managers,104.9
1/12/2011,Totals,Manawatu-Whanganui/Taranaki,101.74
1/12/2011,Totals,Manufacturing,115.95
1/12/2011,Totals,Northland,109.13
1/12/2011,Totals,Otago/Southland,120.04
1/12/2011,Totals,Other,121.06
1/12/2011,Totals,Primary,143.06
1/12/2011,Totals,Professionals,102.8
1/12/2011,Totals,Sales,104.94
1/12/2011,Totals,Sales Workers,112.7
1/12/2011,Totals,Semi-Skilled,127.97
1/12/2011,Totals,Skilled,103.38
1/12/2011,Totals,SkilledIndex,106.1
1/12/2011,Totals,Tasman/Nelson/Marlborough/West Coast,114.79
1/12/2011,Totals,Technicians and Trades Workers,122.4
1/12/2011,Totals,TotalsIndex,108.01
1/12/2011,Totals,Unskilled,110.85
1/12/2011,Totals,UnskilledIndex,113.6
1/12/2011,Totals,Waikato,105.85
1/12/2011,Totals,Wellington,103.12
1/12/2011,Waikato,Business services,92.44
1/12/2011,Waikato,Clerical and Administrative Workers,97
1/12/2011,Waikato,Community and Personal Service Workers,126.3
1/12/2011,Waikato,Construction,123.91
1/12/2011,Waikato,Education,93.12
1/12/2011,Waikato,Health care,108.73
1/12/2011,Waikato,Highly-Skilled,93.32
1/12/2011,Waikato,Hospitality,94.64
1/12/2011,Waikato,IT,92.96
1/12/2011,Waikato,Labourers,141.2
1/12/2011,Waikato,Low-Skilled,119.32
1/12/2011,Waikato,Machinery Operators and Drivers,112.9
1/12/2011,Waikato,Managers,88.9
1/12/2011,Waikato,Manufacturing,113.18
1/12/2011,Waikato,Other,106.88
1/12/2011,Waikato,Primary,141.05
1/12/2011,Waikato,Professionals,93.8
1/12/2011,Waikato,Sales,106.36
1/12/2011,Waikato,Sales Workers,125.3
1/12/2011,Waikato,Semi-Skilled,129.7
1/12/2011,Waikato,Skilled,103.17
1/12/2011,Waikato,SkilledIndex,100.9
1/12/2011,Waikato,Technicians and Trades Workers,126
1/12/2011,Waikato,Unskilled,113.16
1/12/2011,Waikato,UnskilledIndex,117.5
1/12/2011,Wellington,Business services,109.13
1/12/2011,Wellington,Clerical and Administrative Workers,107.9
1/12/2011,Wellington,Community and Personal Service Workers,114.5
1/12/2011,Wellington,Construction,110.98
1/12/2011,Wellington,Education,77.92
1/12/2011,Wellington,Health care,93.6
1/12/2011,Wellington,Highly-Skilled,98.72
1/12/2011,Wellington,Hospitality,108
1/12/2011,Wellington,IT,97.84
1/12/2011,Wellington,Labourers,124.2
1/12/2011,Wellington,Low-Skilled,116.1
1/12/2011,Wellington,Machinery Operators and Drivers,120
1/12/2011,Wellington,Managers,96.6
1/12/2011,Wellington,Manufacturing,108.17
1/12/2011,Wellington,Other,120.82
1/12/2011,Wellington,Primary,129.85
1/12/2011,Wellington,Professionals,98.5
1/12/2011,Wellington,Sales,105.42
1/12/2011,Wellington,Sales Workers,112.9
1/12/2011,Wellington,Semi-Skilled,116.05
1/12/2011,Wellington,Skilled,98.12
1/12/2011,Wellington,SkilledIndex,99.6
1/12/2011,Wellington,Technicians and Trades Workers,107.7
1/12/2011,Wellington,Unskilled,106.64
1/12/2011,Wellington,UnskilledIndex,113.6
1/03/2012,Auckland,Business services,122.08
1/03/2012,Auckland,Clerical and Administrative Workers,122.7
1/03/2012,Auckland,Community and Personal Service Workers,137.6
1/03/2012,Auckland,Construction,123.55
1/03/2012,Auckland,Education,55.72
1/03/2012,Auckland,Health care,106.64
1/03/2012,Auckland,Highly-Skilled,113.99
1/03/2012,Auckland,Hospitality,127.46
1/03/2012,Auckland,IT,120.36
1/03/2012,Auckland,Labourers,150.7
1/03/2012,Auckland,Low-Skilled,125.58
1/03/2012,Auckland,Machinery Operators and Drivers,123.5
1/03/2012,Auckland,Managers,121.6
1/03/2012,Auckland,Manufacturing,114.49
1/03/2012,Auckland,Other,130.3
1/03/2012,Auckland,Primary,157.82
1/03/2012,Auckland,Professionals,102.8
1/03/2012,Auckland,Sales,127.21
1/03/2012,Auckland,Sales Workers,127.5
1/03/2012,Auckland,Semi-Skilled,137.66
1/03/2012,Auckland,Skilled,103.85
1/03/2012,Auckland,SkilledIndex,113.6
1/03/2012,Auckland,Technicians and Trades Workers,133.5
1/03/2012,Auckland,Unskilled,136.14
1/03/2012,Auckland,UnskilledIndex,127.8
1/03/2012,Bay of Plenty,Business services,169.81
1/03/2012,Bay of Plenty,Clerical and Administrative Workers,149.5
1/03/2012,Bay of Plenty,Community and Personal Service Workers,155
1/03/2012,Bay of Plenty,Construction,144.52
1/03/2012,Bay of Plenty,Education,62.3
1/03/2012,Bay of Plenty,Health care,133.09
1/03/2012,Bay of Plenty,Highly-Skilled,127.62
1/03/2012,Bay of Plenty,Hospitality,106.4
1/03/2012,Bay of Plenty,IT,133.73
1/03/2012,Bay of Plenty,Labourers,155.1
1/03/2012,Bay of Plenty,Low-Skilled,141.97
1/03/2012,Bay of Plenty,Machinery Operators and Drivers,132.3
1/03/2012,Bay of Plenty,Managers,116.8
1/03/2012,Bay of Plenty,Manufacturing,134.76
1/03/2012,Bay of Plenty,Other,147.12
1/03/2012,Bay of Plenty,Primary,195.45
1/03/2012,Bay of Plenty,Professionals,102.2
1/03/2012,Bay of Plenty,Sales,132.7
1/03/2012,Bay of Plenty,Sales Workers,136.6
1/03/2012,Bay of Plenty,Semi-Skilled,164.65
1/03/2012,Bay of Plenty,Skilled,102.24
1/03/2012,Bay of Plenty,SkilledIndex,123.5
1/03/2012,Bay of Plenty,Technicians and Trades Workers,141.3
1/03/2012,Bay of Plenty,Unskilled,123.09
1/03/2012,Bay of Plenty,UnskilledIndex,136.5
1/03/2012,Canterbury,Business services,186.11
1/03/2012,Canterbury,Clerical and Administrative Workers,196.5
1/03/2012,Canterbury,Community and Personal Service Workers,155.5
1/03/2012,Canterbury,Construction,244.28
1/03/2012,Canterbury,Education,54.03
1/03/2012,Canterbury,Health care,215.35
1/03/2012,Canterbury,Highly-Skilled,162.96
1/03/2012,Canterbury,Hospitality,120
1/03/2012,Canterbury,IT,130.12
1/03/2012,Canterbury,Labourers,241.5
1/03/2012,Canterbury,Low-Skilled,192.04
1/03/2012,Canterbury,Machinery Operators and Drivers,271.9
1/03/2012,Canterbury,Managers,150
1/03/2012,Canterbury,Manufacturing,260.21
1/03/2012,Canterbury,Other,184.19
1/03/2012,Canterbury,Primary,161.73
1/03/2012,Canterbury,Professionals,141.4
1/03/2012,Canterbury,Sales,143.64
1/03/2012,Canterbury,Sales Workers,155.4
1/03/2012,Canterbury,Semi-Skilled,266.66
1/03/2012,Canterbury,Skilled,127.64
1/03/2012,Canterbury,SkilledIndex,165.7
1/03/2012,Canterbury,Technicians and Trades Workers,215.7
1/03/2012,Canterbury,Unskilled,182.34
1/03/2012,Canterbury,UnskilledIndex,189.2
1/03/2012,Gisborne/Hawkes Bay,Business services,162.41
1/03/2012,Gisborne/Hawkes Bay,Clerical and Administrative Workers,175.2
1/03/2012,Gisborne/Hawkes Bay,Community and Personal Service Workers,141.9
1/03/2012,Gisborne/Hawkes Bay,Construction,131.44
1/03/2012,Gisborne/Hawkes Bay,Education,42.45
1/03/2012,Gisborne/Hawkes Bay,Health care,110.14
1/03/2012,Gisborne/Hawkes Bay,Highly-Skilled,120.58
1/03/2012,Gisborne/Hawkes Bay,Hospitality,129.6
1/03/2012,Gisborne/Hawkes Bay,IT,92.59
1/03/2012,Gisborne/Hawkes Bay,Labourers,120.1
1/03/2012,Gisborne/Hawkes Bay,Low-Skilled,129.19
1/03/2012,Gisborne/Hawkes Bay,Machinery Operators and Drivers,114.5
1/03/2012,Gisborne/Hawkes Bay,Managers,155.1
1/03/2012,Gisborne/Hawkes Bay,Manufacturing,139.52
1/03/2012,Gisborne/Hawkes Bay,Other,97.37
1/03/2012,Gisborne/Hawkes Bay,Primary,152.38
1/03/2012,Gisborne/Hawkes Bay,Professionals,79.5
1/03/2012,Gisborne/Hawkes Bay,Sales,163
1/03/2012,Gisborne/Hawkes Bay,Sales Workers,120.6
1/03/2012,Gisborne/Hawkes Bay,Semi-Skilled,125
1/03/2012,Gisborne/Hawkes Bay,Skilled,87.5
1/03/2012,Gisborne/Hawkes Bay,SkilledIndex,109
1/03/2012,Gisborne/Hawkes Bay,Technicians and Trades Workers,117.7
1/03/2012,Gisborne/Hawkes Bay,Unskilled,134.4
1/03/2012,Gisborne/Hawkes Bay,UnskilledIndex,130.6
1/03/2012,Manawatu-Whanganui/Taranaki,Business services,147.57
1/03/2012,Manawatu-Whanganui/Taranaki,Clerical and Administrative Workers,136.8
1/03/2012,Manawatu-Whanganui/Taranaki,Community and Personal Service Workers,138.4
1/03/2012,Manawatu-Whanganui/Taranaki,Construction,149.14
1/03/2012,Manawatu-Whanganui/Taranaki,Education,51.49
1/03/2012,Manawatu-Whanganui/Taranaki,Health care,124.95
1/03/2012,Manawatu-Whanganui/Taranaki,Highly-Skilled,130.22
1/03/2012,Manawatu-Whanganui/Taranaki,Hospitality,109.02
1/03/2012,Manawatu-Whanganui/Taranaki,IT,111.76
1/03/2012,Manawatu-Whanganui/Taranaki,Labourers,202.4
1/03/2012,Manawatu-Whanganui/Taranaki,Low-Skilled,142.49
1/03/2012,Manawatu-Whanganui/Taranaki,Machinery Operators and Drivers,136.5
1/03/2012,Manawatu-Whanganui/Taranaki,Managers,121.7
1/03/2012,Manawatu-Whanganui/Taranaki,Manufacturing,136.52
1/03/2012,Manawatu-Whanganui/Taranaki,Other,124.5
1/03/2012,Manawatu-Whanganui/Taranaki,Primary,175.71
1/03/2012,Manawatu-Whanganui/Taranaki,Professionals,92.9
1/03/2012,Manawatu-Whanganui/Taranaki,Sales,126.27
1/03/2012,Manawatu-Whanganui/Taranaki,Sales Workers,138.1
1/03/2012,Manawatu-Whanganui/Taranaki,Semi-Skilled,182.84
1/03/2012,Manawatu-Whanganui/Taranaki,Skilled,75.24
1/03/2012,Manawatu-Whanganui/Taranaki,SkilledIndex,114.9
1/03/2012,Manawatu-Whanganui/Taranaki,Technicians and Trades Workers,158.6
1/03/2012,Manawatu-Whanganui/Taranaki,Unskilled,163.64
1/03/2012,Manawatu-Whanganui/Taranaki,UnskilledIndex,148.5
1/03/2012,Northland,Business services,107.69
1/03/2012,Northland,Clerical and Administrative Workers,124.9
1/03/2012,Northland,Community and Personal Service Workers,189.2
1/03/2012,Northland,Construction,143.92
1/03/2012,Northland,Education,45.66
1/03/2012,Northland,Health care,127.35
1/03/2012,Northland,Highly-Skilled,123.85
1/03/2012,Northland,Hospitality,125.86
1/03/2012,Northland,IT,107.14
1/03/2012,Northland,Labourers,157.1
1/03/2012,Northland,Low-Skilled,137.12
1/03/2012,Northland,Machinery Operators and Drivers,136.7
1/03/2012,Northland,Managers,145.5
1/03/2012,Northland,Manufacturing,123.21
1/03/2012,Northland,Other,170.59
1/03/2012,Northland,Primary,133.33
1/03/2012,Northland,Professionals,82.1
1/03/2012,Northland,Sales,134.62
1/03/2012,Northland,Sales Workers,114.1
1/03/2012,Northland,Semi-Skilled,105.43
1/03/2012,Northland,Skilled,70.85
1/03/2012,Northland,SkilledIndex,100.1
1/03/2012,Northland,Technicians and Trades Workers,105.6
1/03/2012,Northland,Unskilled,150
1/03/2012,Northland,UnskilledIndex,140.6
1/03/2012,Otago/Southland,Business services,151.03
1/03/2012,Otago/Southland,Clerical and Administrative Workers,149.3
1/03/2012,Otago/Southland,Community and Personal Service Workers,197.4
1/03/2012,Otago/Southland,Construction,183.12
1/03/2012,Otago/Southland,Education,49.21
1/03/2012,Otago/Southland,Health care,126.11
1/03/2012,Otago/Southland,Highly-Skilled,128.57
1/03/2012,Otago/Southland,Hospitality,132.93
1/03/2012,Otago/Southland,IT,98.92
1/03/2012,Otago/Southland,Labourers,168
1/03/2012,Otago/Southland,Low-Skilled,152.32
1/03/2012,Otago/Southland,Machinery Operators and Drivers,126.7
1/03/2012,Otago/Southland,Managers,141.6
1/03/2012,Otago/Southland,Manufacturing,116.88
1/03/2012,Otago/Southland,Other,177.38
1/03/2012,Otago/Southland,Primary,154.13
1/03/2012,Otago/Southland,Professionals,90
1/03/2012,Otago/Southland,Sales,144.9
1/03/2012,Otago/Southland,Sales Workers,136
1/03/2012,Otago/Southland,Semi-Skilled,182.35
1/03/2012,Otago/Southland,Skilled,94.42
1/03/2012,Otago/Southland,SkilledIndex,123.7
1/03/2012,Otago/Southland,Technicians and Trades Workers,159.8
1/03/2012,Otago/Southland,Unskilled,150.7
1/03/2012,Otago/Southland,UnskilledIndex,151.8
1/03/2012,Tasman/Nelson/Marlborough/West Coast,Business services,132.76
1/03/2012,Tasman/Nelson/Marlborough/West Coast,Clerical and Administrative Workers,173
1/03/2012,Tasman/Nelson/Marlborough/West Coast,Community and Personal Service Workers,147.7
1/03/2012,Tasman/Nelson/Marlborough/West Coast,Construction,152.97
1/03/2012,Tasman/Nelson/Marlborough/West Coast,Education,33.04
1/03/2012,Tasman/Nelson/Marlborough/West Coast,Health care,206.13
1/03/2012,Tasman/Nelson/Marlborough/West Coast,Highly-Skilled,132.8
1/03/2012,Tasman/Nelson/Marlborough/West Coast,Hospitality,113.55
1/03/2012,Tasman/Nelson/Marlborough/West Coast,IT,111.54
1/03/2012,Tasman/Nelson/Marlborough/West Coast,Labourers,136.9
1/03/2012,Tasman/Nelson/Marlborough/West Coast,Low-Skilled,149.27
1/03/2012,Tasman/Nelson/Marlborough/West Coast,Machinery Operators and Drivers,134.9
1/03/2012,Tasman/Nelson/Marlborough/West Coast,Managers,128.6
1/03/2012,Tasman/Nelson/Marlborough/West Coast,Manufacturing,179.35
1/03/2012,Tasman/Nelson/Marlborough/West Coast,Other,127.63
1/03/2012,Tasman/Nelson/Marlborough/West Coast,Primary,169.89
1/03/2012,Tasman/Nelson/Marlborough/West Coast,Professionals,87.9
1/03/2012,Tasman/Nelson/Marlborough/West Coast,Sales,147.32
1/03/2012,Tasman/Nelson/Marlborough/West Coast,Sales Workers,160.3
1/03/2012,Tasman/Nelson/Marlborough/West Coast,Semi-Skilled,172.03
1/03/2012,Tasman/Nelson/Marlborough/West Coast,Skilled,77.89
1/03/2012,Tasman/Nelson/Marlborough/West Coast,SkilledIndex,114.1
1/03/2012,Tasman/Nelson/Marlborough/West Coast,Technicians and Trades Workers,141.1
1/03/2012,Tasman/Nelson/Marlborough/West Coast,Unskilled,159.27
1/03/2012,Tasman/Nelson/Marlborough/West Coast,UnskilledIndex,152.3
1/03/2012,Totals,Auckland,117.7
1/03/2012,Totals,Bay of Plenty,128.32
1/03/2012,Totals,Business services,135.51
1/03/2012,Totals,Canterbury,173.97
1/03/2012,Totals,Clerical and Administrative Workers,139.9
1/03/2012,Totals,Community and Personal Service Workers,154.7
1/03/2012,Totals,Construction,151.35
1/03/2012,Totals,Education,52.69
1/03/2012,Totals,Gisborne/Hawkes Bay,115.75
1/03/2012,Totals,Health care,127.46
1/03/2012,Totals,Highly-Skilled,119.78
1/03/2012,Totals,Hospitality,127.87
1/03/2012,Totals,IT,115.43
1/03/2012,Totals,Labourers,171.5
1/03/2012,Totals,Low-Skilled,143.09
1/03/2012,Totals,Machinery Operators and Drivers,150.6
1/03/2012,Totals,Managers,122.3
1/03/2012,Totals,Manawatu-Whanganui/Taranaki,121.6
1/03/2012,Totals,Manufacturing,141.02
1/03/2012,Totals,Northland,110.99
1/03/2012,Totals,Otago/Southland,132.57
1/03/2012,Totals,Other,133.44
1/03/2012,Totals,Primary,164.15
1/03/2012,Totals,Professionals,107
1/03/2012,Totals,Sales,130.75
1/03/2012,Totals,Sales Workers,136.1
1/03/2012,Totals,Semi-Skilled,165.06
1/03/2012,Totals,Skilled,101.06
1/03/2012,Totals,SkilledIndex,119
1/03/2012,Totals,Tasman/Nelson/Marlborough/West Coast,127.06
1/03/2012,Totals,Technicians and Trades Workers,148.1
1/03/2012,Totals,TotalsIndex,126.25
1/03/2012,Totals,Unskilled,148.5
1/03/2012,Totals,UnskilledIndex,144.4
1/03/2012,Totals,Waikato,124.18
1/03/2012,Totals,Wellington,118.11
1/03/2012,Waikato,Business services,124.2
1/03/2012,Waikato,Clerical and Administrative Workers,137.4
1/03/2012,Waikato,Community and Personal Service Workers,184.3
1/03/2012,Waikato,Construction,142.33
1/03/2012,Waikato,Education,48.17
1/03/2012,Waikato,Health care,144.64
1/03/2012,Waikato,Highly-Skilled,116.09
1/03/2012,Waikato,Hospitality,138.84
1/03/2012,Waikato,IT,123.12
1/03/2012,Waikato,Labourers,144.9
1/03/2012,Waikato,Low-Skilled,142.07
1/03/2012,Waikato,Machinery Operators and Drivers,122.8
1/03/2012,Waikato,Managers,117.8
1/03/2012,Waikato,Manufacturing,117.04
1/03/2012,Waikato,Other,138.1
1/03/2012,Waikato,Primary,164.21
1/03/2012,Waikato,Professionals,93.2
1/03/2012,Waikato,Sales,139.09
1/03/2012,Waikato,Sales Workers,146.4
1/03/2012,Waikato,Semi-Skilled,148.51
1/03/2012,Waikato,Skilled,102.41
1/03/2012,Waikato,SkilledIndex,115.7
1/03/2012,Waikato,Technicians and Trades Workers,149.5
1/03/2012,Waikato,Unskilled,144.08
1/03/2012,Waikato,UnskilledIndex,142.7
1/03/2012,Wellington,Business services,142.61
1/03/2012,Wellington,Clerical and Administrative Workers,139.4
1/03/2012,Wellington,Community and Personal Service Workers,163.6
1/03/2012,Wellington,Construction,126.57
1/03/2012,Wellington,Education,56.87
1/03/2012,Wellington,Health care,109.44
1/03/2012,Wellington,Highly-Skilled,110.2
1/03/2012,Wellington,Hospitality,149.52
1/03/2012,Wellington,IT,104.79
1/03/2012,Wellington,Labourers,162.9
1/03/2012,Wellington,Low-Skilled,153.41
1/03/2012,Wellington,Machinery Operators and Drivers,144.7
1/03/2012,Wellington,Managers,106.3
1/03/2012,Wellington,Manufacturing,143.05
1/03/2012,Wellington,Other,118.58
1/03/2012,Wellington,Primary,170.15
1/03/2012,Wellington,Professionals,105.9
1/03/2012,Wellington,Sales,119.25
1/03/2012,Wellington,Sales Workers,139.7
1/03/2012,Wellington,Semi-Skilled,137.74
1/03/2012,Wellington,Skilled,97.32
1/03/2012,Wellington,SkilledIndex,109.1
1/03/2012,Wellington,Technicians and Trades Workers,119.7
1/03/2012,Wellington,Unskilled,145.71
1/03/2012,Wellington,UnskilledIndex,151.4
1/06/2012,Auckland,Business services,127.09
1/06/2012,Auckland,Clerical and Administrative Workers,127
1/06/2012,Auckland,Community and Personal Service Workers,142
1/06/2012,Auckland,Construction,139.95
1/06/2012,Auckland,Education,53.41
1/06/2012,Auckland,Health care,129.37
1/06/2012,Auckland,Highly-Skilled,119.79
1/06/2012,Auckland,Hospitality,116.85
1/06/2012,Auckland,IT,120.44
1/06/2012,Auckland,Labourers,151.2
1/06/2012,Auckland,Low-Skilled,128.39
1/06/2012,Auckland,Machinery Operators and Drivers,137.3
1/06/2012,Auckland,Managers,127
1/06/2012,Auckland,Manufacturing,127.45
1/06/2012,Auckland,Other,125.82
1/06/2012,Auckland,Primary,157.14
1/06/2012,Auckland,Professionals,109.4
1/06/2012,Auckland,Sales,132.75
1/06/2012,Auckland,Sales Workers,144.6
1/06/2012,Auckland,Semi-Skilled,150.71
1/06/2012,Auckland,Skilled,114.48
1/06/2012,Auckland,SkilledIndex,121
1/06/2012,Auckland,Technicians and Trades Workers,142.2
1/06/2012,Auckland,Unskilled,151.85
1/06/2012,Auckland,UnskilledIndex,133.3
1/06/2012,Bay of Plenty,Business services,162.26
1/06/2012,Bay of Plenty,Clerical and Administrative Workers,147
1/06/2012,Bay of Plenty,Community and Personal Service Workers,132.4
1/06/2012,Bay of Plenty,Construction,161.42
1/06/2012,Bay of Plenty,Education,44.59
1/06/2012,Bay of Plenty,Health care,151.23
1/06/2012,Bay of Plenty,Highly-Skilled,137.48
1/06/2012,Bay of Plenty,Hospitality,97.04
1/06/2012,Bay of Plenty,IT,130.12
1/06/2012,Bay of Plenty,Labourers,159.2
1/06/2012,Bay of Plenty,Low-Skilled,134.55
1/06/2012,Bay of Plenty,Machinery Operators and Drivers,132.3
1/06/2012,Bay of Plenty,Managers,108.3
1/06/2012,Bay of Plenty,Manufacturing,128.88
1/06/2012,Bay of Plenty,Other,114.42
1/06/2012,Bay of Plenty,Primary,209.09
1/06/2012,Bay of Plenty,Professionals,111
1/06/2012,Bay of Plenty,Sales,129.46
1/06/2012,Bay of Plenty,Sales Workers,132.8
1/06/2012,Bay of Plenty,Semi-Skilled,163.13
1/06/2012,Bay of Plenty,Skilled,89.58
1/06/2012,Bay of Plenty,SkilledIndex,123.5
1/06/2012,Bay of Plenty,Technicians and Trades Workers,146.3
1/06/2012,Bay of Plenty,Unskilled,138.72
1/06/2012,Bay of Plenty,UnskilledIndex,135.8
1/06/2012,Canterbury,Business services,202.63
1/06/2012,Canterbury,Clerical and Administrative Workers,191
1/06/2012,Canterbury,Community and Personal Service Workers,147.6
1/06/2012,Canterbury,Construction,273.63
1/06/2012,Canterbury,Education,54.03
1/06/2012,Canterbury,Health care,186.34
1/06/2012,Canterbury,Highly-Skilled,172.87
1/06/2012,Canterbury,Hospitality,102.26
1/06/2012,Canterbury,IT,135.56
1/06/2012,Canterbury,Labourers,236.5
1/06/2012,Canterbury,Low-Skilled,190.71
1/06/2012,Canterbury,Machinery Operators and Drivers,269
1/06/2012,Canterbury,Managers,154.9
1/06/2012,Canterbury,Manufacturing,222.02
1/06/2012,Canterbury,Other,191.16
1/06/2012,Canterbury,Primary,174.07
1/06/2012,Canterbury,Professionals,151.2
1/06/2012,Canterbury,Sales,142.95
1/06/2012,Canterbury,Sales Workers,161.8
1/06/2012,Canterbury,Semi-Skilled,272.21
1/06/2012,Canterbury,Skilled,127.07
1/06/2012,Canterbury,SkilledIndex,171.9
1/06/2012,Canterbury,Technicians and Trades Workers,225.6
1/06/2012,Canterbury,Unskilled,183.94
1/06/2012,Canterbury,UnskilledIndex,188.7
1/06/2012,Gisborne/Hawkes Bay,Business services,139.72
1/06/2012,Gisborne/Hawkes Bay,Clerical and Administrative Workers,136.3
1/06/2012,Gisborne/Hawkes Bay,Community and Personal Service Workers,133.8
1/06/2012,Gisborne/Hawkes Bay,Construction,129.92
1/06/2012,Gisborne/Hawkes Bay,Education,31.02
1/06/2012,Gisborne/Hawkes Bay,Health care,122.98
1/06/2012,Gisborne/Hawkes Bay,Highly-Skilled,127.77
1/06/2012,Gisborne/Hawkes Bay,Hospitality,107.2
1/06/2012,Gisborne/Hawkes Bay,IT,151.85
1/06/2012,Gisborne/Hawkes Bay,Labourers,102.5
1/06/2012,Gisborne/Hawkes Bay,Low-Skilled,107.16
1/06/2012,Gisborne/Hawkes Bay,Machinery Operators and Drivers,94.2
1/06/2012,Gisborne/Hawkes Bay,Managers,142.2
1/06/2012,Gisborne/Hawkes Bay,Manufacturing,114.52
1/06/2012,Gisborne/Hawkes Bay,Other,115.79
1/06/2012,Gisborne/Hawkes Bay,Primary,158.73
1/06/2012,Gisborne/Hawkes Bay,Professionals,85.5
1/06/2012,Gisborne/Hawkes Bay,Sales,143.5
1/06/2012,Gisborne/Hawkes Bay,Sales Workers,110.3
1/06/2012,Gisborne/Hawkes Bay,Semi-Skilled,128.38
1/06/2012,Gisborne/Hawkes Bay,Skilled,79.39
1/06/2012,Gisborne/Hawkes Bay,SkilledIndex,109.9
1/06/2012,Gisborne/Hawkes Bay,Technicians and Trades Workers,122
1/06/2012,Gisborne/Hawkes Bay,Unskilled,128.8
1/06/2012,Gisborne/Hawkes Bay,UnskilledIndex,113
1/06/2012,Manawatu-Whanganui/Taranaki,Business services,153.18
1/06/2012,Manawatu-Whanganui/Taranaki,Clerical and Administrative Workers,146.6
1/06/2012,Manawatu-Whanganui/Taranaki,Community and Personal Service Workers,139
1/06/2012,Manawatu-Whanganui/Taranaki,Construction,145.52
1/06/2012,Manawatu-Whanganui/Taranaki,Education,44.72
1/06/2012,Manawatu-Whanganui/Taranaki,Health care,120.41
1/06/2012,Manawatu-Whanganui/Taranaki,Highly-Skilled,118.77
1/06/2012,Manawatu-Whanganui/Taranaki,Hospitality,115.04
1/06/2012,Manawatu-Whanganui/Taranaki,IT,97.65
1/06/2012,Manawatu-Whanganui/Taranaki,Labourers,147.6
1/06/2012,Manawatu-Whanganui/Taranaki,Low-Skilled,133.43
1/06/2012,Manawatu-Whanganui/Taranaki,Machinery Operators and Drivers,111.5
1/06/2012,Manawatu-Whanganui/Taranaki,Managers,121.1
1/06/2012,Manawatu-Whanganui/Taranaki,Manufacturing,124.35
1/06/2012,Manawatu-Whanganui/Taranaki,Other,123.84
1/06/2012,Manawatu-Whanganui/Taranaki,Primary,177.14
1/06/2012,Manawatu-Whanganui/Taranaki,Professionals,84
1/06/2012,Manawatu-Whanganui/Taranaki,Sales,109.64
1/06/2012,Manawatu-Whanganui/Taranaki,Sales Workers,104.6
1/06/2012,Manawatu-Whanganui/Taranaki,Semi-Skilled,175.75
1/06/2012,Manawatu-Whanganui/Taranaki,Skilled,81.95
1/06/2012,Manawatu-Whanganui/Taranaki,SkilledIndex,111.1
1/06/2012,Manawatu-Whanganui/Taranaki,Technicians and Trades Workers,161.6
1/06/2012,Manawatu-Whanganui/Taranaki,Unskilled,122.06
1/06/2012,Manawatu-Whanganui/Taranaki,UnskilledIndex,130.2
1/06/2012,Northland,Business services,116.92
1/06/2012,Northland,Clerical and Administrative Workers,128.3
1/06/2012,Northland,Community and Personal Service Workers,139.6
1/06/2012,Northland,Construction,147.97
1/06/2012,Northland,Education,36.53
1/06/2012,Northland,Health care,138.1
1/06/2012,Northland,Highly-Skilled,139.33
1/06/2012,Northland,Hospitality,86.21
1/06/2012,Northland,IT,200
1/06/2012,Northland,Labourers,133.3
1/06/2012,Northland,Low-Skilled,122.77
1/06/2012,Northland,Machinery Operators and Drivers,156.7
1/06/2012,Northland,Managers,136.6
1/06/2012,Northland,Manufacturing,151.79
1/06/2012,Northland,Other,194.12
1/06/2012,Northland,Primary,138.46
1/06/2012,Northland,Professionals,90.4
1/06/2012,Northland,Sales,113.08
1/06/2012,Northland,Sales Workers,101.1
1/06/2012,Northland,Semi-Skilled,110.87
1/06/2012,Northland,Skilled,62.5
1/06/2012,Northland,SkilledIndex,104.7
1/06/2012,Northland,Technicians and Trades Workers,119
1/06/2012,Northland,Unskilled,140
1/06/2012,Northland,UnskilledIndex,127.4
1/06/2012,Otago/Southland,Business services,151.71
1/06/2012,Otago/Southland,Clerical and Administrative Workers,173.7
1/06/2012,Otago/Southland,Community and Personal Service Workers,164.9
1/06/2012,Otago/Southland,Construction,203.02
1/06/2012,Otago/Southland,Education,49.21
1/06/2012,Otago/Southland,Health care,134.86
1/06/2012,Otago/Southland,Highly-Skilled,139.8
1/06/2012,Otago/Southland,Hospitality,100
1/06/2012,Otago/Southland,IT,144.09
1/06/2012,Otago/Southland,Labourers,151.5
1/06/2012,Otago/Southland,Low-Skilled,134.39
1/06/2012,Otago/Southland,Machinery Operators and Drivers,121.8
1/06/2012,Otago/Southland,Managers,142.8
1/06/2012,Otago/Southland,Manufacturing,123.75
1/06/2012,Otago/Southland,Other,188.1
1/06/2012,Otago/Southland,Primary,193.58
1/06/2012,Otago/Southland,Professionals,101.5
1/06/2012,Otago/Southland,Sales,115.19
1/06/2012,Otago/Southland,Sales Workers,114.4
1/06/2012,Otago/Southland,Semi-Skilled,205.88
1/06/2012,Otago/Southland,Skilled,96.84
1/06/2012,Otago/Southland,SkilledIndex,133.4
1/06/2012,Otago/Southland,Technicians and Trades Workers,159.2
1/06/2012,Otago/Southland,Unskilled,132.09
1/06/2012,Otago/Southland,UnskilledIndex,133.7
1/06/2012,Tasman/Nelson/Marlborough/West Coast,Business services,117.82
1/06/2012,Tasman/Nelson/Marlborough/West Coast,Clerical and Administrative Workers,140
1/06/2012,Tasman/Nelson/Marlborough/West Coast,Community and Personal Service Workers,140.1
1/06/2012,Tasman/Nelson/Marlborough/West Coast,Construction,186.86
1/06/2012,Tasman/Nelson/Marlborough/West Coast,Education,31.74
1/06/2012,Tasman/Nelson/Marlborough/West Coast,Health care,155.45
1/06/2012,Tasman/Nelson/Marlborough/West Coast,Highly-Skilled,122.82
1/06/2012,Tasman/Nelson/Marlborough/West Coast,Hospitality,90.32
1/06/2012,Tasman/Nelson/Marlborough/West Coast,IT,157.69
1/06/2012,Tasman/Nelson/Marlborough/West Coast,Labourers,127.8
1/06/2012,Tasman/Nelson/Marlborough/West Coast,Low-Skilled,136.91
1/06/2012,Tasman/Nelson/Marlborough/West Coast,Machinery Operators and Drivers,136.1
1/06/2012,Tasman/Nelson/Marlborough/West Coast,Managers,117.6
1/06/2012,Tasman/Nelson/Marlborough/West Coast,Manufacturing,181.52
1/06/2012,Tasman/Nelson/Marlborough/West Coast,Other,135.53
1/06/2012,Tasman/Nelson/Marlborough/West Coast,Primary,165.59
1/06/2012,Tasman/Nelson/Marlborough/West Coast,Professionals,80.9
1/06/2012,Tasman/Nelson/Marlborough/West Coast,Sales,119.64
1/06/2012,Tasman/Nelson/Marlborough/West Coast,Sales Workers,128.4
1/06/2012,Tasman/Nelson/Marlborough/West Coast,Semi-Skilled,213.56
1/06/2012,Tasman/Nelson/Marlborough/West Coast,Skilled,71.1
1/06/2012,Tasman/Nelson/Marlborough/West Coast,SkilledIndex,111.5
1/06/2012,Tasman/Nelson/Marlborough/West Coast,Technicians and Trades Workers,166.8
1/06/2012,Tasman/Nelson/Marlborough/West Coast,Unskilled,133.23
1/06/2012,Tasman/Nelson/Marlborough/West Coast,UnskilledIndex,135.8
1/06/2012,Totals,Auckland,124
1/06/2012,Totals,Bay of Plenty,127.17
1/06/2012,Totals,Business services,141.53
1/06/2012,Totals,Canterbury,176.86
1/06/2012,Totals,Clerical and Administrative Workers,142.3
1/06/2012,Totals,Community and Personal Service Workers,145.5
1/06/2012,Totals,Construction,167.05
1/06/2012,Totals,Education,49.06
1/06/2012,Totals,Gisborne/Hawkes Bay,109.52
1/06/2012,Totals,Health care,136.39
1/06/2012,Totals,Highly-Skilled,127.06
1/06/2012,Totals,Hospitality,110.77
1/06/2012,Totals,IT,118.69
1/06/2012,Totals,Labourers,167.2
1/06/2012,Totals,Low-Skilled,140.47
1/06/2012,Totals,Machinery Operators and Drivers,150.2
1/06/2012,Totals,Managers,127.2
1/06/2012,Totals,Manawatu-Whanganui/Taranaki,116.1
1/06/2012,Totals,Manufacturing,140.72
1/06/2012,Totals,Northland,112.21
1/06/2012,Totals,Otago/Southland,132.36
1/06/2012,Totals,Other,133.53
1/06/2012,Totals,Primary,177.91
1/06/2012,Totals,Professionals,114.1
1/06/2012,Totals,Sales,130.38
1/06/2012,Totals,Sales Workers,138.6
1/06/2012,Totals,Semi-Skilled,173.53
1/06/2012,Totals,Skilled,105.18
1/06/2012,Totals,SkilledIndex,125.6
1/06/2012,Totals,Tasman/Nelson/Marlborough/West Coast,119.52
1/06/2012,Totals,Technicians and Trades Workers,156.1
1/06/2012,Totals,TotalsIndex,129.84
1/06/2012,Totals,Unskilled,148.92
1/06/2012,Totals,UnskilledIndex,142.6
1/06/2012,Totals,Waikato,127.25
1/06/2012,Totals,Wellington,122.21
1/06/2012,Waikato,Business services,136.48
1/06/2012,Waikato,Clerical and Administrative Workers,155.3
1/06/2012,Waikato,Community and Personal Service Workers,146.1
1/06/2012,Waikato,Construction,158.93
1/06/2012,Waikato,Education,46.02
1/06/2012,Waikato,Health care,144.89
1/06/2012,Waikato,Highly-Skilled,128.16
1/06/2012,Waikato,Hospitality,102.68
1/06/2012,Waikato,IT,123.62
1/06/2012,Waikato,Labourers,155.9
1/06/2012,Waikato,Low-Skilled,141.52
1/06/2012,Waikato,Machinery Operators and Drivers,122.8
1/06/2012,Waikato,Managers,125.8
1/06/2012,Waikato,Manufacturing,136.01
1/06/2012,Waikato,Other,138.62
1/06/2012,Waikato,Primary,215.79
1/06/2012,Waikato,Professionals,100.3
1/06/2012,Waikato,Sales,125
1/06/2012,Waikato,Sales Workers,125.6
1/06/2012,Waikato,Semi-Skilled,159.74
1/06/2012,Waikato,Skilled,101.65
1/06/2012,Waikato,SkilledIndex,123.5
1/06/2012,Waikato,Technicians and Trades Workers,165.1
1/06/2012,Waikato,Unskilled,129.28
1/06/2012,Waikato,UnskilledIndex,137.9
1/06/2012,Wellington,Business services,149.71
1/06/2012,Wellington,Clerical and Administrative Workers,140.6
1/06/2012,Wellington,Community and Personal Service Workers,149
1/06/2012,Wellington,Construction,130.81
1/06/2012,Wellington,Education,55.56
1/06/2012,Wellington,Health care,124.09
1/06/2012,Wellington,Highly-Skilled,120.9
1/06/2012,Wellington,Hospitality,128.38
1/06/2012,Wellington,IT,110.91
1/06/2012,Wellington,Labourers,165.3
1/06/2012,Wellington,Low-Skilled,144.52
1/06/2012,Wellington,Machinery Operators and Drivers,108.4
1/06/2012,Wellington,Managers,114.6
1/06/2012,Wellington,Manufacturing,118.53
1/06/2012,Wellington,Other,121.61
1/06/2012,Wellington,Primary,177.61
1/06/2012,Wellington,Professionals,115.9
1/06/2012,Wellington,Sales,126.9
1/06/2012,Wellington,Sales Workers,139.7
1/06/2012,Wellington,Semi-Skilled,134.12
1/06/2012,Wellington,Skilled,103.69
1/06/2012,Wellington,SkilledIndex,118.1
1/06/2012,Wellington,Technicians and Trades Workers,122.3
1/06/2012,Wellington,Unskilled,135.81
1/06/2012,Wellington,UnskilledIndex,142.3
1/09/2012,Auckland,Business services,122.72
1/09/2012,Auckland,Clerical and Administrative Workers,127.7
1/09/2012,Auckland,Community and Personal Service Workers,146.9
1/09/2012,Auckland,Construction,151.3
1/09/2012,Auckland,Education,61.3
1/09/2012,Auckland,Health care,145.27
1/09/2012,Auckland,Highly-Skilled,123.25
1/09/2012,Auckland,Hospitality,131.68
1/09/2012,Auckland,IT,118.89
1/09/2012,Auckland,Labourers,177
1/09/2012,Auckland,Low-Skilled,131.97
1/09/2012,Auckland,Machinery Operators and Drivers,151.1
1/09/2012,Auckland,Managers,124.1
1/09/2012,Auckland,Manufacturing,131.22
1/09/2012,Auckland,Other,126.9
1/09/2012,Auckland,Primary,135.37
1/09/2012,Auckland,Professionals,116.2
1/09/2012,Auckland,Sales,139.36
1/09/2012,Auckland,Sales Workers,146.1
1/09/2012,Auckland,Semi-Skilled,163.9
1/09/2012,Auckland,Skilled,114.82
1/09/2012,Auckland,SkilledIndex,124.5
1/09/2012,Auckland,Technicians and Trades Workers,147.8
1/09/2012,Auckland,Unskilled,163.39
1/09/2012,Auckland,UnskilledIndex,138.5
1/09/2012,Bay of Plenty,Business services,147.92
1/09/2012,Bay of Plenty,Clerical and Administrative Workers,134.6
1/09/2012,Bay of Plenty,Community and Personal Service Workers,113.6
1/09/2012,Bay of Plenty,Construction,167.81
1/09/2012,Bay of Plenty,Education,67.87
1/09/2012,Bay of Plenty,Health care,126.91
1/09/2012,Bay of Plenty,Highly-Skilled,128.65
1/09/2012,Bay of Plenty,Hospitality,100
1/09/2012,Bay of Plenty,IT,96.39
1/09/2012,Bay of Plenty,Labourers,151
1/09/2012,Bay of Plenty,Low-Skilled,124.12
1/09/2012,Bay of Plenty,Machinery Operators and Drivers,137.5
1/09/2012,Bay of Plenty,Managers,129.6
1/09/2012,Bay of Plenty,Manufacturing,135.29
1/09/2012,Bay of Plenty,Other,127.88
1/09/2012,Bay of Plenty,Primary,163.64
1/09/2012,Bay of Plenty,Professionals,103.9
1/09/2012,Bay of Plenty,Sales,130.54
1/09/2012,Bay of Plenty,Sales Workers,131.7
1/09/2012,Bay of Plenty,Semi-Skilled,165.15
1/09/2012,Bay of Plenty,Skilled,107.69
1/09/2012,Bay of Plenty,SkilledIndex,126.1
1/09/2012,Bay of Plenty,Technicians and Trades Workers,159.1
1/09/2012,Bay of Plenty,Unskilled,135.79
1/09/2012,Bay of Plenty,UnskilledIndex,127.5
1/09/2012,Canterbury,Business services,194.33
1/09/2012,Canterbury,Clerical and Administrative Workers,189.2
1/09/2012,Canterbury,Community and Personal Service Workers,184.2
1/09/2012,Canterbury,Construction,305.75
1/09/2012,Canterbury,Education,69.1
1/09/2012,Canterbury,Health care,213.59
1/09/2012,Canterbury,Highly-Skilled,184.82
1/09/2012,Canterbury,Hospitality,133.83
1/09/2012,Canterbury,IT,168.63
1/09/2012,Canterbury,Labourers,270.6
1/09/2012,Canterbury,Low-Skilled,202.1
1/09/2012,Canterbury,Machinery Operators and Drivers,304.6
1/09/2012,Canterbury,Managers,175.7
1/09/2012,Canterbury,Manufacturing,236.23
1/09/2012,Canterbury,Other,176.74
1/09/2012,Canterbury,Primary,261.73
1/09/2012,Canterbury,Professionals,161
1/09/2012,Canterbury,Sales,157.13
1/09/2012,Canterbury,Sales Workers,180.8
1/09/2012,Canterbury,Semi-Skilled,310.71
1/09/2012,Canterbury,Skilled,157.59
1/09/2012,Canterbury,SkilledIndex,192.7
1/09/2012,Canterbury,Technicians and Trades Workers,263.3
1/09/2012,Canterbury,Unskilled,207.01
1/09/2012,Canterbury,UnskilledIndex,203.5
1/09/2012,Gisborne/Hawkes Bay,Business services,151.06
1/09/2012,Gisborne/Hawkes Bay,Clerical and Administrative Workers,163.7
1/09/2012,Gisborne/Hawkes Bay,Community and Personal Service Workers,143.4
1/09/2012,Gisborne/Hawkes Bay,Construction,153.79
1/09/2012,Gisborne/Hawkes Bay,Education,40.41
1/09/2012,Gisborne/Hawkes Bay,Health care,122.98
1/09/2012,Gisborne/Hawkes Bay,Highly-Skilled,141.73
1/09/2012,Gisborne/Hawkes Bay,Hospitality,125.6
1/09/2012,Gisborne/Hawkes Bay,IT,166.67
1/09/2012,Gisborne/Hawkes Bay,Labourers,110.1
1/09/2012,Gisborne/Hawkes Bay,Low-Skilled,113.71
1/09/2012,Gisborne/Hawkes Bay,Machinery Operators and Drivers,97.1
1/09/2012,Gisborne/Hawkes Bay,Managers,176.9
1/09/2012,Gisborne/Hawkes Bay,Manufacturing,125.81
1/09/2012,Gisborne/Hawkes Bay,Other,111.84
1/09/2012,Gisborne/Hawkes Bay,Primary,185.71
1/09/2012,Gisborne/Hawkes Bay,Professionals,93.9
1/09/2012,Gisborne/Hawkes Bay,Sales,152
1/09/2012,Gisborne/Hawkes Bay,Sales Workers,86.5
1/09/2012,Gisborne/Hawkes Bay,Semi-Skilled,150
1/09/2012,Gisborne/Hawkes Bay,Skilled,89.73
1/09/2012,Gisborne/Hawkes Bay,SkilledIndex,123.7
1/09/2012,Gisborne/Hawkes Bay,Technicians and Trades Workers,131.1
1/09/2012,Gisborne/Hawkes Bay,Unskilled,116.8
1/09/2012,Gisborne/Hawkes Bay,UnskilledIndex,114.5
1/09/2012,Manawatu-Whanganui/Taranaki,Business services,158.05
1/09/2012,Manawatu-Whanganui/Taranaki,Clerical and Administrative Workers,132.3
1/09/2012,Manawatu-Whanganui/Taranaki,Community and Personal Service Workers,161
1/09/2012,Manawatu-Whanganui/Taranaki,Construction,153.33
1/09/2012,Manawatu-Whanganui/Taranaki,Education,62.06
1/09/2012,Manawatu-Whanganui/Taranaki,Health care,138.26
1/09/2012,Manawatu-Whanganui/Taranaki,Highly-Skilled,133.02
1/09/2012,Manawatu-Whanganui/Taranaki,Hospitality,98.5
1/09/2012,Manawatu-Whanganui/Taranaki,IT,102.35
1/09/2012,Manawatu-Whanganui/Taranaki,Labourers,159.5
1/09/2012,Manawatu-Whanganui/Taranaki,Low-Skilled,145.02
1/09/2012,Manawatu-Whanganui/Taranaki,Machinery Operators and Drivers,139.4
1/09/2012,Manawatu-Whanganui/Taranaki,Managers,116
1/09/2012,Manawatu-Whanganui/Taranaki,Manufacturing,137.39
1/09/2012,Manawatu-Whanganui/Taranaki,Other,113.25
1/09/2012,Manawatu-Whanganui/Taranaki,Primary,212.86
1/09/2012,Manawatu-Whanganui/Taranaki,Professionals,103.8
1/09/2012,Manawatu-Whanganui/Taranaki,Sales,120
1/09/2012,Manawatu-Whanganui/Taranaki,Sales Workers,112.5
1/09/2012,Manawatu-Whanganui/Taranaki,Semi-Skilled,176.26
1/09/2012,Manawatu-Whanganui/Taranaki,Skilled,84.55
1/09/2012,Manawatu-Whanganui/Taranaki,SkilledIndex,119.1
1/09/2012,Manawatu-Whanganui/Taranaki,Technicians and Trades Workers,159.8
1/09/2012,Manawatu-Whanganui/Taranaki,Unskilled,131.66
1/09/2012,Manawatu-Whanganui/Taranaki,UnskilledIndex,141.2
1/09/2012,Northland,Business services,86.92
1/09/2012,Northland,Clerical and Administrative Workers,132.9
1/09/2012,Northland,Community and Personal Service Workers,156.2
1/09/2012,Northland,Construction,153.38
1/09/2012,Northland,Education,47.03
1/09/2012,Northland,Health care,144.56
1/09/2012,Northland,Highly-Skilled,133.03
1/09/2012,Northland,Hospitality,134.48
1/09/2012,Northland,IT,128.57
1/09/2012,Northland,Labourers,157.1
1/09/2012,Northland,Low-Skilled,141.9
1/09/2012,Northland,Machinery Operators and Drivers,196.7
1/09/2012,Northland,Managers,147.5
1/09/2012,Northland,Manufacturing,169.64
1/09/2012,Northland,Other,205.88
1/09/2012,Northland,Primary,138.46
1/09/2012,Northland,Professionals,90.1
1/09/2012,Northland,Sales,141.54
1/09/2012,Northland,Sales Workers,104.3
1/09/2012,Northland,Semi-Skilled,139.13
1/09/2012,Northland,Skilled,79.54
1/09/2012,Northland,SkilledIndex,112.2
1/09/2012,Northland,Technicians and Trades Workers,147.6
1/09/2012,Northland,Unskilled,132.86
1/09/2012,Northland,UnskilledIndex,139.4
1/09/2012,Otago/Southland,Business services,153.42
1/09/2012,Otago/Southland,Clerical and Administrative Workers,165.7
1/09/2012,Otago/Southland,Community and Personal Service Workers,225.3
1/09/2012,Otago/Southland,Construction,199.75
1/09/2012,Otago/Southland,Education,62.46
1/09/2012,Otago/Southland,Health care,158.07
1/09/2012,Otago/Southland,Highly-Skilled,141.36
1/09/2012,Otago/Southland,Hospitality,134.15
1/09/2012,Otago/Southland,IT,163.44
1/09/2012,Otago/Southland,Labourers,155.7
1/09/2012,Otago/Southland,Low-Skilled,156.75
1/09/2012,Otago/Southland,Machinery Operators and Drivers,162.4
1/09/2012,Otago/Southland,Managers,134
1/09/2012,Otago/Southland,Manufacturing,136.88
1/09/2012,Otago/Southland,Other,195.24
1/09/2012,Otago/Southland,Primary,187.16
1/09/2012,Otago/Southland,Professionals,112.3
1/09/2012,Otago/Southland,Sales,141.72
1/09/2012,Otago/Southland,Sales Workers,137.8
1/09/2012,Otago/Southland,Semi-Skilled,210.78
1/09/2012,Otago/Southland,Skilled,113.38
1/09/2012,Otago/Southland,SkilledIndex,140.8
1/09/2012,Otago/Southland,Technicians and Trades Workers,169.9
1/09/2012,Otago/Southland,Unskilled,153.49
1/09/2012,Otago/Southland,UnskilledIndex,155.7
1/09/2012,Tasman/Nelson/Marlborough/West Coast,Business services,133.33
1/09/2012,Tasman/Nelson/Marlborough/West Coast,Clerical and Administrative Workers,127.6
1/09/2012,Tasman/Nelson/Marlborough/West Coast,Community and Personal Service Workers,161.4
1/09/2012,Tasman/Nelson/Marlborough/West Coast,Construction,201.27
1/09/2012,Tasman/Nelson/Marlborough/West Coast,Education,39.13
1/09/2012,Tasman/Nelson/Marlborough/West Coast,Health care,194.87
1/09/2012,Tasman/Nelson/Marlborough/West Coast,Highly-Skilled,136.7
1/09/2012,Tasman/Nelson/Marlborough/West Coast,Hospitality,137.42
1/09/2012,Tasman/Nelson/Marlborough/West Coast,IT,130.77
1/09/2012,Tasman/Nelson/Marlborough/West Coast,Labourers,130.4
1/09/2012,Tasman/Nelson/Marlborough/West Coast,Low-Skilled,141.34
1/09/2012,Tasman/Nelson/Marlborough/West Coast,Machinery Operators and Drivers,110.4
1/09/2012,Tasman/Nelson/Marlborough/West Coast,Managers,139.1
1/09/2012,Tasman/Nelson/Marlborough/West Coast,Manufacturing,154.35
1/09/2012,Tasman/Nelson/Marlborough/West Coast,Other,90.79
1/09/2012,Tasman/Nelson/Marlborough/West Coast,Primary,137.63
1/09/2012,Tasman/Nelson/Marlborough/West Coast,Professionals,91.8
1/09/2012,Tasman/Nelson/Marlborough/West Coast,Sales,133.04
1/09/2012,Tasman/Nelson/Marlborough/West Coast,Sales Workers,131.9
1/09/2012,Tasman/Nelson/Marlborough/West Coast,Semi-Skilled,240.68
1/09/2012,Tasman/Nelson/Marlborough/West Coast,Skilled,80.93
1/09/2012,Tasman/Nelson/Marlborough/West Coast,SkilledIndex,125.2
1/09/2012,Tasman/Nelson/Marlborough/West Coast,Technicians and Trades Workers,189.7
1/09/2012,Tasman/Nelson/Marlborough/West Coast,Unskilled,125.78
1/09/2012,Tasman/Nelson/Marlborough/West Coast,UnskilledIndex,136.7
1/09/2012,Totals,Auckland,127.96
1/09/2012,Totals,Bay of Plenty,126.6
1/09/2012,Totals,Business services,137.42
1/09/2012,Totals,Canterbury,195.68
1/09/2012,Totals,Clerical and Administrative Workers,140.4
1/09/2012,Totals,Community and Personal Service Workers,161.6
1/09/2012,Totals,Construction,179.7
1/09/2012,Totals,Education,61.19
1/09/2012,Totals,Gisborne/Hawkes Bay,120.7
1/09/2012,Totals,Health care,149.38
1/09/2012,Totals,Highly-Skilled,130.67
1/09/2012,Totals,Hospitality,132.32
1/09/2012,Totals,IT,119.62
1/09/2012,Totals,Labourers,187.1
1/09/2012,Totals,Low-Skilled,146.04
1/09/2012,Totals,Machinery Operators and Drivers,166.9
1/09/2012,Totals,Managers,129.3
1/09/2012,Totals,Manawatu-Whanganui/Taranaki,125.2
1/09/2012,Totals,Manufacturing,147.42
1/09/2012,Totals,Northland,119.29
1/09/2012,Totals,Otago/Southland,145.94
1/09/2012,Totals,Other,135.62
1/09/2012,Totals,Primary,187.9
1/09/2012,Totals,Professionals,120.4
1/09/2012,Totals,Sales,138.89
1/09/2012,Totals,Sales Workers,145.8
1/09/2012,Totals,Semi-Skilled,189.91
1/09/2012,Totals,Skilled,113.73
1/09/2012,Totals,SkilledIndex,131.6
1/09/2012,Totals,Tasman/Nelson/Marlborough/West Coast,129.61
1/09/2012,Totals,Technicians and Trades Workers,168.9
1/09/2012,Totals,TotalsIndex,136.49
1/09/2012,Totals,Unskilled,162.27
1/09/2012,Totals,UnskilledIndex,150.1
1/09/2012,Totals,Waikato,133.87
1/09/2012,Totals,Wellington,126.09
1/09/2012,Waikato,Business services,134.03
1/09/2012,Waikato,Clerical and Administrative Workers,131.9
1/09/2012,Waikato,Community and Personal Service Workers,159.9
1/09/2012,Waikato,Construction,169.48
1/09/2012,Waikato,Education,67.31
1/09/2012,Waikato,Health care,132.67
1/09/2012,Waikato,Highly-Skilled,133.03
1/09/2012,Waikato,Hospitality,125.89
1/09/2012,Waikato,IT,160.3
1/09/2012,Waikato,Labourers,181.6
1/09/2012,Waikato,Low-Skilled,149.6
1/09/2012,Waikato,Machinery Operators and Drivers,138
1/09/2012,Waikato,Managers,131.8
1/09/2012,Waikato,Manufacturing,133.12
1/09/2012,Waikato,Other,150.79
1/09/2012,Waikato,Primary,174.74
1/09/2012,Waikato,Professionals,108.8
1/09/2012,Waikato,Sales,132.12
1/09/2012,Waikato,Sales Workers,145.5
1/09/2012,Waikato,Semi-Skilled,172.94
1/09/2012,Waikato,Skilled,100.63
1/09/2012,Waikato,SkilledIndex,127.6
1/09/2012,Waikato,Technicians and Trades Workers,166.2
1/09/2012,Waikato,Unskilled,146.71
1/09/2012,Waikato,UnskilledIndex,148.8
1/09/2012,Wellington,Business services,146.54
1/09/2012,Wellington,Clerical and Administrative Workers,139.9
1/09/2012,Wellington,Community and Personal Service Workers,167.9
1/09/2012,Wellington,Construction,134.14
1/09/2012,Wellington,Education,64.33
1/09/2012,Wellington,Health care,139.46
1/09/2012,Wellington,Highly-Skilled,120.23
1/09/2012,Wellington,Hospitality,154.67
1/09/2012,Wellington,IT,107.68
1/09/2012,Wellington,Labourers,180.7
1/09/2012,Wellington,Low-Skilled,147.74
1/09/2012,Wellington,Machinery Operators and Drivers,124.2
1/09/2012,Wellington,Managers,114.9
1/09/2012,Wellington,Manufacturing,136.78
1/09/2012,Wellington,Other,131.75
1/09/2012,Wellington,Primary,232.84
1/09/2012,Wellington,Professionals,116.4
1/09/2012,Wellington,Sales,131.8
1/09/2012,Wellington,Sales Workers,151.8
1/09/2012,Wellington,Semi-Skilled,145.57
1/09/2012,Wellington,Skilled,112.85
1/09/2012,Wellington,SkilledIndex,120.2
1/09/2012,Wellington,Technicians and Trades Workers,135
1/09/2012,Wellington,Unskilled,158.5
1/09/2012,Wellington,UnskilledIndex,150.5
1/12/2012,Auckland,Business services,94.84
1/12/2012,Auckland,Clerical and Administrative Workers,94.9
1/12/2012,Auckland,Community and Personal Service Workers,117.1
1/12/2012,Auckland,Construction,133.56
1/12/2012,Auckland,Education,71.21
1/12/2012,Auckland,Health care,113.04
1/12/2012,Auckland,Highly-Skilled,99.3
1/12/2012,Auckland,Hospitality,117.76
1/12/2012,Auckland,IT,90.81
1/12/2012,Auckland,Labourers,150.6
1/12/2012,Auckland,Low-Skilled,102.27
1/12/2012,Auckland,Machinery Operators and Drivers,133.4
1/12/2012,Auckland,Managers,101.3
1/12/2012,Auckland,Manufacturing,118.83
1/12/2012,Auckland,Other,108.29
1/12/2012,Auckland,Primary,125.17
1/12/2012,Auckland,Professionals,96.4
1/12/2012,Auckland,Sales,101.88
1/12/2012,Auckland,Sales Workers,109.3
1/12/2012,Auckland,Semi-Skilled,137.52
1/12/2012,Auckland,Skilled,102.59
1/12/2012,Auckland,SkilledIndex,102.8
1/12/2012,Auckland,Technicians and Trades Workers,128.9
1/12/2012,Auckland,Unskilled,128.79
1/12/2012,Auckland,UnskilledIndex,107.8
1/12/2012,Bay of Plenty,Business services,102.64
1/12/2012,Bay of Plenty,Clerical and Administrative Workers,97.8
1/12/2012,Bay of Plenty,Community and Personal Service Workers,127.7
1/12/2012,Bay of Plenty,Construction,149.77
1/12/2012,Bay of Plenty,Education,64.26
1/12/2012,Bay of Plenty,Health care,118.67
1/12/2012,Bay of Plenty,Highly-Skilled,103.19
1/12/2012,Bay of Plenty,Hospitality,110.34
1/12/2012,Bay of Plenty,IT,57.83
1/12/2012,Bay of Plenty,Labourers,155.1
1/12/2012,Bay of Plenty,Low-Skilled,109.88
1/12/2012,Bay of Plenty,Machinery Operators and Drivers,116.7
1/12/2012,Bay of Plenty,Managers,102.7
1/12/2012,Bay of Plenty,Manufacturing,114.97
1/12/2012,Bay of Plenty,Other,118.27
1/12/2012,Bay of Plenty,Primary,147.73
1/12/2012,Bay of Plenty,Professionals,90.5
1/12/2012,Bay of Plenty,Sales,103.51
1/12/2012,Bay of Plenty,Sales Workers,108.2
1/12/2012,Bay of Plenty,Semi-Skilled,152.53
1/12/2012,Bay of Plenty,Skilled,98.35
1/12/2012,Bay of Plenty,SkilledIndex,108.4
1/12/2012,Bay of Plenty,Technicians and Trades Workers,132.8
1/12/2012,Bay of Plenty,Unskilled,112.34
1/12/2012,Bay of Plenty,UnskilledIndex,110.6
1/12/2012,Canterbury,Business services,147.09
1/12/2012,Canterbury,Clerical and Administrative Workers,148.7
1/12/2012,Canterbury,Community and Personal Service Workers,137.3
1/12/2012,Canterbury,Construction,279.97
1/12/2012,Canterbury,Education,77.17
1/12/2012,Canterbury,Health care,149.6
1/12/2012,Canterbury,Highly-Skilled,152.71
1/12/2012,Canterbury,Hospitality,118.65
1/12/2012,Canterbury,IT,119.57
1/12/2012,Canterbury,Labourers,227.1
1/12/2012,Canterbury,Low-Skilled,168.04
1/12/2012,Canterbury,Machinery Operators and Drivers,271.5
1/12/2012,Canterbury,Managers,145.6
1/12/2012,Canterbury,Manufacturing,211.01
1/12/2012,Canterbury,Other,150.23
1/12/2012,Canterbury,Primary,160.49
1/12/2012,Canterbury,Professionals,138.2
1/12/2012,Canterbury,Sales,121.47
1/12/2012,Canterbury,Sales Workers,134.6
1/12/2012,Canterbury,Semi-Skilled,262.46
1/12/2012,Canterbury,Skilled,135.56
1/12/2012,Canterbury,SkilledIndex,161.6
1/12/2012,Canterbury,Technicians and Trades Workers,229.9
1/12/2012,Canterbury,Unskilled,162.19
1/12/2012,Canterbury,UnskilledIndex,166.3
1/12/2012,Gisborne/Hawkes Bay,Business services,140.43
1/12/2012,Gisborne/Hawkes Bay,Clerical and Administrative Workers,145.1
1/12/2012,Gisborne/Hawkes Bay,Community and Personal Service Workers,133.8
1/12/2012,Gisborne/Hawkes Bay,Construction,136.36
1/12/2012,Gisborne/Hawkes Bay,Education,57.96
1/12/2012,Gisborne/Hawkes Bay,Health care,94.82
1/12/2012,Gisborne/Hawkes Bay,Highly-Skilled,117.31
1/12/2012,Gisborne/Hawkes Bay,Hospitality,132
1/12/2012,Gisborne/Hawkes Bay,IT,81.48
1/12/2012,Gisborne/Hawkes Bay,Labourers,112.6
1/12/2012,Gisborne/Hawkes Bay,Low-Skilled,108.65
1/12/2012,Gisborne/Hawkes Bay,Machinery Operators and Drivers,94.2
1/12/2012,Gisborne/Hawkes Bay,Managers,166
1/12/2012,Gisborne/Hawkes Bay,Manufacturing,140.32
1/12/2012,Gisborne/Hawkes Bay,Other,135.53
1/12/2012,Gisborne/Hawkes Bay,Primary,136.51
1/12/2012,Gisborne/Hawkes Bay,Professionals,84
1/12/2012,Gisborne/Hawkes Bay,Sales,126
1/12/2012,Gisborne/Hawkes Bay,Sales Workers,89.7
1/12/2012,Gisborne/Hawkes Bay,Semi-Skilled,136.49
1/12/2012,Gisborne/Hawkes Bay,Skilled,100.91
1/12/2012,Gisborne/Hawkes Bay,SkilledIndex,114.2
1/12/2012,Gisborne/Hawkes Bay,Technicians and Trades Workers,126.3
1/12/2012,Gisborne/Hawkes Bay,Unskilled,115.2
1/12/2012,Gisborne/Hawkes Bay,UnskilledIndex,110.4
1/12/2012,Manawatu-Whanganui/Taranaki,Business services,135.21
1/12/2012,Manawatu-Whanganui/Taranaki,Clerical and Administrative Workers,124.5
1/12/2012,Manawatu-Whanganui/Taranaki,Community and Personal Service Workers,130.2
1/12/2012,Manawatu-Whanganui/Taranaki,Construction,142.67
1/12/2012,Manawatu-Whanganui/Taranaki,Education,84.82
1/12/2012,Manawatu-Whanganui/Taranaki,Health care,100.61
1/12/2012,Manawatu-Whanganui/Taranaki,Highly-Skilled,116.94
1/12/2012,Manawatu-Whanganui/Taranaki,Hospitality,113.53
1/12/2012,Manawatu-Whanganui/Taranaki,IT,100
1/12/2012,Manawatu-Whanganui/Taranaki,Labourers,173.8
1/12/2012,Manawatu-Whanganui/Taranaki,Low-Skilled,132.8
1/12/2012,Manawatu-Whanganui/Taranaki,Machinery Operators and Drivers,131.7
1/12/2012,Manawatu-Whanganui/Taranaki,Managers,111.2
1/12/2012,Manawatu-Whanganui/Taranaki,Manufacturing,129.13
1/12/2012,Manawatu-Whanganui/Taranaki,Other,121.85
1/12/2012,Manawatu-Whanganui/Taranaki,Primary,245.71
1/12/2012,Manawatu-Whanganui/Taranaki,Professionals,100.9
1/12/2012,Manawatu-Whanganui/Taranaki,Sales,100.96
1/12/2012,Manawatu-Whanganui/Taranaki,Sales Workers,103.1
1/12/2012,Manawatu-Whanganui/Taranaki,Semi-Skilled,188.41
1/12/2012,Manawatu-Whanganui/Taranaki,Skilled,90.04
1/12/2012,Manawatu-Whanganui/Taranaki,SkilledIndex,114.8
1/12/2012,Manawatu-Whanganui/Taranaki,Technicians and Trades Workers,154.1
1/12/2012,Manawatu-Whanganui/Taranaki,Unskilled,122.6
1/12/2012,Manawatu-Whanganui/Taranaki,UnskilledIndex,129.9
1/12/2012,Northland,Business services,94.62
1/12/2012,Northland,Clerical and Administrative Workers,140.8
1/12/2012,Northland,Community and Personal Service Workers,112.6
1/12/2012,Northland,Construction,159.46
1/12/2012,Northland,Education,83.56
1/12/2012,Northland,Health care,111.86
1/12/2012,Northland,Highly-Skilled,116.4
1/12/2012,Northland,Hospitality,124.14
1/12/2012,Northland,IT,64.29
1/12/2012,Northland,Labourers,142.9
1/12/2012,Northland,Low-Skilled,120.11
1/12/2012,Northland,Machinery Operators and Drivers,133.3
1/12/2012,Northland,Managers,108.9
1/12/2012,Northland,Manufacturing,141.07
1/12/2012,Northland,Other,158.82
1/12/2012,Northland,Primary,133.33
1/12/2012,Northland,Professionals,101.1
1/12/2012,Northland,Sales,113.08
1/12/2012,Northland,Sales Workers,107.6
1/12/2012,Northland,Semi-Skilled,114.13
1/12/2012,Northland,Skilled,103.27
1/12/2012,Northland,SkilledIndex,110.8
1/12/2012,Northland,Technicians and Trades Workers,139.7
1/12/2012,Northland,Unskilled,144.29
1/12/2012,Northland,UnskilledIndex,126.7
1/12/2012,Otago/Southland,Business services,123.29
1/12/2012,Otago/Southland,Clerical and Administrative Workers,134.7
1/12/2012,Otago/Southland,Community and Personal Service Workers,184.4
1/12/2012,Otago/Southland,Construction,171.54
1/12/2012,Otago/Southland,Education,76.97
1/12/2012,Otago/Southland,Health care,116.04
1/12/2012,Otago/Southland,Highly-Skilled,117.09
1/12/2012,Otago/Southland,Hospitality,145.12
1/12/2012,Otago/Southland,IT,141.94
1/12/2012,Otago/Southland,Labourers,149.5
1/12/2012,Otago/Southland,Low-Skilled,131.01
1/12/2012,Otago/Southland,Machinery Operators and Drivers,145.5
1/12/2012,Otago/Southland,Managers,116.8
1/12/2012,Otago/Southland,Manufacturing,127.5
1/12/2012,Otago/Southland,Other,171.43
1/12/2012,Otago/Southland,Primary,139.45
1/12/2012,Otago/Southland,Professionals,101.5
1/12/2012,Otago/Southland,Sales,109.75
1/12/2012,Otago/Southland,Sales Workers,114
1/12/2012,Otago/Southland,Semi-Skilled,196.57
1/12/2012,Otago/Southland,Skilled,112.45
1/12/2012,Otago/Southland,SkilledIndex,126.2
1/12/2012,Otago/Southland,Technicians and Trades Workers,157.8
1/12/2012,Otago/Southland,Unskilled,133.49
1/12/2012,Otago/Southland,UnskilledIndex,131.8
1/12/2012,Tasman/Nelson/Marlborough/West Coast,Business services,96.55
1/12/2012,Tasman/Nelson/Marlborough/West Coast,Clerical and Administrative Workers,104.8
1/12/2012,Tasman/Nelson/Marlborough/West Coast,Community and Personal Service Workers,124.9
1/12/2012,Tasman/Nelson/Marlborough/West Coast,Construction,165.25
1/12/2012,Tasman/Nelson/Marlborough/West Coast,Education,66.09
1/12/2012,Tasman/Nelson/Marlborough/West Coast,Health care,130.1
1/12/2012,Tasman/Nelson/Marlborough/West Coast,Highly-Skilled,105.89
1/12/2012,Tasman/Nelson/Marlborough/West Coast,Hospitality,162.58
1/12/2012,Tasman/Nelson/Marlborough/West Coast,IT,73.08
1/12/2012,Tasman/Nelson/Marlborough/West Coast,Labourers,135.6
1/12/2012,Tasman/Nelson/Marlborough/West Coast,Low-Skilled,105.53
1/12/2012,Tasman/Nelson/Marlborough/West Coast,Machinery Operators and Drivers,101.8
1/12/2012,Tasman/Nelson/Marlborough/West Coast,Managers,111
1/12/2012,Tasman/Nelson/Marlborough/West Coast,Manufacturing,157.61
1/12/2012,Tasman/Nelson/Marlborough/West Coast,Other,107.89
1/12/2012,Tasman/Nelson/Marlborough/West Coast,Primary,94.62
1/12/2012,Tasman/Nelson/Marlborough/West Coast,Professionals,83.5
1/12/2012,Tasman/Nelson/Marlborough/West Coast,Sales,103.57
1/12/2012,Tasman/Nelson/Marlborough/West Coast,Sales Workers,99.1
1/12/2012,Tasman/Nelson/Marlborough/West Coast,Semi-Skilled,190.68
1/12/2012,Tasman/Nelson/Marlborough/West Coast,Skilled,95.66
1/12/2012,Tasman/Nelson/Marlborough/West Coast,SkilledIndex,111.5
1/12/2012,Tasman/Nelson/Marlborough/West Coast,Technicians and Trades Workers,174.8
1/12/2012,Tasman/Nelson/Marlborough/West Coast,Unskilled,128.76
1/12/2012,Tasman/Nelson/Marlborough/West Coast,UnskilledIndex,112.5
1/12/2012,Totals,Auckland,103.8
1/12/2012,Totals,Bay of Plenty,109.1
1/12/2012,Totals,Business services,105.72
1/12/2012,Totals,Canterbury,162.31
1/12/2012,Totals,Clerical and Administrative Workers,107.8
1/12/2012,Totals,Community and Personal Service Workers,129.9
1/12/2012,Totals,Construction,162.56
1/12/2012,Totals,Education,74.25
1/12/2012,Totals,Gisborne/Hawkes Bay,111.19
1/12/2012,Totals,Health care,116.38
1/12/2012,Totals,Highly-Skilled,106.46
1/12/2012,Totals,Hospitality,121.24
1/12/2012,Totals,IT,91.47
1/12/2012,Totals,Labourers,162.9
1/12/2012,Totals,Low-Skilled,116.95
1/12/2012,Totals,Machinery Operators and Drivers,149.9
1/12/2012,Totals,Managers,107.7
1/12/2012,Totals,Manawatu-Whanganui/Taranaki,117.73
1/12/2012,Totals,Manufacturing,132.98
1/12/2012,Totals,Northland,113.32
1/12/2012,Totals,Otago/Southland,126.27
1/12/2012,Totals,Other,119.42
1/12/2012,Totals,Primary,149.17
1/12/2012,Totals,Professionals,102.6
1/12/2012,Totals,Sales,104.79
1/12/2012,Totals,Sales Workers,110.9
1/12/2012,Totals,Semi-Skilled,168.27
1/12/2012,Totals,Skilled,105.62
1/12/2012,Totals,SkilledIndex,111.8
1/12/2012,Totals,Tasman/Nelson/Marlborough/West Coast,112.37
1/12/2012,Totals,Technicians and Trades Workers,150.6
1/12/2012,Totals,TotalsIndex,113.64
1/12/2012,Totals,Unskilled,130.12
1/12/2012,Totals,UnskilledIndex,120.3
1/12/2012,Totals,Waikato,111.26
1/12/2012,Totals,Wellington,103.84
1/12/2012,Waikato,Business services,105.67
1/12/2012,Waikato,Clerical and Administrative Workers,116.4
1/12/2012,Waikato,Community and Personal Service Workers,125.3
1/12/2012,Waikato,Construction,143.18
1/12/2012,Waikato,Education,87.31
1/12/2012,Waikato,Health care,121.2
1/12/2012,Waikato,Highly-Skilled,104.23
1/12/2012,Waikato,Hospitality,111.16
1/12/2012,Waikato,IT,91.46
1/12/2012,Waikato,Labourers,117.6
1/12/2012,Waikato,Low-Skilled,123.43
1/12/2012,Waikato,Machinery Operators and Drivers,126.3
1/12/2012,Waikato,Managers,107.5
1/12/2012,Waikato,Manufacturing,108.04
1/12/2012,Waikato,Other,110.05
1/12/2012,Waikato,Primary,144.21
1/12/2012,Waikato,Professionals,95.3
1/12/2012,Waikato,Sales,99.24
1/12/2012,Waikato,Sales Workers,102.9
1/12/2012,Waikato,Semi-Skilled,148.51
1/12/2012,Waikato,Skilled,104.3
1/12/2012,Waikato,SkilledIndex,109.7
1/12/2012,Waikato,Technicians and Trades Workers,148.4
1/12/2012,Waikato,Unskilled,103.95
1/12/2012,Waikato,UnskilledIndex,117.7
1/12/2012,Wellington,Business services,108.73
1/12/2012,Wellington,Clerical and Administrative Workers,101.2
1/12/2012,Wellington,Community and Personal Service Workers,130.3
1/12/2012,Wellington,Construction,134.37
1/12/2012,Wellington,Education,73.68
1/12/2012,Wellington,Health care,115.82
1/12/2012,Wellington,Highly-Skilled,98.94
1/12/2012,Wellington,Hospitality,117.33
1/12/2012,Wellington,IT,86.18
1/12/2012,Wellington,Labourers,160.6
1/12/2012,Wellington,Low-Skilled,109.54
1/12/2012,Wellington,Machinery Operators and Drivers,123.2
1/12/2012,Wellington,Managers,98.8
1/12/2012,Wellington,Manufacturing,120.98
1/12/2012,Wellington,Other,114.76
1/12/2012,Wellington,Primary,174.63
1/12/2012,Wellington,Professionals,96.9
1/12/2012,Wellington,Sales,100.32
1/12/2012,Wellington,Sales Workers,106.4
1/12/2012,Wellington,Semi-Skilled,155.21
1/12/2012,Wellington,Skilled,98.01
1/12/2012,Wellington,SkilledIndex,102.1
1/12/2012,Wellington,Technicians and Trades Workers,124.3
1/12/2012,Wellington,Unskilled,118.41
1/12/2012,Wellington,UnskilledIndex,111.8
1/03/2013,Auckland,Business services,115.94
1/03/2013,Auckland,Clerical and Administrative Workers,119.1
1/03/2013,Auckland,Community and Personal Service Workers,157.9
1/03/2013,Auckland,Construction,166.9
1/03/2013,Auckland,Education,57.58
1/03/2013,Auckland,Health care,134.21
1/03/2013,Auckland,Highly-Skilled,112.73
1/03/2013,Auckland,Hospitality,138.6
1/03/2013,Auckland,IT,98.93
1/03/2013,Auckland,Labourers,203.8
1/03/2013,Auckland,Low-Skilled,135.11
1/03/2013,Auckland,Machinery Operators and Drivers,175.8
1/03/2013,Auckland,Managers,114.6
1/03/2013,Auckland,Manufacturing,142.92
1/03/2013,Auckland,Other,140.08
1/03/2013,Auckland,Primary,144.9
1/03/2013,Auckland,Professionals,105
1/03/2013,Auckland,Sales,127.09
1/03/2013,Auckland,Sales Workers,143.5
1/03/2013,Auckland,Semi-Skilled,183.12
1/03/2013,Auckland,Skilled,107.84
1/03/2013,Auckland,SkilledIndex,116.9
1/03/2013,Auckland,Technicians and Trades Workers,160
1/03/2013,Auckland,Unskilled,162.64
1/03/2013,Auckland,UnskilledIndex,140.9
1/03/2013,Bay of Plenty,Business services,151.7
1/03/2013,Bay of Plenty,Clerical and Administrative Workers,146.1
1/03/2013,Bay of Plenty,Community and Personal Service Workers,140.4
1/03/2013,Bay of Plenty,Construction,191.32
1/03/2013,Bay of Plenty,Education,51.8
1/03/2013,Bay of Plenty,Health care,130.21
1/03/2013,Bay of Plenty,Highly-Skilled,133.8
1/03/2013,Bay of Plenty,Hospitality,124.63
1/03/2013,Bay of Plenty,IT,97.59
1/03/2013,Bay of Plenty,Labourers,209.2
1/03/2013,Bay of Plenty,Low-Skilled,153.4
1/03/2013,Bay of Plenty,Machinery Operators and Drivers,181.3
1/03/2013,Bay of Plenty,Managers,129.2
1/03/2013,Bay of Plenty,Manufacturing,165.78
1/03/2013,Bay of Plenty,Other,108.65
1/03/2013,Bay of Plenty,Primary,186.36
1/03/2013,Bay of Plenty,Professionals,102.4
1/03/2013,Bay of Plenty,Sales,141.62
1/03/2013,Bay of Plenty,Sales Workers,136.1
1/03/2013,Bay of Plenty,Semi-Skilled,213.64
1/03/2013,Bay of Plenty,Skilled,88.02
1/03/2013,Bay of Plenty,SkilledIndex,128.3
1/03/2013,Bay of Plenty,Technicians and Trades Workers,170.4
1/03/2013,Bay of Plenty,Unskilled,155.33
1/03/2013,Bay of Plenty,UnskilledIndex,154
1/03/2013,Canterbury,Business services,178.77
1/03/2013,Canterbury,Clerical and Administrative Workers,181.6
1/03/2013,Canterbury,Community and Personal Service Workers,170.7
1/03/2013,Canterbury,Construction,326.17
1/03/2013,Canterbury,Education,54.95
1/03/2013,Canterbury,Health care,196.54
1/03/2013,Canterbury,Highly-Skilled,177.36
1/03/2013,Canterbury,Hospitality,131.58
1/03/2013,Canterbury,IT,121.58
1/03/2013,Canterbury,Labourers,295.3
1/03/2013,Canterbury,Low-Skilled,203.92
1/03/2013,Canterbury,Machinery Operators and Drivers,335.2
1/03/2013,Canterbury,Managers,165
1/03/2013,Canterbury,Manufacturing,263.41
1/03/2013,Canterbury,Other,168.84
1/03/2013,Canterbury,Primary,202.47
1/03/2013,Canterbury,Professionals,152.2
1/03/2013,Canterbury,Sales,161.47
1/03/2013,Canterbury,Sales Workers,174.4
1/03/2013,Canterbury,Semi-Skilled,331.9
1/03/2013,Canterbury,Skilled,137.07
1/03/2013,Canterbury,SkilledIndex,185
1/03/2013,Canterbury,Technicians and Trades Workers,269.1
1/03/2013,Canterbury,Unskilled,215.77
1/03/2013,Canterbury,UnskilledIndex,207.4
1/03/2013,Gisborne/Hawkes Bay,Business services,165.96
1/03/2013,Gisborne/Hawkes Bay,Clerical and Administrative Workers,201.8
1/03/2013,Gisborne/Hawkes Bay,Community and Personal Service Workers,141.2
1/03/2013,Gisborne/Hawkes Bay,Construction,157.58
1/03/2013,Gisborne/Hawkes Bay,Education,34.69
1/03/2013,Gisborne/Hawkes Bay,Health care,114.7
1/03/2013,Gisborne/Hawkes Bay,Highly-Skilled,134.1
1/03/2013,Gisborne/Hawkes Bay,Hospitality,127.2
1/03/2013,Gisborne/Hawkes Bay,IT,162.96
1/03/2013,Gisborne/Hawkes Bay,Labourers,166.3
1/03/2013,Gisborne/Hawkes Bay,Low-Skilled,148.24
1/03/2013,Gisborne/Hawkes Bay,Machinery Operators and Drivers,155.1
1/03/2013,Gisborne/Hawkes Bay,Managers,147.6
1/03/2013,Gisborne/Hawkes Bay,Manufacturing,195.16
1/03/2013,Gisborne/Hawkes Bay,Other,130.26
1/03/2013,Gisborne/Hawkes Bay,Primary,176.19
1/03/2013,Gisborne/Hawkes Bay,Professionals,87.2
1/03/2013,Gisborne/Hawkes Bay,Sales,162
1/03/2013,Gisborne/Hawkes Bay,Sales Workers,132.5
1/03/2013,Gisborne/Hawkes Bay,Semi-Skilled,164.86
1/03/2013,Gisborne/Hawkes Bay,Skilled,73.8
1/03/2013,Gisborne/Hawkes Bay,SkilledIndex,116.5
1/03/2013,Gisborne/Hawkes Bay,Technicians and Trades Workers,136.3
1/03/2013,Gisborne/Hawkes Bay,Unskilled,172
1/03/2013,Gisborne/Hawkes Bay,UnskilledIndex,154.7
1/03/2013,Manawatu-Whanganui/Taranaki,Business services,163.3
1/03/2013,Manawatu-Whanganui/Taranaki,Clerical and Administrative Workers,147.8
1/03/2013,Manawatu-Whanganui/Taranaki,Community and Personal Service Workers,178.5
1/03/2013,Manawatu-Whanganui/Taranaki,Construction,168.19
1/03/2013,Manawatu-Whanganui/Taranaki,Education,55.56
1/03/2013,Manawatu-Whanganui/Taranaki,Health care,134.36
1/03/2013,Manawatu-Whanganui/Taranaki,Highly-Skilled,137.77
1/03/2013,Manawatu-Whanganui/Taranaki,Hospitality,134.59
1/03/2013,Manawatu-Whanganui/Taranaki,IT,94.12
1/03/2013,Manawatu-Whanganui/Taranaki,Labourers,208.3
1/03/2013,Manawatu-Whanganui/Taranaki,Low-Skilled,164.2
1/03/2013,Manawatu-Whanganui/Taranaki,Machinery Operators and Drivers,146.2
1/03/2013,Manawatu-Whanganui/Taranaki,Managers,123.2
1/03/2013,Manawatu-Whanganui/Taranaki,Manufacturing,149.13
1/03/2013,Manawatu-Whanganui/Taranaki,Other,135.76
1/03/2013,Manawatu-Whanganui/Taranaki,Primary,215.71
1/03/2013,Manawatu-Whanganui/Taranaki,Professionals,101.5
1/03/2013,Manawatu-Whanganui/Taranaki,Sales,135.9
1/03/2013,Manawatu-Whanganui/Taranaki,Sales Workers,139.6
1/03/2013,Manawatu-Whanganui/Taranaki,Semi-Skilled,203.61
1/03/2013,Manawatu-Whanganui/Taranaki,Skilled,82.56
1/03/2013,Manawatu-Whanganui/Taranaki,SkilledIndex,123.9
1/03/2013,Manawatu-Whanganui/Taranaki,Technicians and Trades Workers,174.1
1/03/2013,Manawatu-Whanganui/Taranaki,Unskilled,159.38
1/03/2013,Manawatu-Whanganui/Taranaki,UnskilledIndex,162.8
1/03/2013,Northland,Business services,114.62
1/03/2013,Northland,Clerical and Administrative Workers,153.3
1/03/2013,Northland,Community and Personal Service Workers,165.2
1/03/2013,Northland,Construction,166.22
1/03/2013,Northland,Education,47.95
1/03/2013,Northland,Health care,109.71
1/03/2013,Northland,Highly-Skilled,113.25
1/03/2013,Northland,Hospitality,110.34
1/03/2013,Northland,IT,100
1/03/2013,Northland,Labourers,154.8
1/03/2013,Northland,Low-Skilled,152
1/03/2013,Northland,Machinery Operators and Drivers,230
1/03/2013,Northland,Managers,141.6
1/03/2013,Northland,Manufacturing,187.5
1/03/2013,Northland,Other,170.59
1/03/2013,Northland,Primary,161.54
1/03/2013,Northland,Professionals,71.8
1/03/2013,Northland,Sales,138.46
1/03/2013,Northland,Sales Workers,114.1
1/03/2013,Northland,Semi-Skilled,163.04
1/03/2013,Northland,Skilled,68.51
1/03/2013,Northland,SkilledIndex,101.3
1/03/2013,Northland,Technicians and Trades Workers,147.6
1/03/2013,Northland,Unskilled,151.43
1/03/2013,Northland,UnskilledIndex,151.8
1/03/2013,Otago/Southland,Business services,167.12
1/03/2013,Otago/Southland,Clerical and Administrative Workers,184.5
1/03/2013,Otago/Southland,Community and Personal Service Workers,205.8
1/03/2013,Otago/Southland,Construction,197.23
1/03/2013,Otago/Southland,Education,46.37
1/03/2013,Otago/Southland,Health care,128.73
1/03/2013,Otago/Southland,Highly-Skilled,128.44
1/03/2013,Otago/Southland,Hospitality,151.63
1/03/2013,Otago/Southland,IT,119.35
1/03/2013,Otago/Southland,Labourers,170.1
1/03/2013,Otago/Southland,Low-Skilled,171.52
1/03/2013,Otago/Southland,Machinery Operators and Drivers,138.6
1/03/2013,Otago/Southland,Managers,123.3
1/03/2013,Otago/Southland,Manufacturing,153.13
1/03/2013,Otago/Southland,Other,167.86
1/03/2013,Otago/Southland,Primary,141.28
1/03/2013,Otago/Southland,Professionals,95.1
1/03/2013,Otago/Southland,Sales,154.88
1/03/2013,Otago/Southland,Sales Workers,172.5
1/03/2013,Otago/Southland,Semi-Skilled,202.94
1/03/2013,Otago/Southland,Skilled,96.47
1/03/2013,Otago/Southland,SkilledIndex,127.1
1/03/2013,Otago/Southland,Technicians and Trades Workers,172.8
1/03/2013,Otago/Southland,Unskilled,180.47
1/03/2013,Otago/Southland,UnskilledIndex,174.3
1/03/2013,Tasman/Nelson/Marlborough/West Coast,Business services,137.93
1/03/2013,Tasman/Nelson/Marlborough/West Coast,Clerical and Administrative Workers,169.3
1/03/2013,Tasman/Nelson/Marlborough/West Coast,Community and Personal Service Workers,153.1
1/03/2013,Tasman/Nelson/Marlborough/West Coast,Construction,208.05
1/03/2013,Tasman/Nelson/Marlborough/West Coast,Education,35.65
1/03/2013,Tasman/Nelson/Marlborough/West Coast,Health care,137.99
1/03/2013,Tasman/Nelson/Marlborough/West Coast,Highly-Skilled,110.45
1/03/2013,Tasman/Nelson/Marlborough/West Coast,Hospitality,104.52
1/03/2013,Tasman/Nelson/Marlborough/West Coast,IT,96.15
1/03/2013,Tasman/Nelson/Marlborough/West Coast,Labourers,165.6
1/03/2013,Tasman/Nelson/Marlborough/West Coast,Low-Skilled,148.32
1/03/2013,Tasman/Nelson/Marlborough/West Coast,Machinery Operators and Drivers,120.2
1/03/2013,Tasman/Nelson/Marlborough/West Coast,Managers,114.3
1/03/2013,Tasman/Nelson/Marlborough/West Coast,Manufacturing,198.91
1/03/2013,Tasman/Nelson/Marlborough/West Coast,Other,130.26
1/03/2013,Tasman/Nelson/Marlborough/West Coast,Primary,125.81
1/03/2013,Tasman/Nelson/Marlborough/West Coast,Professionals,74
1/03/2013,Tasman/Nelson/Marlborough/West Coast,Sales,139.29
1/03/2013,Tasman/Nelson/Marlborough/West Coast,Sales Workers,154.3
1/03/2013,Tasman/Nelson/Marlborough/West Coast,Semi-Skilled,235.59
1/03/2013,Tasman/Nelson/Marlborough/West Coast,Skilled,72.27
1/03/2013,Tasman/Nelson/Marlborough/West Coast,SkilledIndex,108.9
1/03/2013,Tasman/Nelson/Marlborough/West Coast,Technicians and Trades Workers,165.9
1/03/2013,Tasman/Nelson/Marlborough/West Coast,Unskilled,168.95
1/03/2013,Tasman/Nelson/Marlborough/West Coast,UnskilledIndex,154.5
1/03/2013,Totals,Auckland,123.32
1/03/2013,Totals,Bay of Plenty,135.92
1/03/2013,Totals,Business services,129.93
1/03/2013,Totals,Canterbury,191.72
1/03/2013,Totals,Clerical and Administrative Workers,137.2
1/03/2013,Totals,Community and Personal Service Workers,162
1/03/2013,Totals,Construction,194.04
1/03/2013,Totals,Education,53.05
1/03/2013,Totals,Gisborne/Hawkes Bay,127.9
1/03/2013,Totals,Health care,134.79
1/03/2013,Totals,Highly-Skilled,119.25
1/03/2013,Totals,Hospitality,137.63
1/03/2013,Totals,IT,96.98
1/03/2013,Totals,Labourers,215.4
1/03/2013,Totals,Low-Skilled,151.91
1/03/2013,Totals,Machinery Operators and Drivers,190.2
1/03/2013,Totals,Managers,118.7
1/03/2013,Totals,Manawatu-Whanganui/Taranaki,133.95
1/03/2013,Totals,Manufacturing,164.1
1/03/2013,Totals,Northland,115.47
1/03/2013,Totals,Otago/Southland,142.81
1/03/2013,Totals,Other,137.06
1/03/2013,Totals,Primary,178.69
1/03/2013,Totals,Professionals,107.9
1/03/2013,Totals,Sales,133.68
1/03/2013,Totals,Sales Workers,147.1
1/03/2013,Totals,Semi-Skilled,208.71
1/03/2013,Totals,Skilled,103.07
1/03/2013,Totals,SkilledIndex,123.1
1/03/2013,Totals,Tasman/Nelson/Marlborough/West Coast,124.95
1/03/2013,Totals,Technicians and Trades Workers,177.2
1/03/2013,Totals,TotalsIndex,132.37
1/03/2013,Totals,Unskilled,170.35
1/03/2013,Totals,UnskilledIndex,156.5
1/03/2013,Totals,Waikato,131.48
1/03/2013,Totals,Wellington,115.15
1/03/2013,Waikato,Business services,140.26
1/03/2013,Waikato,Clerical and Administrative Workers,156.9
1/03/2013,Waikato,Community and Personal Service Workers,155.3
1/03/2013,Waikato,Construction,177.64
1/03/2013,Waikato,Education,52.04
1/03/2013,Waikato,Health care,132.67
1/03/2013,Waikato,Highly-Skilled,116.23
1/03/2013,Waikato,Hospitality,144.2
1/03/2013,Waikato,IT,95.48
1/03/2013,Waikato,Labourers,210.3
1/03/2013,Waikato,Low-Skilled,157.55
1/03/2013,Waikato,Machinery Operators and Drivers,159.6
1/03/2013,Waikato,Managers,125.8
1/03/2013,Waikato,Manufacturing,140.19
1/03/2013,Waikato,Other,128.04
1/03/2013,Waikato,Primary,206.32
1/03/2013,Waikato,Professionals,90.3
1/03/2013,Waikato,Sales,127.27
1/03/2013,Waikato,Sales Workers,128.9
1/03/2013,Waikato,Semi-Skilled,189.44
1/03/2013,Waikato,Skilled,98.23
1/03/2013,Waikato,SkilledIndex,119.5
1/03/2013,Waikato,Technicians and Trades Workers,177.4
1/03/2013,Waikato,Unskilled,157.24
1/03/2013,Waikato,UnskilledIndex,157.5
1/03/2013,Wellington,Business services,128.28
1/03/2013,Wellington,Clerical and Administrative Workers,130.1
1/03/2013,Wellington,Community and Personal Service Workers,153.5
1/03/2013,Wellington,Construction,145.65
1/03/2013,Wellington,Education,56.14
1/03/2013,Wellington,Health care,118.3
1/03/2013,Wellington,Highly-Skilled,103.54
1/03/2013,Wellington,Hospitality,153.71
1/03/2013,Wellington,IT,87.97
1/03/2013,Wellington,Labourers,195.6
1/03/2013,Wellington,Low-Skilled,145.89
1/03/2013,Wellington,Machinery Operators and Drivers,145.8
1/03/2013,Wellington,Managers,98.2
1/03/2013,Wellington,Manufacturing,147.14
1/03/2013,Wellington,Other,129.12
1/03/2013,Wellington,Primary,211.94
1/03/2013,Wellington,Professionals,99.8
1/03/2013,Wellington,Sales,122.43
1/03/2013,Wellington,Sales Workers,144
1/03/2013,Wellington,Semi-Skilled,164.24
1/03/2013,Wellington,Skilled,99.94
1/03/2013,Wellington,SkilledIndex,106.4
1/03/2013,Wellington,Technicians and Trades Workers,142.7
1/03/2013,Wellington,Unskilled,149.8
1/03/2013,Wellington,UnskilledIndex,146.9
1/06/2013,Auckland,Business services,137.15
1/06/2013,Auckland,Clerical and Administrative Workers,141.3
1/06/2013,Auckland,Community and Personal Service Workers,165.3
1/06/2013,Auckland,Construction,182.15
1/06/2013,Auckland,Education,61.63
1/06/2013,Auckland,Health care,147.67
1/06/2013,Auckland,Highly-Skilled,127.87
1/06/2013,Auckland,Hospitality,145.45
1/06/2013,Auckland,IT,113.66
1/06/2013,Auckland,Labourers,216.4
1/06/2013,Auckland,Low-Skilled,151.94
1/06/2013,Auckland,Machinery Operators and Drivers,191
1/06/2013,Auckland,Managers,129.5
1/06/2013,Auckland,Manufacturing,156.24
1/06/2013,Auckland,Other,136.41
1/06/2013,Auckland,Primary,147.62
1/06/2013,Auckland,Professionals,117.9
1/06/2013,Auckland,Sales,141.46
1/06/2013,Auckland,Sales Workers,164.2
1/06/2013,Auckland,Semi-Skilled,200.64
1/06/2013,Auckland,Skilled,122.42
1/06/2013,Auckland,SkilledIndex,132.1
1/06/2013,Auckland,Technicians and Trades Workers,177.8
1/06/2013,Auckland,Unskilled,177.88
1/06/2013,Auckland,UnskilledIndex,157.4
1/06/2013,Bay of Plenty,Business services,149.81
1/06/2013,Bay of Plenty,Clerical and Administrative Workers,137.1
1/06/2013,Bay of Plenty,Community and Personal Service Workers,140.9
1/06/2013,Bay of Plenty,Construction,201.37
1/06/2013,Bay of Plenty,Education,57.7
1/06/2013,Bay of Plenty,Health care,142.57
1/06/2013,Bay of Plenty,Highly-Skilled,143.37
1/06/2013,Bay of Plenty,Hospitality,110.84
1/06/2013,Bay of Plenty,IT,83.13
1/06/2013,Bay of Plenty,Labourers,232.7
1/06/2013,Bay of Plenty,Low-Skilled,135.55
1/06/2013,Bay of Plenty,Machinery Operators and Drivers,164.6
1/06/2013,Bay of Plenty,Managers,148.3
1/06/2013,Bay of Plenty,Manufacturing,178.07
1/06/2013,Bay of Plenty,Other,140.38
1/06/2013,Bay of Plenty,Primary,272.73
1/06/2013,Bay of Plenty,Professionals,105.9
1/06/2013,Bay of Plenty,Sales,140.81
1/06/2013,Bay of Plenty,Sales Workers,130.6
1/06/2013,Bay of Plenty,Semi-Skilled,217.17
1/06/2013,Bay of Plenty,Skilled,99.51
1/06/2013,Bay of Plenty,SkilledIndex,137.7
1/06/2013,Bay of Plenty,Technicians and Trades Workers,177
1/06/2013,Bay of Plenty,Unskilled,171.93
1/06/2013,Bay of Plenty,UnskilledIndex,146.1
1/06/2013,Canterbury,Business services,204.79
1/06/2013,Canterbury,Clerical and Administrative Workers,197.3
1/06/2013,Canterbury,Community and Personal Service Workers,160.2
1/06/2013,Canterbury,Construction,329.61
1/06/2013,Canterbury,Education,52.66
1/06/2013,Canterbury,Health care,188.98
1/06/2013,Canterbury,Highly-Skilled,182.37
1/06/2013,Canterbury,Hospitality,115.34
1/06/2013,Canterbury,IT,163.66
1/06/2013,Canterbury,Labourers,305.3
1/06/2013,Canterbury,Low-Skilled,208.64
1/06/2013,Canterbury,Machinery Operators and Drivers,349.8
1/06/2013,Canterbury,Managers,172.3
1/06/2013,Canterbury,Manufacturing,260.04
1/06/2013,Canterbury,Other,193.49
1/06/2013,Canterbury,Primary,214.2
1/06/2013,Canterbury,Professionals,155
1/06/2013,Canterbury,Sales,156.67
1/06/2013,Canterbury,Sales Workers,167.8
1/06/2013,Canterbury,Semi-Skilled,345.51
1/06/2013,Canterbury,Skilled,142.26
1/06/2013,Canterbury,SkilledIndex,191.2
1/06/2013,Canterbury,Technicians and Trades Workers,278.8
1/06/2013,Canterbury,Unskilled,216.06
1/06/2013,Canterbury,UnskilledIndex,210.8
1/06/2013,Gisborne/Hawkes Bay,Business services,152.48
1/06/2013,Gisborne/Hawkes Bay,Clerical and Administrative Workers,158.4
1/06/2013,Gisborne/Hawkes Bay,Community and Personal Service Workers,125
1/06/2013,Gisborne/Hawkes Bay,Construction,157.58
1/06/2013,Gisborne/Hawkes Bay,Education,42.04
1/06/2013,Gisborne/Hawkes Bay,Health care,105.59
1/06/2013,Gisborne/Hawkes Bay,Highly-Skilled,124.5
1/06/2013,Gisborne/Hawkes Bay,Hospitality,100
1/06/2013,Gisborne/Hawkes Bay,IT,122.22
1/06/2013,Gisborne/Hawkes Bay,Labourers,143.8
1/06/2013,Gisborne/Hawkes Bay,Low-Skilled,125.32
1/06/2013,Gisborne/Hawkes Bay,Machinery Operators and Drivers,121.7
1/06/2013,Gisborne/Hawkes Bay,Managers,156.5
1/06/2013,Gisborne/Hawkes Bay,Manufacturing,137.1
1/06/2013,Gisborne/Hawkes Bay,Other,75
1/06/2013,Gisborne/Hawkes Bay,Primary,160.32
1/06/2013,Gisborne/Hawkes Bay,Professionals,79.1
1/06/2013,Gisborne/Hawkes Bay,Sales,157
1/06/2013,Gisborne/Hawkes Bay,Sales Workers,135.7
1/06/2013,Gisborne/Hawkes Bay,Semi-Skilled,155.41
1/06/2013,Gisborne/Hawkes Bay,Skilled,70.72
1/06/2013,Gisborne/Hawkes Bay,SkilledIndex,109.3
1/06/2013,Gisborne/Hawkes Bay,Technicians and Trades Workers,126.8
1/06/2013,Gisborne/Hawkes Bay,Unskilled,160
1/06/2013,Gisborne/Hawkes Bay,UnskilledIndex,134.7
1/06/2013,Manawatu-Whanganui/Taranaki,Business services,171.16
1/06/2013,Manawatu-Whanganui/Taranaki,Clerical and Administrative Workers,159.3
1/06/2013,Manawatu-Whanganui/Taranaki,Community and Personal Service Workers,173.3
1/06/2013,Manawatu-Whanganui/Taranaki,Construction,175.81
1/06/2013,Manawatu-Whanganui/Taranaki,Education,59.89
1/06/2013,Manawatu-Whanganui/Taranaki,Health care,136.31
1/06/2013,Manawatu-Whanganui/Taranaki,Highly-Skilled,142.28
1/06/2013,Manawatu-Whanganui/Taranaki,Hospitality,133.08
1/06/2013,Manawatu-Whanganui/Taranaki,IT,94.12
1/06/2013,Manawatu-Whanganui/Taranaki,Labourers,259.5
1/06/2013,Manawatu-Whanganui/Taranaki,Low-Skilled,159.57
1/06/2013,Manawatu-Whanganui/Taranaki,Machinery Operators and Drivers,121.2
1/06/2013,Manawatu-Whanganui/Taranaki,Managers,135.9
1/06/2013,Manawatu-Whanganui/Taranaki,Manufacturing,146.52
1/06/2013,Manawatu-Whanganui/Taranaki,Other,140.4
1/06/2013,Manawatu-Whanganui/Taranaki,Primary,264.29
1/06/2013,Manawatu-Whanganui/Taranaki,Professionals,102.4
1/06/2013,Manawatu-Whanganui/Taranaki,Sales,138.8
1/06/2013,Manawatu-Whanganui/Taranaki,Sales Workers,130.7
1/06/2013,Manawatu-Whanganui/Taranaki,Semi-Skilled,199.05
1/06/2013,Manawatu-Whanganui/Taranaki,Skilled,92.18
1/06/2013,Manawatu-Whanganui/Taranaki,SkilledIndex,129.4
1/06/2013,Manawatu-Whanganui/Taranaki,Technicians and Trades Workers,177.7
1/06/2013,Manawatu-Whanganui/Taranaki,Unskilled,165.24
1/06/2013,Manawatu-Whanganui/Taranaki,UnskilledIndex,161.2
1/06/2013,Northland,Business services,133.85
1/06/2013,Northland,Clerical and Administrative Workers,149.9
1/06/2013,Northland,Community and Personal Service Workers,151.7
1/06/2013,Northland,Construction,155.41
1/06/2013,Northland,Education,31.05
1/06/2013,Northland,Health care,127.78
1/06/2013,Northland,Highly-Skilled,134.75
1/06/2013,Northland,Hospitality,105.17
1/06/2013,Northland,IT,150
1/06/2013,Northland,Labourers,157.1
1/06/2013,Northland,Low-Skilled,152
1/06/2013,Northland,Machinery Operators and Drivers,236.7
1/06/2013,Northland,Managers,145.5
1/06/2013,Northland,Manufacturing,203.57
1/06/2013,Northland,Other,158.82
1/06/2013,Northland,Primary,169.23
1/06/2013,Northland,Professionals,84.9
1/06/2013,Northland,Sales,150
1/06/2013,Northland,Sales Workers,131.5
1/06/2013,Northland,Semi-Skilled,143.48
1/06/2013,Northland,Skilled,61.49
1/06/2013,Northland,SkilledIndex,106.2
1/06/2013,Northland,Technicians and Trades Workers,128.6
1/06/2013,Northland,Unskilled,167.14
1/06/2013,Northland,UnskilledIndex,156.1
1/06/2013,Otago/Southland,Business services,150.34
1/06/2013,Otago/Southland,Clerical and Administrative Workers,159.6
1/06/2013,Otago/Southland,Community and Personal Service Workers,181.8
1/06/2013,Otago/Southland,Construction,188.41
1/06/2013,Otago/Southland,Education,49.84
1/06/2013,Otago/Southland,Health care,145.37
1/06/2013,Otago/Southland,Highly-Skilled,125.83
1/06/2013,Otago/Southland,Hospitality,123.98
1/06/2013,Otago/Southland,IT,122.58
1/06/2013,Otago/Southland,Labourers,173.2
1/06/2013,Otago/Southland,Low-Skilled,145.78
1/06/2013,Otago/Southland,Machinery Operators and Drivers,115.8
1/06/2013,Otago/Southland,Managers,123
1/06/2013,Otago/Southland,Manufacturing,140
1/06/2013,Otago/Southland,Other,127.38
1/06/2013,Otago/Southland,Primary,144.04
1/06/2013,Otago/Southland,Professionals,91.8
1/06/2013,Otago/Southland,Sales,122
1/06/2013,Otago/Southland,Sales Workers,125.2
1/06/2013,Otago/Southland,Semi-Skilled,195.1
1/06/2013,Otago/Southland,Skilled,85.32
1/06/2013,Otago/Southland,SkilledIndex,120.7
1/06/2013,Otago/Southland,Technicians and Trades Workers,156.4
1/06/2013,Otago/Southland,Unskilled,143.26
1/06/2013,Otago/Southland,UnskilledIndex,145
1/06/2013,Tasman/Nelson/Marlborough/West Coast,Business services,112.07
1/06/2013,Tasman/Nelson/Marlborough/West Coast,Clerical and Administrative Workers,127.6
1/06/2013,Tasman/Nelson/Marlborough/West Coast,Community and Personal Service Workers,147.7
1/06/2013,Tasman/Nelson/Marlborough/West Coast,Construction,172.46
1/06/2013,Tasman/Nelson/Marlborough/West Coast,Education,29.57
1/06/2013,Tasman/Nelson/Marlborough/West Coast,Health care,160.51
1/06/2013,Tasman/Nelson/Marlborough/West Coast,Highly-Skilled,121.3
1/06/2013,Tasman/Nelson/Marlborough/West Coast,Hospitality,97.42
1/06/2013,Tasman/Nelson/Marlborough/West Coast,IT,111.54
1/06/2013,Tasman/Nelson/Marlborough/West Coast,Labourers,164.3
1/06/2013,Tasman/Nelson/Marlborough/West Coast,Low-Skilled,118.84
1/06/2013,Tasman/Nelson/Marlborough/West Coast,Machinery Operators and Drivers,115.3
1/06/2013,Tasman/Nelson/Marlborough/West Coast,Managers,119.2
1/06/2013,Tasman/Nelson/Marlborough/West Coast,Manufacturing,171.74
1/06/2013,Tasman/Nelson/Marlborough/West Coast,Other,119.74
1/06/2013,Tasman/Nelson/Marlborough/West Coast,Primary,139.78
1/06/2013,Tasman/Nelson/Marlborough/West Coast,Professionals,78.7
1/06/2013,Tasman/Nelson/Marlborough/West Coast,Sales,129.02
1/06/2013,Tasman/Nelson/Marlborough/West Coast,Sales Workers,128.4
1/06/2013,Tasman/Nelson/Marlborough/West Coast,Semi-Skilled,197.46
1/06/2013,Tasman/Nelson/Marlborough/West Coast,Skilled,69.7
1/06/2013,Tasman/Nelson/Marlborough/West Coast,SkilledIndex,108.3
1/06/2013,Tasman/Nelson/Marlborough/West Coast,Technicians and Trades Workers,141.6
1/06/2013,Tasman/Nelson/Marlborough/West Coast,Unskilled,155.55
1/06/2013,Tasman/Nelson/Marlborough/West Coast,UnskilledIndex,129.8
1/06/2013,Totals,Auckland,137.79
1/06/2013,Totals,Bay of Plenty,142.01
1/06/2013,Totals,Business services,148.16
1/06/2013,Totals,Canterbury,197.97
1/06/2013,Totals,Clerical and Administrative Workers,151.7
1/06/2013,Totals,Community and Personal Service Workers,162.4
1/06/2013,Totals,Construction,201.39
1/06/2013,Totals,Education,55.29
1/06/2013,Totals,Gisborne/Hawkes Bay,114.92
1/06/2013,Totals,Health care,144.54
1/06/2013,Totals,Highly-Skilled,131.71
1/06/2013,Totals,Hospitality,130.35
1/06/2013,Totals,IT,111.99
1/06/2013,Totals,Labourers,225.8
1/06/2013,Totals,Low-Skilled,157.32
1/06/2013,Totals,Machinery Operators and Drivers,191.8
1/06/2013,Totals,Managers,131
1/06/2013,Totals,Manawatu-Whanganui/Taranaki,138.9
1/06/2013,Totals,Manufacturing,168.77
1/06/2013,Totals,Northland,119.29
1/06/2013,Totals,Otago/Southland,130.4
1/06/2013,Totals,Other,143.23
1/06/2013,Totals,Primary,184.24
1/06/2013,Totals,Professionals,117.8
1/06/2013,Totals,Sales,138.38
1/06/2013,Totals,Sales Workers,149.6
1/06/2013,Totals,Semi-Skilled,217.05
1/06/2013,Totals,Skilled,110.26
1/06/2013,Totals,SkilledIndex,133.9
1/06/2013,Totals,Tasman/Nelson/Marlborough/West Coast,115.18
1/06/2013,Totals,Technicians and Trades Workers,183.3
1/06/2013,Totals,TotalsIndex,141.14
1/06/2013,Totals,Unskilled,173.66
1/06/2013,Totals,UnskilledIndex,161.4
1/06/2013,Totals,Waikato,132.45
1/06/2013,Totals,Wellington,126.22
1/06/2013,Waikato,Business services,147.64
1/06/2013,Waikato,Clerical and Administrative Workers,159.2
1/06/2013,Waikato,Community and Personal Service Workers,153.5
1/06/2013,Waikato,Construction,169.9
1/06/2013,Waikato,Education,55.91
1/06/2013,Waikato,Health care,142.64
1/06/2013,Waikato,Highly-Skilled,131
1/06/2013,Waikato,Hospitality,113.84
1/06/2013,Waikato,IT,109.55
1/06/2013,Waikato,Labourers,196.3
1/06/2013,Waikato,Low-Skilled,145.49
1/06/2013,Waikato,Machinery Operators and Drivers,136.8
1/06/2013,Waikato,Managers,136.3
1/06/2013,Waikato,Manufacturing,150.48
1/06/2013,Waikato,Other,135.98
1/06/2013,Waikato,Primary,225.26
1/06/2013,Waikato,Professionals,97.4
1/06/2013,Waikato,Sales,122.73
1/06/2013,Waikato,Sales Workers,120.5
1/06/2013,Waikato,Semi-Skilled,188.78
1/06/2013,Waikato,Skilled,93.29
1/06/2013,Waikato,SkilledIndex,126
1/06/2013,Waikato,Technicians and Trades Workers,170
1/06/2013,Waikato,Unskilled,144.41
1/06/2013,Waikato,UnskilledIndex,145.2
1/06/2013,Wellington,Business services,149.71
1/06/2013,Wellington,Clerical and Administrative Workers,145.4
1/06/2013,Wellington,Community and Personal Service Workers,167.5
1/06/2013,Wellington,Construction,159.5
1/06/2013,Wellington,Education,60.96
1/06/2013,Wellington,Health care,131.19
1/06/2013,Wellington,Highly-Skilled,118.12
1/06/2013,Wellington,Hospitality,148
1/06/2013,Wellington,IT,99.91
1/06/2013,Wellington,Labourers,213.8
1/06/2013,Wellington,Low-Skilled,152.76
1/06/2013,Wellington,Machinery Operators and Drivers,151.1
1/06/2013,Wellington,Managers,111.1
1/06/2013,Wellington,Manufacturing,145.23
1/06/2013,Wellington,Other,148.48
1/06/2013,Wellington,Primary,168.66
1/06/2013,Wellington,Professionals,113.9
1/06/2013,Wellington,Sales,123.52
1/06/2013,Wellington,Sales Workers,132.4
1/06/2013,Wellington,Semi-Skilled,180.91
1/06/2013,Wellington,Skilled,107.68
1/06/2013,Wellington,SkilledIndex,119.7
1/06/2013,Wellington,Technicians and Trades Workers,145.9
1/06/2013,Wellington,Unskilled,150.48
1/06/2013,Wellington,UnskilledIndex,152.2
1/09/2013,Auckland,Business services,136.33
1/09/2013,Auckland,Clerical and Administrative Workers,146.5
1/09/2013,Auckland,Community and Personal Service Workers,192.2
1/09/2013,Auckland,Construction,207.23
1/09/2013,Auckland,Education,72.79
1/09/2013,Auckland,Health care,135.37
1/09/2013,Auckland,Highly-Skilled,132.31
1/09/2013,Auckland,Hospitality,168.32
1/09/2013,Auckland,IT,125.54
1/09/2013,Auckland,Labourers,245.6
1/09/2013,Auckland,Low-Skilled,159.25
1/09/2013,Auckland,Machinery Operators and Drivers,199
1/09/2013,Auckland,Managers,145.2
1/09/2013,Auckland,Manufacturing,164.91
1/09/2013,Auckland,Other,136.96
1/09/2013,Auckland,Primary,151.7
1/09/2013,Auckland,Professionals,119
1/09/2013,Auckland,Sales,152.14
1/09/2013,Auckland,Sales Workers,162.7
1/09/2013,Auckland,Semi-Skilled,213.4
1/09/2013,Auckland,Skilled,138.23
1/09/2013,Auckland,SkilledIndex,139.6
1/09/2013,Auckland,Technicians and Trades Workers,194.7
1/09/2013,Auckland,Unskilled,192.65
1/09/2013,Auckland,UnskilledIndex,166.2
1/09/2013,Bay of Plenty,Business services,150.19
1/09/2013,Bay of Plenty,Clerical and Administrative Workers,162.8
1/09/2013,Bay of Plenty,Community and Personal Service Workers,145.1
1/09/2013,Bay of Plenty,Construction,202.74
1/09/2013,Bay of Plenty,Education,59.02
1/09/2013,Bay of Plenty,Health care,159.47
1/09/2013,Bay of Plenty,Highly-Skilled,143.52
1/09/2013,Bay of Plenty,Hospitality,141.87
1/09/2013,Bay of Plenty,IT,107.23
1/09/2013,Bay of Plenty,Labourers,237.8
1/09/2013,Bay of Plenty,Low-Skilled,141.77
1/09/2013,Bay of Plenty,Machinery Operators and Drivers,141.7
1/09/2013,Bay of Plenty,Managers,140.2
1/09/2013,Bay of Plenty,Manufacturing,162.03
1/09/2013,Bay of Plenty,Other,182.69
1/09/2013,Bay of Plenty,Primary,229.55
1/09/2013,Bay of Plenty,Professionals,115.4
1/09/2013,Bay of Plenty,Sales,145.68
1/09/2013,Bay of Plenty,Sales Workers,137.7
1/09/2013,Bay of Plenty,Semi-Skilled,229.29
1/09/2013,Bay of Plenty,Skilled,117.24
1/09/2013,Bay of Plenty,SkilledIndex,146
1/09/2013,Bay of Plenty,Technicians and Trades Workers,193.3
1/09/2013,Bay of Plenty,Unskilled,177.31
1/09/2013,Bay of Plenty,UnskilledIndex,152.1
1/09/2013,Canterbury,Business services,194.33
1/09/2013,Canterbury,Clerical and Administrative Workers,198.4
1/09/2013,Canterbury,Community and Personal Service Workers,180.4
1/09/2013,Canterbury,Construction,385.33
1/09/2013,Canterbury,Education,77.17
1/09/2013,Canterbury,Health care,212.18
1/09/2013,Canterbury,Highly-Skilled,197.25
1/09/2013,Canterbury,Hospitality,156.24
1/09/2013,Canterbury,IT,146.74
1/09/2013,Canterbury,Labourers,348.2
1/09/2013,Canterbury,Low-Skilled,221.43
1/09/2013,Canterbury,Machinery Operators and Drivers,403.9
1/09/2013,Canterbury,Managers,181.7
1/09/2013,Canterbury,Manufacturing,303.73
1/09/2013,Canterbury,Other,198.6
1/09/2013,Canterbury,Primary,241.98
1/09/2013,Canterbury,Professionals,176.8
1/09/2013,Canterbury,Sales,172.02
1/09/2013,Canterbury,Sales Workers,178.7
1/09/2013,Canterbury,Semi-Skilled,390.41
1/09/2013,Canterbury,Skilled,168.17
1/09/2013,Canterbury,SkilledIndex,213.2
1/09/2013,Canterbury,Technicians and Trades Workers,318.4
1/09/2013,Canterbury,Unskilled,248.32
1/09/2013,Canterbury,UnskilledIndex,229.3
1/09/2013,Gisborne/Hawkes Bay,Business services,142.55
1/09/2013,Gisborne/Hawkes Bay,Clerical and Administrative Workers,156.6
1/09/2013,Gisborne/Hawkes Bay,Community and Personal Service Workers,145.6
1/09/2013,Gisborne/Hawkes Bay,Construction,159.85
1/09/2013,Gisborne/Hawkes Bay,Education,49.39
1/09/2013,Gisborne/Hawkes Bay,Health care,106.83
1/09/2013,Gisborne/Hawkes Bay,Highly-Skilled,122.32
1/09/2013,Gisborne/Hawkes Bay,Hospitality,153.6
1/09/2013,Gisborne/Hawkes Bay,IT,155.56
1/09/2013,Gisborne/Hawkes Bay,Labourers,176.3
1/09/2013,Gisborne/Hawkes Bay,Low-Skilled,125.62
1/09/2013,Gisborne/Hawkes Bay,Machinery Operators and Drivers,124.6
1/09/2013,Gisborne/Hawkes Bay,Managers,159.2
1/09/2013,Gisborne/Hawkes Bay,Manufacturing,124.19
1/09/2013,Gisborne/Hawkes Bay,Other,103.95
1/09/2013,Gisborne/Hawkes Bay,Primary,171.43
1/09/2013,Gisborne/Hawkes Bay,Professionals,82.6
1/09/2013,Gisborne/Hawkes Bay,Sales,158.5
1/09/2013,Gisborne/Hawkes Bay,Sales Workers,121.4
1/09/2013,Gisborne/Hawkes Bay,Semi-Skilled,168.92
1/09/2013,Gisborne/Hawkes Bay,Skilled,90.29
1/09/2013,Gisborne/Hawkes Bay,SkilledIndex,117.6
1/09/2013,Gisborne/Hawkes Bay,Technicians and Trades Workers,141.4
1/09/2013,Gisborne/Hawkes Bay,Unskilled,169.6
1/09/2013,Gisborne/Hawkes Bay,UnskilledIndex,137.5
1/09/2013,Manawatu-Whanganui/Taranaki,Business services,163.3
1/09/2013,Manawatu-Whanganui/Taranaki,Clerical and Administrative Workers,158.5
1/09/2013,Manawatu-Whanganui/Taranaki,Community and Personal Service Workers,210.5
1/09/2013,Manawatu-Whanganui/Taranaki,Construction,185.14
1/09/2013,Manawatu-Whanganui/Taranaki,Education,67.75
1/09/2013,Manawatu-Whanganui/Taranaki,Health care,139.88
1/09/2013,Manawatu-Whanganui/Taranaki,Highly-Skilled,141.91
1/09/2013,Manawatu-Whanganui/Taranaki,Hospitality,165.41
1/09/2013,Manawatu-Whanganui/Taranaki,IT,124.71
1/09/2013,Manawatu-Whanganui/Taranaki,Labourers,263.1
1/09/2013,Manawatu-Whanganui/Taranaki,Low-Skilled,181.91
1/09/2013,Manawatu-Whanganui/Taranaki,Machinery Operators and Drivers,203.8
1/09/2013,Manawatu-Whanganui/Taranaki,Managers,138
1/09/2013,Manawatu-Whanganui/Taranaki,Manufacturing,177.83
1/09/2013,Manawatu-Whanganui/Taranaki,Other,149.67
1/09/2013,Manawatu-Whanganui/Taranaki,Primary,281.43
1/09/2013,Manawatu-Whanganui/Taranaki,Professionals,105.8
1/09/2013,Manawatu-Whanganui/Taranaki,Sales,135.66
1/09/2013,Manawatu-Whanganui/Taranaki,Sales Workers,133.2
1/09/2013,Manawatu-Whanganui/Taranaki,Semi-Skilled,222.86
1/09/2013,Manawatu-Whanganui/Taranaki,Skilled,99.05
1/09/2013,Manawatu-Whanganui/Taranaki,SkilledIndex,134.7
1/09/2013,Manawatu-Whanganui/Taranaki,Technicians and Trades Workers,185.2
1/09/2013,Manawatu-Whanganui/Taranaki,Unskilled,176.97
1/09/2013,Manawatu-Whanganui/Taranaki,UnskilledIndex,180.5
1/09/2013,Northland,Business services,115.38
1/09/2013,Northland,Clerical and Administrative Workers,142
1/09/2013,Northland,Community and Personal Service Workers,168.2
1/09/2013,Northland,Construction,197.3
1/09/2013,Northland,Education,43.84
1/09/2013,Northland,Health care,111.86
1/09/2013,Northland,Highly-Skilled,129.3
1/09/2013,Northland,Hospitality,158.62
1/09/2013,Northland,IT,100
1/09/2013,Northland,Labourers,145.2
1/09/2013,Northland,Low-Skilled,159.44
1/09/2013,Northland,Machinery Operators and Drivers,266.7
1/09/2013,Northland,Managers,163.4
1/09/2013,Northland,Manufacturing,194.64
1/09/2013,Northland,Other,208.82
1/09/2013,Northland,Primary,179.49
1/09/2013,Northland,Professionals,81
1/09/2013,Northland,Sales,135.38
1/09/2013,Northland,Sales Workers,94.6
1/09/2013,Northland,Semi-Skilled,167.39
1/09/2013,Northland,Skilled,79.21
1/09/2013,Northland,SkilledIndex,113.8
1/09/2013,Northland,Technicians and Trades Workers,179.4
1/09/2013,Northland,Unskilled,121.43
1/09/2013,Northland,UnskilledIndex,149.1
1/09/2013,Otago/Southland,Business services,168.15
1/09/2013,Otago/Southland,Clerical and Administrative Workers,172.3
1/09/2013,Otago/Southland,Community and Personal Service Workers,249.4
1/09/2013,Otago/Southland,Construction,231.74
1/09/2013,Otago/Southland,Education,57.1
1/09/2013,Otago/Southland,Health care,151.94
1/09/2013,Otago/Southland,Highly-Skilled,140.58
1/09/2013,Otago/Southland,Hospitality,183.33
1/09/2013,Otago/Southland,IT,167.74
1/09/2013,Otago/Southland,Labourers,190.7
1/09/2013,Otago/Southland,Low-Skilled,186.08
1/09/2013,Otago/Southland,Machinery Operators and Drivers,198
1/09/2013,Otago/Southland,Managers,157.8
1/09/2013,Otago/Southland,Manufacturing,159.38
1/09/2013,Otago/Southland,Other,207.14
1/09/2013,Otago/Southland,Primary,192.66
1/09/2013,Otago/Southland,Professionals,99.5
1/09/2013,Otago/Southland,Sales,138.1
1/09/2013,Otago/Southland,Sales Workers,152.7
1/09/2013,Otago/Southland,Semi-Skilled,261.76
1/09/2013,Otago/Southland,Skilled,107.81
1/09/2013,Otago/Southland,SkilledIndex,145.3
1/09/2013,Otago/Southland,Technicians and Trades Workers,200.6
1/09/2013,Otago/Southland,Unskilled,169.3
1/09/2013,Otago/Southland,UnskilledIndex,180.8
1/09/2013,Tasman/Nelson/Marlborough/West Coast,Business services,115.52
1/09/2013,Tasman/Nelson/Marlborough/West Coast,Clerical and Administrative Workers,156.1
1/09/2013,Tasman/Nelson/Marlborough/West Coast,Community and Personal Service Workers,167.5
1/09/2013,Tasman/Nelson/Marlborough/West Coast,Construction,200
1/09/2013,Tasman/Nelson/Marlborough/West Coast,Education,50.43
1/09/2013,Tasman/Nelson/Marlborough/West Coast,Health care,204.45
1/09/2013,Tasman/Nelson/Marlborough/West Coast,Highly-Skilled,120.43
1/09/2013,Tasman/Nelson/Marlborough/West Coast,Hospitality,151.61
1/09/2013,Tasman/Nelson/Marlborough/West Coast,IT,84.62
1/09/2013,Tasman/Nelson/Marlborough/West Coast,Labourers,181.3
1/09/2013,Tasman/Nelson/Marlborough/West Coast,Low-Skilled,141.66
1/09/2013,Tasman/Nelson/Marlborough/West Coast,Machinery Operators and Drivers,128.8
1/09/2013,Tasman/Nelson/Marlborough/West Coast,Managers,114.8
1/09/2013,Tasman/Nelson/Marlborough/West Coast,Manufacturing,180.43
1/09/2013,Tasman/Nelson/Marlborough/West Coast,Other,105.26
1/09/2013,Tasman/Nelson/Marlborough/West Coast,Primary,146.24
1/09/2013,Tasman/Nelson/Marlborough/West Coast,Professionals,88.1
1/09/2013,Tasman/Nelson/Marlborough/West Coast,Sales,134.38
1/09/2013,Tasman/Nelson/Marlborough/West Coast,Sales Workers,129.3
1/09/2013,Tasman/Nelson/Marlborough/West Coast,Semi-Skilled,251.69
1/09/2013,Tasman/Nelson/Marlborough/West Coast,Skilled,95.43
1/09/2013,Tasman/Nelson/Marlborough/West Coast,SkilledIndex,125.2
1/09/2013,Tasman/Nelson/Marlborough/West Coast,Technicians and Trades Workers,195.3
1/09/2013,Tasman/Nelson/Marlborough/West Coast,Unskilled,159.27
1/09/2013,Tasman/Nelson/Marlborough/West Coast,UnskilledIndex,146.9
1/09/2013,Totals,Auckland,146.71
1/09/2013,Totals,Bay of Plenty,148.86
1/09/2013,Totals,Business services,144.01
1/09/2013,Totals,Canterbury,220.26
1/09/2013,Totals,Clerical and Administrative Workers,154.3
1/09/2013,Totals,Community and Personal Service Workers,187.2
1/09/2013,Totals,Construction,231.5
1/09/2013,Totals,Education,67.08
1/09/2013,Totals,Gisborne/Hawkes Bay,121.86
1/09/2013,Totals,Health care,147.38
1/09/2013,Totals,Highly-Skilled,136.41
1/09/2013,Totals,Hospitality,163.65
1/09/2013,Totals,IT,117.95
1/09/2013,Totals,Labourers,251.5
1/09/2013,Totals,Low-Skilled,165.62
1/09/2013,Totals,Machinery Operators and Drivers,218.2
1/09/2013,Totals,Managers,143.3
1/09/2013,Totals,Manawatu-Whanganui/Taranaki,147.69
1/09/2013,Totals,Manufacturing,182.85
1/09/2013,Totals,Northland,124.04
1/09/2013,Totals,Otago/Southland,159.1
1/09/2013,Totals,Other,153.64
1/09/2013,Totals,Primary,196
1/09/2013,Totals,Professionals,122.3
1/09/2013,Totals,Sales,148.88
1/09/2013,Totals,Sales Workers,153.7
1/09/2013,Totals,Semi-Skilled,243.41
1/09/2013,Totals,Skilled,128.58
1/09/2013,Totals,SkilledIndex,144
1/09/2013,Totals,Tasman/Nelson/Marlborough/West Coast,133.89
1/09/2013,Totals,Technicians and Trades Workers,208.6
1/09/2013,Totals,TotalsIndex,152.45
1/09/2013,Totals,Unskilled,192.53
1/09/2013,Totals,UnskilledIndex,172.4
1/09/2013,Totals,Waikato,152.78
1/09/2013,Totals,Wellington,130.9
1/09/2013,Waikato,Business services,134.97
1/09/2013,Waikato,Clerical and Administrative Workers,158.4
1/09/2013,Waikato,Community and Personal Service Workers,170
1/09/2013,Waikato,Construction,200.84
1/09/2013,Waikato,Education,73.33
1/09/2013,Waikato,Health care,176.56
1/09/2013,Waikato,Highly-Skilled,147.07
1/09/2013,Waikato,Hospitality,169.64
1/09/2013,Waikato,IT,134.67
1/09/2013,Waikato,Labourers,226.5
1/09/2013,Waikato,Low-Skilled,164.26
1/09/2013,Waikato,Machinery Operators and Drivers,176
1/09/2013,Waikato,Managers,157.5
1/09/2013,Waikato,Manufacturing,164.63
1/09/2013,Waikato,Other,142.33
1/09/2013,Waikato,Primary,217.89
1/09/2013,Waikato,Professionals,116.1
1/09/2013,Waikato,Sales,148.79
1/09/2013,Waikato,Sales Workers,144.8
1/09/2013,Waikato,Semi-Skilled,218.48
1/09/2013,Waikato,Skilled,122.53
1/09/2013,Waikato,SkilledIndex,148
1/09/2013,Waikato,Technicians and Trades Workers,205.9
1/09/2013,Waikato,Unskilled,165.13
1/09/2013,Waikato,UnskilledIndex,164.5
1/09/2013,Wellington,Business services,139.13
1/09/2013,Wellington,Clerical and Administrative Workers,136.3
1/09/2013,Wellington,Community and Personal Service Workers,189.4
1/09/2013,Wellington,Construction,188.95
1/09/2013,Wellington,Education,65.5
1/09/2013,Wellington,Health care,137.57
1/09/2013,Wellington,Highly-Skilled,118.01
1/09/2013,Wellington,Hospitality,162.67
1/09/2013,Wellington,IT,98.09
1/09/2013,Wellington,Labourers,228.7
1/09/2013,Wellington,Low-Skilled,141.95
1/09/2013,Wellington,Machinery Operators and Drivers,172.1
1/09/2013,Wellington,Managers,117.3
1/09/2013,Wellington,Manufacturing,161.58
1/09/2013,Wellington,Other,158.23
1/09/2013,Wellington,Primary,174.63
1/09/2013,Wellington,Professionals,112.6
1/09/2013,Wellington,Sales,130.4
1/09/2013,Wellington,Sales Workers,138.7
1/09/2013,Wellington,Semi-Skilled,208.81
1/09/2013,Wellington,Skilled,121.61
1/09/2013,Wellington,SkilledIndex,124.1
1/09/2013,Wellington,Technicians and Trades Workers,166.4
1/09/2013,Wellington,Unskilled,180.34
1/09/2013,Wellington,UnskilledIndex,151.9
1/12/2013,Auckland,Business services,105.13
1/12/2013,Auckland,Clerical and Administrative Workers,113.4
1/12/2013,Auckland,Community and Personal Service Workers,150.4
1/12/2013,Auckland,Construction,184.24
1/12/2013,Auckland,Education,89.52
1/12/2013,Auckland,Health care,91.55
1/12/2013,Auckland,Highly-Skilled,108.04
1/12/2013,Auckland,Hospitality,142.74
1/12/2013,Auckland,IT,102.65
1/12/2013,Auckland,Labourers,204.3
1/12/2013,Auckland,Low-Skilled,127.11
1/12/2013,Auckland,Machinery Operators and Drivers,171.5
1/12/2013,Auckland,Managers,122.8
1/12/2013,Auckland,Manufacturing,137.56
1/12/2013,Auckland,Other,103.4
1/12/2013,Auckland,Primary,136.05
1/12/2013,Auckland,Professionals,100.2
1/12/2013,Auckland,Sales,127.47
1/12/2013,Auckland,Sales Workers,132.4
1/12/2013,Auckland,Semi-Skilled,177.02
1/12/2013,Auckland,Skilled,125.46
1/12/2013,Auckland,SkilledIndex,116.9
1/12/2013,Auckland,Technicians and Trades Workers,167.6
1/12/2013,Auckland,Unskilled,163.72
1/12/2013,Auckland,UnskilledIndex,134.8
1/12/2013,Bay of Plenty,Business services,134.34
1/12/2013,Bay of Plenty,Clerical and Administrative Workers,130.7
1/12/2013,Bay of Plenty,Community and Personal Service Workers,123.5
1/12/2013,Bay of Plenty,Construction,187.44
1/12/2013,Bay of Plenty,Education,74.1
1/12/2013,Bay of Plenty,Health care,152.87
1/12/2013,Bay of Plenty,Highly-Skilled,127.33
1/12/2013,Bay of Plenty,Hospitality,145.32
1/12/2013,Bay of Plenty,IT,77.11
1/12/2013,Bay of Plenty,Labourers,196.9
1/12/2013,Bay of Plenty,Low-Skilled,127.13
1/12/2013,Bay of Plenty,Machinery Operators and Drivers,168.8
1/12/2013,Bay of Plenty,Managers,118.6
1/12/2013,Bay of Plenty,Manufacturing,146.52
1/12/2013,Bay of Plenty,Other,126.92
1/12/2013,Bay of Plenty,Primary,215.91
1/12/2013,Bay of Plenty,Professionals,112
1/12/2013,Bay of Plenty,Sales,108.11
1/12/2013,Bay of Plenty,Sales Workers,115.8
1/12/2013,Bay of Plenty,Semi-Skilled,202.53
1/12/2013,Bay of Plenty,Skilled,116.65
1/12/2013,Bay of Plenty,SkilledIndex,134.1
1/12/2013,Bay of Plenty,Technicians and Trades Workers,183.2
1/12/2013,Bay of Plenty,Unskilled,151.91
1/12/2013,Bay of Plenty,UnskilledIndex,134.3
1/12/2013,Canterbury,Business services,158.82
1/12/2013,Canterbury,Clerical and Administrative Workers,159.5
1/12/2013,Canterbury,Community and Personal Service Workers,159.5
1/12/2013,Canterbury,Construction,351.09
1/12/2013,Canterbury,Education,87.98
1/12/2013,Canterbury,Health care,159.62
1/12/2013,Canterbury,Highly-Skilled,169.9
1/12/2013,Canterbury,Hospitality,136.09
1/12/2013,Canterbury,IT,130.28
1/12/2013,Canterbury,Labourers,300
1/12/2013,Canterbury,Low-Skilled,201.49
1/12/2013,Canterbury,Machinery Operators and Drivers,401.1
1/12/2013,Canterbury,Managers,163.9
1/12/2013,Canterbury,Manufacturing,277.8
1/12/2013,Canterbury,Other,164.19
1/12/2013,Canterbury,Primary,208.02
1/12/2013,Canterbury,Professionals,155.5
1/12/2013,Canterbury,Sales,135.43
1/12/2013,Canterbury,Sales Workers,150.7
1/12/2013,Canterbury,Semi-Skilled,331.9
1/12/2013,Canterbury,Skilled,159.97
1/12/2013,Canterbury,SkilledIndex,187.5
1/12/2013,Canterbury,Technicians and Trades Workers,284.2
1/12/2013,Canterbury,Unskilled,203.21
1/12/2013,Canterbury,UnskilledIndex,202
1/12/2013,Gisborne/Hawkes Bay,Business services,127.66
1/12/2013,Gisborne/Hawkes Bay,Clerical and Administrative Workers,145.1
1/12/2013,Gisborne/Hawkes Bay,Community and Personal Service Workers,118.4
1/12/2013,Gisborne/Hawkes Bay,Construction,143.94
1/12/2013,Gisborne/Hawkes Bay,Education,75.51
1/12/2013,Gisborne/Hawkes Bay,Health care,96.07
1/12/2013,Gisborne/Hawkes Bay,Highly-Skilled,119.27
1/12/2013,Gisborne/Hawkes Bay,Hospitality,137.6
1/12/2013,Gisborne/Hawkes Bay,IT,148.15
1/12/2013,Gisborne/Hawkes Bay,Labourers,125.1
1/12/2013,Gisborne/Hawkes Bay,Low-Skilled,116.69
1/12/2013,Gisborne/Hawkes Bay,Machinery Operators and Drivers,131.9
1/12/2013,Gisborne/Hawkes Bay,Managers,143.6
1/12/2013,Gisborne/Hawkes Bay,Manufacturing,133.87
1/12/2013,Gisborne/Hawkes Bay,Other,78.95
1/12/2013,Gisborne/Hawkes Bay,Primary,149.21
1/12/2013,Gisborne/Hawkes Bay,Professionals,97.2
1/12/2013,Gisborne/Hawkes Bay,Sales,157
1/12/2013,Gisborne/Hawkes Bay,Sales Workers,100.8
1/12/2013,Gisborne/Hawkes Bay,Semi-Skilled,138.51
1/12/2013,Gisborne/Hawkes Bay,Skilled,105.11
1/12/2013,Gisborne/Hawkes Bay,SkilledIndex,117
1/12/2013,Gisborne/Hawkes Bay,Technicians and Trades Workers,130.6
1/12/2013,Gisborne/Hawkes Bay,Unskilled,134.4
1/12/2013,Gisborne/Hawkes Bay,UnskilledIndex,121.5
1/12/2013,Manawatu-Whanganui/Taranaki,Business services,141.2
1/12/2013,Manawatu-Whanganui/Taranaki,Clerical and Administrative Workers,127.4
1/12/2013,Manawatu-Whanganui/Taranaki,Community and Personal Service Workers,176.7
1/12/2013,Manawatu-Whanganui/Taranaki,Construction,146.29
1/12/2013,Manawatu-Whanganui/Taranaki,Education,85.91
1/12/2013,Manawatu-Whanganui/Taranaki,Health care,126.58
1/12/2013,Manawatu-Whanganui/Taranaki,Highly-Skilled,120.96
1/12/2013,Manawatu-Whanganui/Taranaki,Hospitality,136.84
1/12/2013,Manawatu-Whanganui/Taranaki,IT,95.29
1/12/2013,Manawatu-Whanganui/Taranaki,Labourers,235.7
1/12/2013,Manawatu-Whanganui/Taranaki,Low-Skilled,149.87
1/12/2013,Manawatu-Whanganui/Taranaki,Machinery Operators and Drivers,145.2
1/12/2013,Manawatu-Whanganui/Taranaki,Managers,102.4
1/12/2013,Manawatu-Whanganui/Taranaki,Manufacturing,137.39
1/12/2013,Manawatu-Whanganui/Taranaki,Other,115.23
1/12/2013,Manawatu-Whanganui/Taranaki,Primary,235.71
1/12/2013,Manawatu-Whanganui/Taranaki,Professionals,104.5
1/12/2013,Manawatu-Whanganui/Taranaki,Sales,113.49
1/12/2013,Manawatu-Whanganui/Taranaki,Sales Workers,119.9
1/12/2013,Manawatu-Whanganui/Taranaki,Semi-Skilled,175.75
1/12/2013,Manawatu-Whanganui/Taranaki,Skilled,92.48
1/12/2013,Manawatu-Whanganui/Taranaki,SkilledIndex,116.3
1/12/2013,Manawatu-Whanganui/Taranaki,Technicians and Trades Workers,147.5
1/12/2013,Manawatu-Whanganui/Taranaki,Unskilled,155.65
1/12/2013,Manawatu-Whanganui/Taranaki,UnskilledIndex,151.5
1/12/2013,Northland,Business services,106.92
1/12/2013,Northland,Clerical and Administrative Workers,101.1
1/12/2013,Northland,Community and Personal Service Workers,136.6
1/12/2013,Northland,Construction,156.76
1/12/2013,Northland,Education,77.17
1/12/2013,Northland,Health care,123.91
1/12/2013,Northland,Highly-Skilled,132.17
1/12/2013,Northland,Hospitality,120.69
1/12/2013,Northland,IT,78.57
1/12/2013,Northland,Labourers,157.1
1/12/2013,Northland,Low-Skilled,116.92
1/12/2013,Northland,Machinery Operators and Drivers,163.3
1/12/2013,Northland,Managers,134.7
1/12/2013,Northland,Manufacturing,146.43
1/12/2013,Northland,Other,173.53
1/12/2013,Northland,Primary,148.72
1/12/2013,Northland,Professionals,102.4
1/12/2013,Northland,Sales,110
1/12/2013,Northland,Sales Workers,100
1/12/2013,Northland,Semi-Skilled,119.57
1/12/2013,Northland,Skilled,88.57
1/12/2013,Northland,SkilledIndex,113
1/12/2013,Northland,Technicians and Trades Workers,126.2
1/12/2013,Northland,Unskilled,135.71
1/12/2013,Northland,UnskilledIndex,122
1/12/2013,Otago/Southland,Business services,142.47
1/12/2013,Otago/Southland,Clerical and Administrative Workers,134.7
1/12/2013,Otago/Southland,Community and Personal Service Workers,196.8
1/12/2013,Otago/Southland,Construction,211.08
1/12/2013,Otago/Southland,Education,94.01
1/12/2013,Otago/Southland,Health care,120.85
1/12/2013,Otago/Southland,Highly-Skilled,128.57
1/12/2013,Otago/Southland,Hospitality,189.84
1/12/2013,Otago/Southland,IT,144.09
1/12/2013,Otago/Southland,Labourers,215.5
1/12/2013,Otago/Southland,Low-Skilled,174.68
1/12/2013,Otago/Southland,Machinery Operators and Drivers,220.8
1/12/2013,Otago/Southland,Managers,134.9
1/12/2013,Otago/Southland,Manufacturing,167.5
1/12/2013,Otago/Southland,Other,200
1/12/2013,Otago/Southland,Primary,147.71
1/12/2013,Otago/Southland,Professionals,112.3
1/12/2013,Otago/Southland,Sales,127.89
1/12/2013,Otago/Southland,Sales Workers,130.2
1/12/2013,Otago/Southland,Semi-Skilled,201.47
1/12/2013,Otago/Southland,Skilled,131.04
1/12/2013,Otago/Southland,SkilledIndex,139.3
1/12/2013,Otago/Southland,Technicians and Trades Workers,197.7
1/12/2013,Otago/Southland,Unskilled,165.58
1/12/2013,Otago/Southland,UnskilledIndex,171.8
1/12/2013,Tasman/Nelson/Marlborough/West Coast,Business services,137.36
1/12/2013,Tasman/Nelson/Marlborough/West Coast,Clerical and Administrative Workers,150.3
1/12/2013,Tasman/Nelson/Marlborough/West Coast,Community and Personal Service Workers,159.2
1/12/2013,Tasman/Nelson/Marlborough/West Coast,Construction,198.73
1/12/2013,Tasman/Nelson/Marlborough/West Coast,Education,85.65
1/12/2013,Tasman/Nelson/Marlborough/West Coast,Health care,177.41
1/12/2013,Tasman/Nelson/Marlborough/West Coast,Highly-Skilled,127.37
1/12/2013,Tasman/Nelson/Marlborough/West Coast,Hospitality,152.26
1/12/2013,Tasman/Nelson/Marlborough/West Coast,IT,76.92
1/12/2013,Tasman/Nelson/Marlborough/West Coast,Labourers,199.5
1/12/2013,Tasman/Nelson/Marlborough/West Coast,Low-Skilled,154.66
1/12/2013,Tasman/Nelson/Marlborough/West Coast,Machinery Operators and Drivers,153.3
1/12/2013,Tasman/Nelson/Marlborough/West Coast,Managers,134.7
1/12/2013,Tasman/Nelson/Marlborough/West Coast,Manufacturing,195.65
1/12/2013,Tasman/Nelson/Marlborough/West Coast,Other,102.63
1/12/2013,Tasman/Nelson/Marlborough/West Coast,Primary,179.57
1/12/2013,Tasman/Nelson/Marlborough/West Coast,Professionals,102.6
1/12/2013,Tasman/Nelson/Marlborough/West Coast,Sales,111.16
1/12/2013,Tasman/Nelson/Marlborough/West Coast,Sales Workers,106
1/12/2013,Tasman/Nelson/Marlborough/West Coast,Semi-Skilled,208.47
1/12/2013,Tasman/Nelson/Marlborough/West Coast,Skilled,105.96
1/12/2013,Tasman/Nelson/Marlborough/West Coast,SkilledIndex,127.8
1/12/2013,Tasman/Nelson/Marlborough/West Coast,Technicians and Trades Workers,179.4
1/12/2013,Tasman/Nelson/Marlborough/West Coast,Unskilled,159.27
1/12/2013,Tasman/Nelson/Marlborough/West Coast,UnskilledIndex,156
1/12/2013,Totals,Auckland,121.54
1/12/2013,Totals,Bay of Plenty,134.24
1/12/2013,Totals,Business services,116.95
1/12/2013,Totals,Canterbury,191.62
1/12/2013,Totals,Clerical and Administrative Workers,124.1
1/12/2013,Totals,Community and Personal Service Workers,154.3
1/12/2013,Totals,Construction,206.82
1/12/2013,Totals,Education,86.61
1/12/2013,Totals,Gisborne/Hawkes Bay,117.43
1/12/2013,Totals,Health care,114.83
1/12/2013,Totals,Highly-Skilled,115.62
1/12/2013,Totals,Hospitality,144.18
1/12/2013,Totals,IT,97.61
1/12/2013,Totals,Labourers,218.2
1/12/2013,Totals,Low-Skilled,141.32
1/12/2013,Totals,Machinery Operators and Drivers,199.8
1/12/2013,Totals,Managers,121.5
1/12/2013,Totals,Manawatu-Whanganui/Taranaki,125.55
1/12/2013,Totals,Manufacturing,157.7
1/12/2013,Totals,Northland,116.77
1/12/2013,Totals,Otago/Southland,150.2
1/12/2013,Totals,Other,122.83
1/12/2013,Totals,Primary,173.14
1/12/2013,Totals,Professionals,110.3
1/12/2013,Totals,Sales,123.83
1/12/2013,Totals,Sales Workers,128.3
1/12/2013,Totals,Semi-Skilled,200.66
1/12/2013,Totals,Skilled,122
1/12/2013,Totals,SkilledIndex,124.9
1/12/2013,Totals,Tasman/Nelson/Marlborough/West Coast,137.73
1/12/2013,Totals,Technicians and Trades Workers,181.5
1/12/2013,Totals,TotalsIndex,130.98
1/12/2013,Totals,Unskilled,163.94
1/12/2013,Totals,UnskilledIndex,147
1/12/2013,Totals,Waikato,127.41
1/12/2013,Totals,Wellington,113.52
1/12/2013,Waikato,Business services,117.58
1/12/2013,Waikato,Clerical and Administrative Workers,135.1
1/12/2013,Waikato,Community and Personal Service Workers,143.3
1/12/2013,Waikato,Construction,158.93
1/12/2013,Waikato,Education,90.11
1/12/2013,Waikato,Health care,116.71
1/12/2013,Waikato,Highly-Skilled,115.58
1/12/2013,Waikato,Hospitality,136.61
1/12/2013,Waikato,IT,118.59
1/12/2013,Waikato,Labourers,172.8
1/12/2013,Waikato,Low-Skilled,141.38
1/12/2013,Waikato,Machinery Operators and Drivers,144.4
1/12/2013,Waikato,Managers,119.1
1/12/2013,Waikato,Manufacturing,134.73
1/12/2013,Waikato,Other,123.81
1/12/2013,Waikato,Primary,178.95
1/12/2013,Waikato,Professionals,104.9
1/12/2013,Waikato,Sales,127.27
1/12/2013,Waikato,Sales Workers,130.2
1/12/2013,Waikato,Semi-Skilled,165.68
1/12/2013,Waikato,Skilled,114.68
1/12/2013,Waikato,SkilledIndex,121.4
1/12/2013,Waikato,Technicians and Trades Workers,162
1/12/2013,Waikato,Unskilled,146.71
1/12/2013,Waikato,UnskilledIndex,142.9
1/12/2013,Wellington,Business services,118.75
1/12/2013,Wellington,Clerical and Administrative Workers,117.3
1/12/2013,Wellington,Community and Personal Service Workers,154.6
1/12/2013,Wellington,Construction,176.91
1/12/2013,Wellington,Education,84.36
1/12/2013,Wellington,Health care,124.68
1/12/2013,Wellington,Highly-Skilled,103.47
1/12/2013,Wellington,Hospitality,140.76
1/12/2013,Wellington,IT,81.01
1/12/2013,Wellington,Labourers,208.2
1/12/2013,Wellington,Low-Skilled,126.43
1/12/2013,Wellington,Machinery Operators and Drivers,140
1/12/2013,Wellington,Managers,97.3
1/12/2013,Wellington,Manufacturing,125.34
1/12/2013,Wellington,Other,125.43
1/12/2013,Wellington,Primary,144.78
1/12/2013,Wellington,Professionals,104.3
1/12/2013,Wellington,Sales,106.76
1/12/2013,Wellington,Sales Workers,112.8
1/12/2013,Wellington,Semi-Skilled,173.08
1/12/2013,Wellington,Skilled,108.93
1/12/2013,Wellington,SkilledIndex,108.7
1/12/2013,Wellington,Technicians and Trades Workers,141.4
1/12/2013,Wellington,Unskilled,143.15
1/12/2013,Wellington,UnskilledIndex,130.8
1/03/2014,Auckland,Business services,140.33
1/03/2014,Auckland,Clerical and Administrative Workers,156.2
1/03/2014,Auckland,Community and Personal Service Workers,211.7
1/03/2014,Auckland,Construction,227.91
1/03/2014,Auckland,Education,68.11
1/03/2014,Auckland,Health care,121.07
1/03/2014,Auckland,Highly-Skilled,123.27
1/03/2014,Auckland,Hospitality,192.33
1/03/2014,Auckland,IT,113.72
1/03/2014,Auckland,Labourers,290.8
1/03/2014,Auckland,Low-Skilled,185.06
1/03/2014,Auckland,Machinery Operators and Drivers,258.3
1/03/2014,Auckland,Managers,135.9
1/03/2014,Auckland,Manufacturing,181.87
1/03/2014,Auckland,Other,126.63
1/03/2014,Auckland,Primary,157.82
1/03/2014,Auckland,Professionals,110.9
1/03/2014,Auckland,Sales,160.8
1/03/2014,Auckland,Sales Workers,191.5
1/03/2014,Auckland,Semi-Skilled,247.38
1/03/2014,Auckland,Skilled,143.73
1/03/2014,Auckland,SkilledIndex,136.8
1/03/2014,Auckland,Technicians and Trades Workers,222.4
1/03/2014,Auckland,Unskilled,211.73
1/03/2014,Auckland,UnskilledIndex,190.6
1/03/2014,Bay of Plenty,Business services,168.3
1/03/2014,Bay of Plenty,Clerical and Administrative Workers,182
1/03/2014,Bay of Plenty,Community and Personal Service Workers,165.3
1/03/2014,Bay of Plenty,Construction,233.33
1/03/2014,Bay of Plenty,Education,51.48
1/03/2014,Bay of Plenty,Health care,185.01
1/03/2014,Bay of Plenty,Highly-Skilled,130.86
1/03/2014,Bay of Plenty,Hospitality,159.11
1/03/2014,Bay of Plenty,IT,89.16
1/03/2014,Bay of Plenty,Labourers,302
1/03/2014,Bay of Plenty,Low-Skilled,191.29
1/03/2014,Bay of Plenty,Machinery Operators and Drivers,255.2
1/03/2014,Bay of Plenty,Managers,130.6
1/03/2014,Bay of Plenty,Manufacturing,210.7
1/03/2014,Bay of Plenty,Other,150
1/03/2014,Bay of Plenty,Primary,302.27
1/03/2014,Bay of Plenty,Professionals,96.9
1/03/2014,Bay of Plenty,Sales,141.08
1/03/2014,Bay of Plenty,Sales Workers,170.5
1/03/2014,Bay of Plenty,Semi-Skilled,257.07
1/03/2014,Bay of Plenty,Skilled,111.39
1/03/2014,Bay of Plenty,SkilledIndex,141.6
1/03/2014,Bay of Plenty,Technicians and Trades Workers,221.1
1/03/2014,Bay of Plenty,Unskilled,211.99
1/03/2014,Bay of Plenty,UnskilledIndex,197.3
1/03/2014,Canterbury,Business services,194.89
1/03/2014,Canterbury,Clerical and Administrative Workers,215.1
1/03/2014,Canterbury,Community and Personal Service Workers,205.3
1/03/2014,Canterbury,Construction,411.17
1/03/2014,Canterbury,Education,62.86
1/03/2014,Canterbury,Health care,196.54
1/03/2014,Canterbury,Highly-Skilled,181.48
1/03/2014,Canterbury,Hospitality,156.54
1/03/2014,Canterbury,IT,128.88
1/03/2014,Canterbury,Labourers,422.4
1/03/2014,Canterbury,Low-Skilled,268.09
1/03/2014,Canterbury,Machinery Operators and Drivers,461.6
1/03/2014,Canterbury,Managers,182.5
1/03/2014,Canterbury,Manufacturing,359.33
1/03/2014,Canterbury,Other,195.81
1/03/2014,Canterbury,Primary,264.81
1/03/2014,Canterbury,Professionals,153.5
1/03/2014,Canterbury,Sales,187.98
1/03/2014,Canterbury,Sales Workers,227.2
1/03/2014,Canterbury,Semi-Skilled,404.86
1/03/2014,Canterbury,Skilled,170.84
1/03/2014,Canterbury,SkilledIndex,206.7
1/03/2014,Canterbury,Technicians and Trades Workers,334.3
1/03/2014,Canterbury,Unskilled,273.72
1/03/2014,Canterbury,UnskilledIndex,269.7
1/03/2014,Gisborne/Hawkes Bay,Business services,190.07
1/03/2014,Gisborne/Hawkes Bay,Clerical and Administrative Workers,230.1
1/03/2014,Gisborne/Hawkes Bay,Community and Personal Service Workers,151.5
1/03/2014,Gisborne/Hawkes Bay,Construction,185.23
1/03/2014,Gisborne/Hawkes Bay,Education,37.96
1/03/2014,Gisborne/Hawkes Bay,Health care,110.97
1/03/2014,Gisborne/Hawkes Bay,Highly-Skilled,120.14
1/03/2014,Gisborne/Hawkes Bay,Hospitality,138.4
1/03/2014,Gisborne/Hawkes Bay,IT,125.93
1/03/2014,Gisborne/Hawkes Bay,Labourers,203.8
1/03/2014,Gisborne/Hawkes Bay,Low-Skilled,169.07
1/03/2014,Gisborne/Hawkes Bay,Machinery Operators and Drivers,215.9
1/03/2014,Gisborne/Hawkes Bay,Managers,160.6
1/03/2014,Gisborne/Hawkes Bay,Manufacturing,199.19
1/03/2014,Gisborne/Hawkes Bay,Other,107.89
1/03/2014,Gisborne/Hawkes Bay,Primary,217.46
1/03/2014,Gisborne/Hawkes Bay,Professionals,75.8
1/03/2014,Gisborne/Hawkes Bay,Sales,178.5
1/03/2014,Gisborne/Hawkes Bay,Sales Workers,162.7
1/03/2014,Gisborne/Hawkes Bay,Semi-Skilled,179.05
1/03/2014,Gisborne/Hawkes Bay,Skilled,94.76
1/03/2014,Gisborne/Hawkes Bay,SkilledIndex,119.8
1/03/2014,Gisborne/Hawkes Bay,Technicians and Trades Workers,142.7
1/03/2014,Gisborne/Hawkes Bay,Unskilled,192.8
1/03/2014,Gisborne/Hawkes Bay,UnskilledIndex,175.5
1/03/2014,Manawatu-Whanganui/Taranaki,Business services,183.9
1/03/2014,Manawatu-Whanganui/Taranaki,Clerical and Administrative Workers,167.9
1/03/2014,Manawatu-Whanganui/Taranaki,Community and Personal Service Workers,222.1
1/03/2014,Manawatu-Whanganui/Taranaki,Construction,186.48
1/03/2014,Manawatu-Whanganui/Taranaki,Education,56.1
1/03/2014,Manawatu-Whanganui/Taranaki,Health care,163.57
1/03/2014,Manawatu-Whanganui/Taranaki,Highly-Skilled,138.99
1/03/2014,Manawatu-Whanganui/Taranaki,Hospitality,210.53
1/03/2014,Manawatu-Whanganui/Taranaki,IT,103.53
1/03/2014,Manawatu-Whanganui/Taranaki,Labourers,320.2
1/03/2014,Manawatu-Whanganui/Taranaki,Low-Skilled,211.63
1/03/2014,Manawatu-Whanganui/Taranaki,Machinery Operators and Drivers,221.2
1/03/2014,Manawatu-Whanganui/Taranaki,Managers,127.5
1/03/2014,Manawatu-Whanganui/Taranaki,Manufacturing,164.35
1/03/2014,Manawatu-Whanganui/Taranaki,Other,161.59
1/03/2014,Manawatu-Whanganui/Taranaki,Primary,260
1/03/2014,Manawatu-Whanganui/Taranaki,Professionals,98.9
1/03/2014,Manawatu-Whanganui/Taranaki,Sales,136.39
1/03/2014,Manawatu-Whanganui/Taranaki,Sales Workers,169.7
1/03/2014,Manawatu-Whanganui/Taranaki,Semi-Skilled,242.1
1/03/2014,Manawatu-Whanganui/Taranaki,Skilled,92.94
1/03/2014,Manawatu-Whanganui/Taranaki,SkilledIndex,133.1
1/03/2014,Manawatu-Whanganui/Taranaki,Technicians and Trades Workers,208
1/03/2014,Manawatu-Whanganui/Taranaki,Unskilled,203.09
1/03/2014,Manawatu-Whanganui/Taranaki,UnskilledIndex,209.2
1/03/2014,Northland,Business services,126.15
1/03/2014,Northland,Clerical and Administrative Workers,173.8
1/03/2014,Northland,Community and Personal Service Workers,217.7
1/03/2014,Northland,Construction,226.35
1/03/2014,Northland,Education,40.18
1/03/2014,Northland,Health care,122.62
1/03/2014,Northland,Highly-Skilled,130.16
1/03/2014,Northland,Hospitality,137.93
1/03/2014,Northland,IT,157.14
1/03/2014,Northland,Labourers,226.2
1/03/2014,Northland,Low-Skilled,193.45
1/03/2014,Northland,Machinery Operators and Drivers,243.3
1/03/2014,Northland,Managers,171.3
1/03/2014,Northland,Manufacturing,200
1/03/2014,Northland,Other,276.47
1/03/2014,Northland,Primary,207.69
1/03/2014,Northland,Professionals,79.2
1/03/2014,Northland,Sales,156.92
1/03/2014,Northland,Sales Workers,141.3
1/03/2014,Northland,Semi-Skilled,215.22
1/03/2014,Northland,Skilled,77.2
1/03/2014,Northland,SkilledIndex,119.3
1/03/2014,Northland,Technicians and Trades Workers,192.1
1/03/2014,Northland,Unskilled,181.43
1/03/2014,Northland,UnskilledIndex,190.2
1/03/2014,Otago/Southland,Business services,187.67
1/03/2014,Otago/Southland,Clerical and Administrative Workers,200.9
1/03/2014,Otago/Southland,Community and Personal Service Workers,279.9
1/03/2014,Otago/Southland,Construction,274.81
1/03/2014,Otago/Southland,Education,48.9
1/03/2014,Otago/Southland,Health care,192.66
1/03/2014,Otago/Southland,Highly-Skilled,150.5
1/03/2014,Otago/Southland,Hospitality,200.41
1/03/2014,Otago/Southland,IT,140.86
1/03/2014,Otago/Southland,Labourers,266
1/03/2014,Otago/Southland,Low-Skilled,222.57
1/03/2014,Otago/Southland,Machinery Operators and Drivers,230.7
1/03/2014,Otago/Southland,Managers,160.3
1/03/2014,Otago/Southland,Manufacturing,205.63
1/03/2014,Otago/Southland,Other,217.86
1/03/2014,Otago/Southland,Primary,210.09
1/03/2014,Otago/Southland,Professionals,107.4
1/03/2014,Otago/Southland,Sales,143.99
1/03/2014,Otago/Southland,Sales Workers,172.5
1/03/2014,Otago/Southland,Semi-Skilled,273.04
1/03/2014,Otago/Southland,Skilled,126.39
1/03/2014,Otago/Southland,SkilledIndex,158.5
1/03/2014,Otago/Southland,Technicians and Trades Workers,230.6
1/03/2014,Otago/Southland,Unskilled,196.28
1/03/2014,Otago/Southland,UnskilledIndex,214.4
1/03/2014,Tasman/Nelson/Marlborough/West Coast,Business services,161.49
1/03/2014,Tasman/Nelson/Marlborough/West Coast,Clerical and Administrative Workers,185.5
1/03/2014,Tasman/Nelson/Marlborough/West Coast,Community and Personal Service Workers,186.6
1/03/2014,Tasman/Nelson/Marlborough/West Coast,Construction,232.63
1/03/2014,Tasman/Nelson/Marlborough/West Coast,Education,39.57
1/03/2014,Tasman/Nelson/Marlborough/West Coast,Health care,184.17
1/03/2014,Tasman/Nelson/Marlborough/West Coast,Highly-Skilled,138.87
1/03/2014,Tasman/Nelson/Marlborough/West Coast,Hospitality,166.45
1/03/2014,Tasman/Nelson/Marlborough/West Coast,IT,92.31
1/03/2014,Tasman/Nelson/Marlborough/West Coast,Labourers,243.9
1/03/2014,Tasman/Nelson/Marlborough/West Coast,Low-Skilled,206.95
1/03/2014,Tasman/Nelson/Marlborough/West Coast,Machinery Operators and Drivers,201.1
1/03/2014,Tasman/Nelson/Marlborough/West Coast,Managers,141.9
1/03/2014,Tasman/Nelson/Marlborough/West Coast,Manufacturing,273.91
1/03/2014,Tasman/Nelson/Marlborough/West Coast,Other,135.53
1/03/2014,Tasman/Nelson/Marlborough/West Coast,Primary,147.31
1/03/2014,Tasman/Nelson/Marlborough/West Coast,Professionals,90.3
1/03/2014,Tasman/Nelson/Marlborough/West Coast,Sales,168.3
1/03/2014,Tasman/Nelson/Marlborough/West Coast,Sales Workers,200.9
1/03/2014,Tasman/Nelson/Marlborough/West Coast,Semi-Skilled,239.83
1/03/2014,Tasman/Nelson/Marlborough/West Coast,Skilled,89.11
1/03/2014,Tasman/Nelson/Marlborough/West Coast,SkilledIndex,129.6
1/03/2014,Tasman/Nelson/Marlborough/West Coast,Technicians and Trades Workers,191.6
1/03/2014,Tasman/Nelson/Marlborough/West Coast,Unskilled,202.44
1/03/2014,Tasman/Nelson/Marlborough/West Coast,UnskilledIndex,205.6
1/03/2014,Totals,Auckland,150.49
1/03/2014,Totals,Bay of Plenty,162.6
1/03/2014,Totals,Business services,150.49
1/03/2014,Totals,Canterbury,228.79
1/03/2014,Totals,Clerical and Administrative Workers,168.3
1/03/2014,Totals,Community and Personal Service Workers,208.4
1/03/2014,Totals,Construction,254.39
1/03/2014,Totals,Education,58.8
1/03/2014,Totals,Gisborne/Hawkes Bay,138.24
1/03/2014,Totals,Health care,141.24
1/03/2014,Totals,Highly-Skilled,128.04
1/03/2014,Totals,Hospitality,183.53
1/03/2014,Totals,IT,108.17
1/03/2014,Totals,Labourers,311.4
1/03/2014,Totals,Low-Skilled,199.53
1/03/2014,Totals,Machinery Operators and Drivers,271.9
1/03/2014,Totals,Managers,135.7
1/03/2014,Totals,Manawatu-Whanganui/Taranaki,152.14
1/03/2014,Totals,Manufacturing,211.56
1/03/2014,Totals,Northland,136.72
1/03/2014,Totals,Otago/Southland,177.1
1/03/2014,Totals,Other,141.63
1/03/2014,Totals,Primary,210.21
1/03/2014,Totals,Professionals,113.2
1/03/2014,Totals,Sales,157.34
1/03/2014,Totals,Sales Workers,188.8
1/03/2014,Totals,Semi-Skilled,267.49
1/03/2014,Totals,Skilled,131.24
1/03/2014,Totals,SkilledIndex,141.4
1/03/2014,Totals,Tasman/Nelson/Marlborough/West Coast,153.83
1/03/2014,Totals,Technicians and Trades Workers,230.7
1/03/2014,Totals,TotalsIndex,158.6
1/03/2014,Totals,Unskilled,218.29
1/03/2014,Totals,UnskilledIndex,204.2
1/03/2014,Totals,Waikato,157.01
1/03/2014,Totals,Wellington,134.68
1/03/2014,Waikato,Business services,163.33
1/03/2014,Waikato,Clerical and Administrative Workers,182.9
1/03/2014,Waikato,Community and Personal Service Workers,192.6
1/03/2014,Waikato,Construction,210.97
1/03/2014,Waikato,Education,59.14
1/03/2014,Waikato,Health care,138.4
1/03/2014,Waikato,Highly-Skilled,132.96
1/03/2014,Waikato,Hospitality,192.86
1/03/2014,Waikato,IT,122.61
1/03/2014,Waikato,Labourers,261
1/03/2014,Waikato,Low-Skilled,201.8
1/03/2014,Waikato,Machinery Operators and Drivers,204.7
1/03/2014,Waikato,Managers,142.9
1/03/2014,Waikato,Manufacturing,196.78
1/03/2014,Waikato,Other,153.97
1/03/2014,Waikato,Primary,234.74
1/03/2014,Waikato,Professionals,100
1/03/2014,Waikato,Sales,147.58
1/03/2014,Waikato,Sales Workers,177.6
1/03/2014,Waikato,Semi-Skilled,239.93
1/03/2014,Waikato,Skilled,115.32
1/03/2014,Waikato,SkilledIndex,140.4
1/03/2014,Waikato,Technicians and Trades Workers,224.3
1/03/2014,Waikato,Unskilled,181.58
1/03/2014,Waikato,UnskilledIndex,195.9
1/03/2014,Wellington,Business services,140.36
1/03/2014,Wellington,Clerical and Administrative Workers,148.3
1/03/2014,Wellington,Community and Personal Service Workers,210
1/03/2014,Wellington,Construction,220.06
1/03/2014,Wellington,Education,59.5
1/03/2014,Wellington,Health care,136.5
1/03/2014,Wellington,Highly-Skilled,109.79
1/03/2014,Wellington,Hospitality,207.05
1/03/2014,Wellington,IT,93.95
1/03/2014,Wellington,Labourers,321.6
1/03/2014,Wellington,Low-Skilled,177.05
1/03/2014,Wellington,Machinery Operators and Drivers,213.2
1/03/2014,Wellington,Managers,106.2
1/03/2014,Wellington,Manufacturing,195.37
1/03/2014,Wellington,Other,122.4
1/03/2014,Wellington,Primary,143.28
1/03/2014,Wellington,Professionals,107
1/03/2014,Wellington,Sales,135.69
1/03/2014,Wellington,Sales Workers,177.8
1/03/2014,Wellington,Semi-Skilled,231.9
1/03/2014,Wellington,Skilled,125.93
1/03/2014,Wellington,SkilledIndex,120.4
1/03/2014,Wellington,Technicians and Trades Workers,189.9
1/03/2014,Wellington,Unskilled,216.85
1/03/2014,Wellington,UnskilledIndex,187.4
1/06/2014,Auckland,Business services,152.19
1/06/2014,Auckland,Clerical and Administrative Workers,170.9
1/06/2014,Auckland,Community and Personal Service Workers,224
1/06/2014,Auckland,Construction,259.49
1/06/2014,Auckland,Education,79.21
1/06/2014,Auckland,Health care,130.71
1/06/2014,Auckland,Highly-Skilled,131.51
1/06/2014,Auckland,Hospitality,184.57
1/06/2014,Auckland,IT,115.78
1/06/2014,Auckland,Labourers,319.5
1/06/2014,Auckland,Low-Skilled,198.49
1/06/2014,Auckland,Machinery Operators and Drivers,255.3
1/06/2014,Auckland,Managers,141.9
1/06/2014,Auckland,Manufacturing,183.6
1/06/2014,Auckland,Other,130.98
1/06/2014,Auckland,Primary,150.34
1/06/2014,Auckland,Professionals,120.2
1/06/2014,Auckland,Sales,171.27
1/06/2014,Auckland,Sales Workers,207.4
1/06/2014,Auckland,Semi-Skilled,260.99
1/06/2014,Auckland,Skilled,154.32
1/06/2014,Auckland,SkilledIndex,146
1/06/2014,Auckland,Technicians and Trades Workers,237.1
1/06/2014,Auckland,Unskilled,232.16
1/06/2014,Auckland,UnskilledIndex,205.5
1/06/2014,Bay of Plenty,Business services,166.79
1/06/2014,Bay of Plenty,Clerical and Administrative Workers,179.9
1/06/2014,Bay of Plenty,Community and Personal Service Workers,167.6
1/06/2014,Bay of Plenty,Construction,225.8
1/06/2014,Bay of Plenty,Education,52.13
1/06/2014,Bay of Plenty,Health care,187.9
1/06/2014,Bay of Plenty,Highly-Skilled,150
1/06/2014,Bay of Plenty,Hospitality,136.45
1/06/2014,Bay of Plenty,IT,120.48
1/06/2014,Bay of Plenty,Labourers,253.1
1/06/2014,Bay of Plenty,Low-Skilled,174.65
1/06/2014,Bay of Plenty,Machinery Operators and Drivers,210.4
1/06/2014,Bay of Plenty,Managers,138.4
1/06/2014,Bay of Plenty,Manufacturing,203.21
1/06/2014,Bay of Plenty,Other,171.15
1/06/2014,Bay of Plenty,Primary,288.64
1/06/2014,Bay of Plenty,Professionals,113.2
1/06/2014,Bay of Plenty,Sales,131.62
1/06/2014,Bay of Plenty,Sales Workers,153.6
1/06/2014,Bay of Plenty,Semi-Skilled,251.01
1/06/2014,Bay of Plenty,Skilled,110.42
1/06/2014,Bay of Plenty,SkilledIndex,149.8
1/06/2014,Bay of Plenty,Technicians and Trades Workers,207
1/06/2014,Bay of Plenty,Unskilled,180.24
1/06/2014,Bay of Plenty,UnskilledIndex,176.3
1/06/2014,Canterbury,Business services,196.25
1/06/2014,Canterbury,Clerical and Administrative Workers,206.5
1/06/2014,Canterbury,Community and Personal Service Workers,181.5
1/06/2014,Canterbury,Construction,429.81
1/06/2014,Canterbury,Education,63.77
1/06/2014,Canterbury,Health care,198.3
1/06/2014,Canterbury,Highly-Skilled,189.24
1/06/2014,Canterbury,Hospitality,134.89
1/06/2014,Canterbury,IT,147.83
1/06/2014,Canterbury,Labourers,435
1/06/2014,Canterbury,Low-Skilled,264.88
1/06/2014,Canterbury,Machinery Operators and Drivers,485.8
1/06/2014,Canterbury,Managers,178.4
1/06/2014,Canterbury,Manufacturing,340.5
1/06/2014,Canterbury,Other,172.56
1/06/2014,Canterbury,Primary,246.91
1/06/2014,Canterbury,Professionals,163.2
1/06/2014,Canterbury,Sales,178.29
1/06/2014,Canterbury,Sales Workers,233
1/06/2014,Canterbury,Semi-Skilled,400.49
1/06/2014,Canterbury,Skilled,162.99
1/06/2014,Canterbury,SkilledIndex,208.3
1/06/2014,Canterbury,Technicians and Trades Workers,330.9
1/06/2014,Canterbury,Unskilled,280.58
1/06/2014,Canterbury,UnskilledIndex,269.5
1/06/2014,Gisborne/Hawkes Bay,Business services,163.12
1/06/2014,Gisborne/Hawkes Bay,Clerical and Administrative Workers,186.7
1/06/2014,Gisborne/Hawkes Bay,Community and Personal Service Workers,171.3
1/06/2014,Gisborne/Hawkes Bay,Construction,160.98
1/06/2014,Gisborne/Hawkes Bay,Education,43.27
1/06/2014,Gisborne/Hawkes Bay,Health care,129.61
1/06/2014,Gisborne/Hawkes Bay,Highly-Skilled,126.68
1/06/2014,Gisborne/Hawkes Bay,Hospitality,96
1/06/2014,Gisborne/Hawkes Bay,IT,137.04
1/06/2014,Gisborne/Hawkes Bay,Labourers,153.8
1/06/2014,Gisborne/Hawkes Bay,Low-Skilled,150.62
1/06/2014,Gisborne/Hawkes Bay,Machinery Operators and Drivers,115.9
1/06/2014,Gisborne/Hawkes Bay,Managers,147.6
1/06/2014,Gisborne/Hawkes Bay,Manufacturing,129.84
1/06/2014,Gisborne/Hawkes Bay,Other,109.21
1/06/2014,Gisborne/Hawkes Bay,Primary,236.51
1/06/2014,Gisborne/Hawkes Bay,Professionals,81.9
1/06/2014,Gisborne/Hawkes Bay,Sales,170
1/06/2014,Gisborne/Hawkes Bay,Sales Workers,150
1/06/2014,Gisborne/Hawkes Bay,Semi-Skilled,166.22
1/06/2014,Gisborne/Hawkes Bay,Skilled,77.71
1/06/2014,Gisborne/Hawkes Bay,SkilledIndex,114.6
1/06/2014,Gisborne/Hawkes Bay,Technicians and Trades Workers,135.4
1/06/2014,Gisborne/Hawkes Bay,Unskilled,162.4
1/06/2014,Gisborne/Hawkes Bay,UnskilledIndex,153.8
1/06/2014,Manawatu-Whanganui/Taranaki,Business services,167.04
1/06/2014,Manawatu-Whanganui/Taranaki,Clerical and Administrative Workers,175.7
1/06/2014,Manawatu-Whanganui/Taranaki,Community and Personal Service Workers,198.3
1/06/2014,Manawatu-Whanganui/Taranaki,Construction,180.57
1/06/2014,Manawatu-Whanganui/Taranaki,Education,57.72
1/06/2014,Manawatu-Whanganui/Taranaki,Health care,166.5
1/06/2014,Manawatu-Whanganui/Taranaki,Highly-Skilled,137.16
1/06/2014,Manawatu-Whanganui/Taranaki,Hospitality,147.37
1/06/2014,Manawatu-Whanganui/Taranaki,IT,101.18
1/06/2014,Manawatu-Whanganui/Taranaki,Labourers,265.5
1/06/2014,Manawatu-Whanganui/Taranaki,Low-Skilled,194.56
1/06/2014,Manawatu-Whanganui/Taranaki,Machinery Operators and Drivers,189.4
1/06/2014,Manawatu-Whanganui/Taranaki,Managers,120.2
1/06/2014,Manawatu-Whanganui/Taranaki,Manufacturing,159.13
1/06/2014,Manawatu-Whanganui/Taranaki,Other,150.33
1/06/2014,Manawatu-Whanganui/Taranaki,Primary,231.43
1/06/2014,Manawatu-Whanganui/Taranaki,Professionals,104.6
1/06/2014,Manawatu-Whanganui/Taranaki,Sales,132.29
1/06/2014,Manawatu-Whanganui/Taranaki,Sales Workers,152.4
1/06/2014,Manawatu-Whanganui/Taranaki,Semi-Skilled,220.83
1/06/2014,Manawatu-Whanganui/Taranaki,Skilled,95.99
1/06/2014,Manawatu-Whanganui/Taranaki,SkilledIndex,130.9
1/06/2014,Manawatu-Whanganui/Taranaki,Technicians and Trades Workers,188.5
1/06/2014,Manawatu-Whanganui/Taranaki,Unskilled,172.7
1/06/2014,Manawatu-Whanganui/Taranaki,UnskilledIndex,188.4
1/06/2014,Northland,Business services,116.92
1/06/2014,Northland,Clerical and Administrative Workers,147.6
1/06/2014,Northland,Community and Personal Service Workers,181.7
1/06/2014,Northland,Construction,240.54
1/06/2014,Northland,Education,45.66
1/06/2014,Northland,Health care,114.44
1/06/2014,Northland,Highly-Skilled,128.15
1/06/2014,Northland,Hospitality,113.79
1/06/2014,Northland,IT,85.71
1/06/2014,Northland,Labourers,233.3
1/06/2014,Northland,Low-Skilled,184.41
1/06/2014,Northland,Machinery Operators and Drivers,263.3
1/06/2014,Northland,Managers,158.4
1/06/2014,Northland,Manufacturing,221.43
1/06/2014,Northland,Other,235.29
1/06/2014,Northland,Primary,215.38
1/06/2014,Northland,Professionals,82.3
1/06/2014,Northland,Sales,150.77
1/06/2014,Northland,Sales Workers,131.5
1/06/2014,Northland,Semi-Skilled,214.13
1/06/2014,Northland,Skilled,70.52
1/06/2014,Northland,SkilledIndex,115.5
1/06/2014,Northland,Technicians and Trades Workers,192.9
1/06/2014,Northland,Unskilled,181.43
1/06/2014,Northland,UnskilledIndex,183.6
1/06/2014,Otago/Southland,Business services,180.14
1/06/2014,Otago/Southland,Clerical and Administrative Workers,215.5
1/06/2014,Otago/Southland,Community and Personal Service Workers,233.8
1/06/2014,Otago/Southland,Construction,270.03
1/06/2014,Otago/Southland,Education,44.79
1/06/2014,Otago/Southland,Health care,211.05
1/06/2014,Otago/Southland,Highly-Skilled,153.5
1/06/2014,Otago/Southland,Hospitality,150
1/06/2014,Otago/Southland,IT,146.24
1/06/2014,Otago/Southland,Labourers,253.6
1/06/2014,Otago/Southland,Low-Skilled,207.17
1/06/2014,Otago/Southland,Machinery Operators and Drivers,188.1
1/06/2014,Otago/Southland,Managers,149.6
1/06/2014,Otago/Southland,Manufacturing,173.75
1/06/2014,Otago/Southland,Other,197.62
1/06/2014,Otago/Southland,Primary,219.27
1/06/2014,Otago/Southland,Professionals,111.1
1/06/2014,Otago/Southland,Sales,143.76
1/06/2014,Otago/Southland,Sales Workers,167.6
1/06/2014,Otago/Southland,Semi-Skilled,290.2
1/06/2014,Otago/Southland,Skilled,110.04
1/06/2014,Otago/Southland,SkilledIndex,156.5
1/06/2014,Otago/Southland,Technicians and Trades Workers,219.9
1/06/2014,Otago/Southland,Unskilled,174.42
1/06/2014,Otago/Southland,UnskilledIndex,197
1/06/2014,Tasman/Nelson/Marlborough/West Coast,Business services,160.34
1/06/2014,Tasman/Nelson/Marlborough/West Coast,Clerical and Administrative Workers,175.9
1/06/2014,Tasman/Nelson/Marlborough/West Coast,Community and Personal Service Workers,143.9
1/06/2014,Tasman/Nelson/Marlborough/West Coast,Construction,233.47
1/06/2014,Tasman/Nelson/Marlborough/West Coast,Education,47.83
1/06/2014,Tasman/Nelson/Marlborough/West Coast,Health care,186.42
1/06/2014,Tasman/Nelson/Marlborough/West Coast,Highly-Skilled,133.45
1/06/2014,Tasman/Nelson/Marlborough/West Coast,Hospitality,120.65
1/06/2014,Tasman/Nelson/Marlborough/West Coast,IT,165.38
1/06/2014,Tasman/Nelson/Marlborough/West Coast,Labourers,199.5
1/06/2014,Tasman/Nelson/Marlborough/West Coast,Low-Skilled,165.11
1/06/2014,Tasman/Nelson/Marlborough/West Coast,Machinery Operators and Drivers,164.3
1/06/2014,Tasman/Nelson/Marlborough/West Coast,Managers,133
1/06/2014,Tasman/Nelson/Marlborough/West Coast,Manufacturing,208.7
1/06/2014,Tasman/Nelson/Marlborough/West Coast,Other,111.84
1/06/2014,Tasman/Nelson/Marlborough/West Coast,Primary,165.59
1/06/2014,Tasman/Nelson/Marlborough/West Coast,Professionals,92.2
1/06/2014,Tasman/Nelson/Marlborough/West Coast,Sales,112.05
1/06/2014,Tasman/Nelson/Marlborough/West Coast,Sales Workers,131.9
1/06/2014,Tasman/Nelson/Marlborough/West Coast,Semi-Skilled,260.17
1/06/2014,Tasman/Nelson/Marlborough/West Coast,Skilled,86.07
1/06/2014,Tasman/Nelson/Marlborough/West Coast,SkilledIndex,128.2
1/06/2014,Tasman/Nelson/Marlborough/West Coast,Technicians and Trades Workers,190.2
1/06/2014,Tasman/Nelson/Marlborough/West Coast,Unskilled,145.88
1/06/2014,Tasman/Nelson/Marlborough/West Coast,UnskilledIndex,159.4
1/06/2014,Totals,Auckland,160.84
1/06/2014,Totals,Bay of Plenty,159.06
1/06/2014,Totals,Business services,155.72
1/06/2014,Totals,Canterbury,228.87
1/06/2014,Totals,Clerical and Administrative Workers,172.4
1/06/2014,Totals,Community and Personal Service Workers,199.5
1/06/2014,Totals,Construction,267.63
1/06/2014,Totals,Education,64.42
1/06/2014,Totals,Gisborne/Hawkes Bay,126.48
1/06/2014,Totals,Health care,146.99
1/06/2014,Totals,Highly-Skilled,133.54
1/06/2014,Totals,Hospitality,157.95
1/06/2014,Totals,IT,114.13
1/06/2014,Totals,Labourers,307.9
1/06/2014,Totals,Low-Skilled,200.19
1/06/2014,Totals,Machinery Operators and Drivers,260.6
1/06/2014,Totals,Managers,136.2
1/06/2014,Totals,Manawatu-Whanganui/Taranaki,143.82
1/06/2014,Totals,Manufacturing,200.38
1/06/2014,Totals,Northland,134.11
1/06/2014,Totals,Otago/Southland,169.25
1/06/2014,Totals,Other,138.01
1/06/2014,Totals,Primary,213.76
1/06/2014,Totals,Professionals,120.6
1/06/2014,Totals,Sales,156.86
1/06/2014,Totals,Sales Workers,191.6
1/06/2014,Totals,Semi-Skilled,271.66
1/06/2014,Totals,Skilled,130.57
1/06/2014,Totals,SkilledIndex,145.2
1/06/2014,Totals,Tasman/Nelson/Marlborough/West Coast,139.9
1/06/2014,Totals,Technicians and Trades Workers,231.1
1/06/2014,Totals,TotalsIndex,161.01
1/06/2014,Totals,Unskilled,214.96
1/06/2014,Totals,UnskilledIndex,203.9
1/06/2014,Totals,Waikato,157.8
1/06/2014,Totals,Wellington,129.8
1/06/2014,Waikato,Business services,162.95
1/06/2014,Waikato,Clerical and Administrative Workers,178.2
1/06/2014,Waikato,Community and Personal Service Workers,197.2
1/06/2014,Waikato,Construction,225.88
1/06/2014,Waikato,Education,62.15
1/06/2014,Waikato,Health care,151.62
1/06/2014,Waikato,Highly-Skilled,131
1/06/2014,Waikato,Hospitality,163.39
1/06/2014,Waikato,IT,115.58
1/06/2014,Waikato,Labourers,260.3
1/06/2014,Waikato,Low-Skilled,205.91
1/06/2014,Waikato,Machinery Operators and Drivers,197.1
1/06/2014,Waikato,Managers,142.5
1/06/2014,Waikato,Manufacturing,172.67
1/06/2014,Waikato,Other,138.62
1/06/2014,Waikato,Primary,300
1/06/2014,Waikato,Professionals,101.1
1/06/2014,Waikato,Sales,143.18
1/06/2014,Waikato,Sales Workers,171.8
1/06/2014,Waikato,Semi-Skilled,267.33
1/06/2014,Waikato,Skilled,114.81
1/06/2014,Waikato,SkilledIndex,142.6
1/06/2014,Waikato,Technicians and Trades Workers,236.2
1/06/2014,Waikato,Unskilled,164.14
1/06/2014,Waikato,UnskilledIndex,193.6
1/06/2014,Wellington,Business services,138.02
1/06/2014,Wellington,Clerical and Administrative Workers,137.8
1/06/2014,Wellington,Community and Personal Service Workers,181
1/06/2014,Wellington,Construction,203.71
1/06/2014,Wellington,Education,64.77
1/06/2014,Wellington,Health care,131.3
1/06/2014,Wellington,Highly-Skilled,111.04
1/06/2014,Wellington,Hospitality,162.48
1/06/2014,Wellington,IT,103.48
1/06/2014,Wellington,Labourers,274
1/06/2014,Wellington,Low-Skilled,164.52
1/06/2014,Wellington,Machinery Operators and Drivers,197.9
1/06/2014,Wellington,Managers,101.3
1/06/2014,Wellington,Manufacturing,162.67
1/06/2014,Wellington,Other,122.53
1/06/2014,Wellington,Primary,147.76
1/06/2014,Wellington,Professionals,110.4
1/06/2014,Wellington,Sales,122.05
1/06/2014,Wellington,Sales Workers,176.6
1/06/2014,Wellington,Semi-Skilled,216.85
1/06/2014,Wellington,Skilled,113.19
1/06/2014,Wellington,SkilledIndex,117.8
1/06/2014,Wellington,Technicians and Trades Workers,171.3
1/06/2014,Wellington,Unskilled,192.63
1/06/2014,Wellington,UnskilledIndex,171.8
1/09/2014,Auckland,Business services,143.34
1/09/2014,Auckland,Clerical and Administrative Workers,155.8
1/09/2014,Auckland,Community and Personal Service Workers,240.9
1/09/2014,Auckland,Construction,262.91
1/09/2014,Auckland,Education,80.62
1/09/2014,Auckland,Health care,132.3
1/09/2014,Auckland,Highly-Skilled,144.03
1/09/2014,Auckland,Hospitality,217.98
1/09/2014,Auckland,IT,128.95
1/09/2014,Auckland,Labourers,305.4
1/09/2014,Auckland,Low-Skilled,181.76
1/09/2014,Auckland,Machinery Operators and Drivers,242.1
1/09/2014,Auckland,Managers,161.9
1/09/2014,Auckland,Manufacturing,187.74
1/09/2014,Auckland,Other,138.99
1/09/2014,Auckland,Primary,144.22
1/09/2014,Auckland,Professionals,128.9
1/09/2014,Auckland,Sales,175.75
1/09/2014,Auckland,Sales Workers,180.5
1/09/2014,Auckland,Semi-Skilled,258.79
1/09/2014,Auckland,Skilled,156.21
1/09/2014,Auckland,SkilledIndex,155.1
1/09/2014,Auckland,Technicians and Trades Workers,243.7
1/09/2014,Auckland,Unskilled,242.55
1/09/2014,Auckland,UnskilledIndex,194.5
1/09/2014,Bay of Plenty,Business services,183.77
1/09/2014,Bay of Plenty,Clerical and Administrative Workers,172.2
1/09/2014,Bay of Plenty,Community and Personal Service Workers,171.4
1/09/2014,Bay of Plenty,Construction,250.91
1/09/2014,Bay of Plenty,Education,68.85
1/09/2014,Bay of Plenty,Health care,195.73
1/09/2014,Bay of Plenty,Highly-Skilled,180.76
1/09/2014,Bay of Plenty,Hospitality,169.95
1/09/2014,Bay of Plenty,IT,113.25
1/09/2014,Bay of Plenty,Labourers,280.6
1/09/2014,Bay of Plenty,Low-Skilled,180.26
1/09/2014,Bay of Plenty,Machinery Operators and Drivers,244.8
1/09/2014,Bay of Plenty,Managers,153.3
1/09/2014,Bay of Plenty,Manufacturing,190.91
1/09/2014,Bay of Plenty,Other,136.54
1/09/2014,Bay of Plenty,Primary,272.73
1/09/2014,Bay of Plenty,Professionals,145.3
1/09/2014,Bay of Plenty,Sales,165.95
1/09/2014,Bay of Plenty,Sales Workers,164.5
1/09/2014,Bay of Plenty,Semi-Skilled,271.72
1/09/2014,Bay of Plenty,Skilled,114.9
1/09/2014,Bay of Plenty,SkilledIndex,169.4
1/09/2014,Bay of Plenty,Technicians and Trades Workers,219.6
1/09/2014,Bay of Plenty,Unskilled,212.96
1/09/2014,Bay of Plenty,UnskilledIndex,189.8
1/09/2014,Canterbury,Business services,198.64
1/09/2014,Canterbury,Clerical and Administrative Workers,211.4
1/09/2014,Canterbury,Community and Personal Service Workers,221
1/09/2014,Canterbury,Construction,457.37
1/09/2014,Canterbury,Education,90.26
1/09/2014,Canterbury,Health care,204.62
1/09/2014,Canterbury,Highly-Skilled,217.71
1/09/2014,Canterbury,Hospitality,175.79
1/09/2014,Canterbury,IT,153.11
1/09/2014,Canterbury,Labourers,407.1
1/09/2014,Canterbury,Low-Skilled,260.7
1/09/2014,Canterbury,Machinery Operators and Drivers,506.8
1/09/2014,Canterbury,Managers,224
1/09/2014,Canterbury,Manufacturing,355.06
1/09/2014,Canterbury,Other,215.81
1/09/2014,Canterbury,Primary,310.49
1/09/2014,Canterbury,Professionals,184.3
1/09/2014,Canterbury,Sales,191.01
1/09/2014,Canterbury,Sales Workers,201.2
1/09/2014,Canterbury,Semi-Skilled,434.46
1/09/2014,Canterbury,Skilled,186.68
1/09/2014,Canterbury,SkilledIndex,236.1
1/09/2014,Canterbury,Technicians and Trades Workers,361.2
1/09/2014,Canterbury,Unskilled,290.22
1/09/2014,Canterbury,UnskilledIndex,269.4
1/09/2014,Gisborne/Hawkes Bay,Business services,178.01
1/09/2014,Gisborne/Hawkes Bay,Clerical and Administrative Workers,201.8
1/09/2014,Gisborne/Hawkes Bay,Community and Personal Service Workers,164
1/09/2014,Gisborne/Hawkes Bay,Construction,169.7
1/09/2014,Gisborne/Hawkes Bay,Education,58.37
1/09/2014,Gisborne/Hawkes Bay,Health care,136.65
1/09/2014,Gisborne/Hawkes Bay,Highly-Skilled,141.29
1/09/2014,Gisborne/Hawkes Bay,Hospitality,161.6
1/09/2014,Gisborne/Hawkes Bay,IT,114.81
1/09/2014,Gisborne/Hawkes Bay,Labourers,168.8
1/09/2014,Gisborne/Hawkes Bay,Low-Skilled,150.62
1/09/2014,Gisborne/Hawkes Bay,Machinery Operators and Drivers,163.8
1/09/2014,Gisborne/Hawkes Bay,Managers,176.2
1/09/2014,Gisborne/Hawkes Bay,Manufacturing,158.87
1/09/2014,Gisborne/Hawkes Bay,Other,110.53
1/09/2014,Gisborne/Hawkes Bay,Primary,219.05
1/09/2014,Gisborne/Hawkes Bay,Professionals,94.5
1/09/2014,Gisborne/Hawkes Bay,Sales,190.5
1/09/2014,Gisborne/Hawkes Bay,Sales Workers,141.3
1/09/2014,Gisborne/Hawkes Bay,Semi-Skilled,177.03
1/09/2014,Gisborne/Hawkes Bay,Skilled,108.74
1/09/2014,Gisborne/Hawkes Bay,SkilledIndex,134.7
1/09/2014,Gisborne/Hawkes Bay,Technicians and Trades Workers,171.2
1/09/2014,Gisborne/Hawkes Bay,Unskilled,195.2
1/09/2014,Gisborne/Hawkes Bay,UnskilledIndex,162.7
1/09/2014,Manawatu-Whanganui/Taranaki,Business services,179.4
1/09/2014,Manawatu-Whanganui/Taranaki,Clerical and Administrative Workers,161
1/09/2014,Manawatu-Whanganui/Taranaki,Community and Personal Service Workers,194.2
1/09/2014,Manawatu-Whanganui/Taranaki,Construction,185.52
1/09/2014,Manawatu-Whanganui/Taranaki,Education,62.33
1/09/2014,Manawatu-Whanganui/Taranaki,Health care,163.57
1/09/2014,Manawatu-Whanganui/Taranaki,Highly-Skilled,151.17
1/09/2014,Manawatu-Whanganui/Taranaki,Hospitality,139.1
1/09/2014,Manawatu-Whanganui/Taranaki,IT,110.59
1/09/2014,Manawatu-Whanganui/Taranaki,Labourers,238.1
1/09/2014,Manawatu-Whanganui/Taranaki,Low-Skilled,175.8
1/09/2014,Manawatu-Whanganui/Taranaki,Machinery Operators and Drivers,177.9
1/09/2014,Manawatu-Whanganui/Taranaki,Managers,148.3
1/09/2014,Manawatu-Whanganui/Taranaki,Manufacturing,168.26
1/09/2014,Manawatu-Whanganui/Taranaki,Other,143.05
1/09/2014,Manawatu-Whanganui/Taranaki,Primary,281.43
1/09/2014,Manawatu-Whanganui/Taranaki,Professionals,111.3
1/09/2014,Manawatu-Whanganui/Taranaki,Sales,151.08
1/09/2014,Manawatu-Whanganui/Taranaki,Sales Workers,163.8
1/09/2014,Manawatu-Whanganui/Taranaki,Semi-Skilled,234
1/09/2014,Manawatu-Whanganui/Taranaki,Skilled,102.1
1/09/2014,Manawatu-Whanganui/Taranaki,SkilledIndex,141.7
1/09/2014,Manawatu-Whanganui/Taranaki,Technicians and Trades Workers,197.2
1/09/2014,Manawatu-Whanganui/Taranaki,Unskilled,190.29
1/09/2014,Manawatu-Whanganui/Taranaki,UnskilledIndex,179.9
1/09/2014,Northland,Business services,133.85
1/09/2014,Northland,Clerical and Administrative Workers,172.6
1/09/2014,Northland,Community and Personal Service Workers,213.2
1/09/2014,Northland,Construction,243.24
1/09/2014,Northland,Education,67.12
1/09/2014,Northland,Health care,118.74
1/09/2014,Northland,Highly-Skilled,144.5
1/09/2014,Northland,Hospitality,168.97
1/09/2014,Northland,IT,107.14
1/09/2014,Northland,Labourers,226.2
1/09/2014,Northland,Low-Skilled,185.48
1/09/2014,Northland,Machinery Operators and Drivers,256.7
1/09/2014,Northland,Managers,178.2
1/09/2014,Northland,Manufacturing,192.86
1/09/2014,Northland,Other,261.76
1/09/2014,Northland,Primary,207.69
1/09/2014,Northland,Professionals,93
1/09/2014,Northland,Sales,173.85
1/09/2014,Northland,Sales Workers,134.8
1/09/2014,Northland,Semi-Skilled,197.83
1/09/2014,Northland,Skilled,91.91
1/09/2014,Northland,SkilledIndex,129.9
1/09/2014,Northland,Technicians and Trades Workers,203.2
1/09/2014,Northland,Unskilled,202.86
1/09/2014,Northland,UnskilledIndex,190.2
1/09/2014,Otago/Southland,Business services,184.25
1/09/2014,Otago/Southland,Clerical and Administrative Workers,217.4
1/09/2014,Otago/Southland,Community and Personal Service Workers,272.7
1/09/2014,Otago/Southland,Construction,310.33
1/09/2014,Otago/Southland,Education,63.09
1/09/2014,Otago/Southland,Health care,228.13
1/09/2014,Otago/Southland,Highly-Skilled,178.56
1/09/2014,Otago/Southland,Hospitality,225.61
1/09/2014,Otago/Southland,IT,153.76
1/09/2014,Otago/Southland,Labourers,292.8
1/09/2014,Otago/Southland,Low-Skilled,223.84
1/09/2014,Otago/Southland,Machinery Operators and Drivers,282.2
1/09/2014,Otago/Southland,Managers,176.2
1/09/2014,Otago/Southland,Manufacturing,221.88
1/09/2014,Otago/Southland,Other,238.1
1/09/2014,Otago/Southland,Primary,280.73
1/09/2014,Otago/Southland,Professionals,134.7
1/09/2014,Otago/Southland,Sales,161.68
1/09/2014,Otago/Southland,Sales Workers,169.4
1/09/2014,Otago/Southland,Semi-Skilled,334.8
1/09/2014,Otago/Southland,Skilled,142.19
1/09/2014,Otago/Southland,SkilledIndex,186.7
1/09/2014,Otago/Southland,Technicians and Trades Workers,269.9
1/09/2014,Otago/Southland,Unskilled,222.79
1/09/2014,Otago/Southland,UnskilledIndex,223.5
1/09/2014,Tasman/Nelson/Marlborough/West Coast,Business services,182.18
1/09/2014,Tasman/Nelson/Marlborough/West Coast,Clerical and Administrative Workers,208.2
1/09/2014,Tasman/Nelson/Marlborough/West Coast,Community and Personal Service Workers,185.8
1/09/2014,Tasman/Nelson/Marlborough/West Coast,Construction,274.15
1/09/2014,Tasman/Nelson/Marlborough/West Coast,Education,57.83
1/09/2014,Tasman/Nelson/Marlborough/West Coast,Health care,201.63
1/09/2014,Tasman/Nelson/Marlborough/West Coast,Highly-Skilled,144.3
1/09/2014,Tasman/Nelson/Marlborough/West Coast,Hospitality,178.71
1/09/2014,Tasman/Nelson/Marlborough/West Coast,IT,138.46
1/09/2014,Tasman/Nelson/Marlborough/West Coast,Labourers,283
1/09/2014,Tasman/Nelson/Marlborough/West Coast,Low-Skilled,184.76
1/09/2014,Tasman/Nelson/Marlborough/West Coast,Machinery Operators and Drivers,172.9
1/09/2014,Tasman/Nelson/Marlborough/West Coast,Managers,139.1
1/09/2014,Tasman/Nelson/Marlborough/West Coast,Manufacturing,206.52
1/09/2014,Tasman/Nelson/Marlborough/West Coast,Other,143.42
1/09/2014,Tasman/Nelson/Marlborough/West Coast,Primary,161.29
1/09/2014,Tasman/Nelson/Marlborough/West Coast,Professionals,101
1/09/2014,Tasman/Nelson/Marlborough/West Coast,Sales,141.96
1/09/2014,Tasman/Nelson/Marlborough/West Coast,Sales Workers,154.3
1/09/2014,Tasman/Nelson/Marlborough/West Coast,Semi-Skilled,292.37
1/09/2014,Tasman/Nelson/Marlborough/West Coast,Skilled,106.42
1/09/2014,Tasman/Nelson/Marlborough/West Coast,SkilledIndex,145.6
1/09/2014,Tasman/Nelson/Marlborough/West Coast,Technicians and Trades Workers,230.4
1/09/2014,Tasman/Nelson/Marlborough/West Coast,Unskilled,222.54
1/09/2014,Tasman/Nelson/Marlborough/West Coast,UnskilledIndex,196
1/09/2014,Totals,Auckland,164.66
1/09/2014,Totals,Bay of Plenty,174.83
1/09/2014,Totals,Business services,150.3
1/09/2014,Totals,Canterbury,247.36
1/09/2014,Totals,Clerical and Administrative Workers,163
1/09/2014,Totals,Community and Personal Service Workers,219
1/09/2014,Totals,Construction,279.95
1/09/2014,Totals,Education,74.22
1/09/2014,Totals,Gisborne/Hawkes Bay,142.09
1/09/2014,Totals,Health care,152.9
1/09/2014,Totals,Highly-Skilled,148.01
1/09/2014,Totals,Hospitality,193.65
1/09/2014,Totals,IT,123.1
1/09/2014,Totals,Labourers,301.9
1/09/2014,Totals,Low-Skilled,189.65
1/09/2014,Totals,Machinery Operators and Drivers,267.1
1/09/2014,Totals,Managers,157.3
1/09/2014,Totals,Manawatu-Whanganui/Taranaki,151.13
1/09/2014,Totals,Manufacturing,206.82
1/09/2014,Totals,Northland,147.15
1/09/2014,Totals,Otago/Southland,199.19
1/09/2014,Totals,Other,151.21
1/09/2014,Totals,Primary,228.63
1/09/2014,Totals,Professionals,131.8
1/09/2014,Totals,Sales,167.3
1/09/2014,Totals,Sales Workers,173.2
1/09/2014,Totals,Semi-Skilled,280.9
1/09/2014,Totals,Skilled,140.88
1/09/2014,Totals,SkilledIndex,158.1
1/09/2014,Totals,Tasman/Nelson/Marlborough/West Coast,162.7
1/09/2014,Totals,Technicians and Trades Workers,247.3
1/09/2014,Totals,TotalsIndex,169.45
1/09/2014,Totals,Unskilled,230.28
1/09/2014,Totals,UnskilledIndex,199.8
1/09/2014,Totals,Waikato,160.79
1/09/2014,Totals,Wellington,135.35
1/09/2014,Waikato,Business services,158.22
1/09/2014,Waikato,Clerical and Administrative Workers,182.4
1/09/2014,Waikato,Community and Personal Service Workers,213.8
1/09/2014,Waikato,Construction,212.8
1/09/2014,Waikato,Education,73.12
1/09/2014,Waikato,Health care,144.39
1/09/2014,Waikato,Highly-Skilled,141.03
1/09/2014,Waikato,Hospitality,193.3
1/09/2014,Waikato,IT,124.62
1/09/2014,Waikato,Labourers,241.9
1/09/2014,Waikato,Low-Skilled,183.03
1/09/2014,Waikato,Machinery Operators and Drivers,193
1/09/2014,Waikato,Managers,155.6
1/09/2014,Waikato,Manufacturing,175.24
1/09/2014,Waikato,Other,159.26
1/09/2014,Waikato,Primary,268.42
1/09/2014,Waikato,Professionals,108.4
1/09/2014,Waikato,Sales,160.3
1/09/2014,Waikato,Sales Workers,158.1
1/09/2014,Waikato,Semi-Skilled,243.89
1/09/2014,Waikato,Skilled,133.04
1/09/2014,Waikato,SkilledIndex,151.1
1/09/2014,Waikato,Technicians and Trades Workers,230.5
1/09/2014,Waikato,Unskilled,187.5
1/09/2014,Waikato,UnskilledIndex,184.3
1/09/2014,Wellington,Business services,127.53
1/09/2014,Wellington,Clerical and Administrative Workers,123.1
1/09/2014,Wellington,Community and Personal Service Workers,193.5
1/09/2014,Wellington,Construction,220.59
1/09/2014,Wellington,Education,69.88
1/09/2014,Wellington,Health care,152.1
1/09/2014,Wellington,Highly-Skilled,121.59
1/09/2014,Wellington,Hospitality,175.62
1/09/2014,Wellington,IT,107.68
1/09/2014,Wellington,Labourers,266.1
1/09/2014,Wellington,Low-Skilled,154.61
1/09/2014,Wellington,Machinery Operators and Drivers,202.6
1/09/2014,Wellington,Managers,114.7
1/09/2014,Wellington,Manufacturing,162.67
1/09/2014,Wellington,Other,136.76
1/09/2014,Wellington,Primary,132.84
1/09/2014,Wellington,Professionals,118.3
1/09/2014,Wellington,Sales,132.12
1/09/2014,Wellington,Sales Workers,154.8
1/09/2014,Wellington,Semi-Skilled,227.69
1/09/2014,Wellington,Skilled,116.61
1/09/2014,Wellington,SkilledIndex,126.8
1/09/2014,Wellington,Technicians and Trades Workers,188.6
1/09/2014,Wellington,Unskilled,185.12
1/09/2014,Wellington,UnskilledIndex,162.5
1/12/2014,Auckland,Business services,116.28
1/12/2014,Auckland,Clerical and Administrative Workers,121.7
1/12/2014,Auckland,Community and Personal Service Workers,175.6
1/12/2014,Auckland,Construction,206.61
1/12/2014,Auckland,Education,93.69
1/12/2014,Auckland,Health care,109.26
1/12/2014,Auckland,Highly-Skilled,120.8
1/12/2014,Auckland,Hospitality,175.32
1/12/2014,Auckland,IT,103.82
1/12/2014,Auckland,Labourers,238.1
1/12/2014,Auckland,Low-Skilled,138.9
1/12/2014,Auckland,Machinery Operators and Drivers,203.9
1/12/2014,Auckland,Managers,132.7
1/12/2014,Auckland,Manufacturing,165.42
1/12/2014,Auckland,Other,187.64
1/12/2014,Auckland,Primary,138.1
1/12/2014,Auckland,Professionals,112.1
1/12/2014,Auckland,Sales,134.07
1/12/2014,Auckland,Sales Workers,135
1/12/2014,Auckland,Semi-Skilled,220.85
1/12/2014,Auckland,Skilled,137.57
1/12/2014,Auckland,SkilledIndex,131.8
1/12/2014,Auckland,Technicians and Trades Workers,210.9
1/12/2014,Auckland,Unskilled,187.66
1/12/2014,Auckland,UnskilledIndex,149.1
1/12/2014,Bay of Plenty,Business services,172.45
1/12/2014,Bay of Plenty,Clerical and Administrative Workers,152.5
1/12/2014,Bay of Plenty,Community and Personal Service Workers,146
1/12/2014,Bay of Plenty,Construction,224.43
1/12/2014,Bay of Plenty,Education,83.93
1/12/2014,Bay of Plenty,Health care,166.06
1/12/2014,Bay of Plenty,Highly-Skilled,154.27
1/12/2014,Bay of Plenty,Hospitality,141.38
1/12/2014,Bay of Plenty,IT,151.81
1/12/2014,Bay of Plenty,Labourers,317.3
1/12/2014,Bay of Plenty,Low-Skilled,158.01
1/12/2014,Bay of Plenty,Machinery Operators and Drivers,188.5
1/12/2014,Bay of Plenty,Managers,146.6
1/12/2014,Bay of Plenty,Manufacturing,173.8
1/12/2014,Bay of Plenty,Other,233.65
1/12/2014,Bay of Plenty,Primary,243.18
1/12/2014,Bay of Plenty,Professionals,127.6
1/12/2014,Bay of Plenty,Sales,130
1/12/2014,Bay of Plenty,Sales Workers,135.5
1/12/2014,Bay of Plenty,Semi-Skilled,269.7
1/12/2014,Bay of Plenty,Skilled,125.22
1/12/2014,Bay of Plenty,SkilledIndex,160
1/12/2014,Bay of Plenty,Technicians and Trades Workers,229.3
1/12/2014,Bay of Plenty,Unskilled,195.38
1/12/2014,Bay of Plenty,UnskilledIndex,168.9
1/12/2014,Canterbury,Business services,164.8
1/12/2014,Canterbury,Clerical and Administrative Workers,170.3
1/12/2014,Canterbury,Community and Personal Service Workers,169.4
1/12/2014,Canterbury,Construction,380.7
1/12/2014,Canterbury,Education,103.35
1/12/2014,Canterbury,Health care,163.14
1/12/2014,Canterbury,Highly-Skilled,186.9
1/12/2014,Canterbury,Hospitality,151.28
1/12/2014,Canterbury,IT,136.34
1/12/2014,Canterbury,Labourers,357.6
1/12/2014,Canterbury,Low-Skilled,210.52
1/12/2014,Canterbury,Machinery Operators and Drivers,411.7
1/12/2014,Canterbury,Managers,191.5
1/12/2014,Canterbury,Manufacturing,316.7
1/12/2014,Canterbury,Other,290.23
1/12/2014,Canterbury,Primary,214.81
1/12/2014,Canterbury,Professionals,165.8
1/12/2014,Canterbury,Sales,153.02
1/12/2014,Canterbury,Sales Workers,156.2
1/12/2014,Canterbury,Semi-Skilled,369.39
1/12/2014,Canterbury,Skilled,176.52
1/12/2014,Canterbury,SkilledIndex,207
1/12/2014,Canterbury,Technicians and Trades Workers,321.1
1/12/2014,Canterbury,Unskilled,238.69
1/12/2014,Canterbury,UnskilledIndex,218.8
1/12/2014,Gisborne/Hawkes Bay,Business services,165.25
1/12/2014,Gisborne/Hawkes Bay,Clerical and Administrative Workers,161.1
1/12/2014,Gisborne/Hawkes Bay,Community and Personal Service Workers,139
1/12/2014,Gisborne/Hawkes Bay,Construction,142.42
1/12/2014,Gisborne/Hawkes Bay,Education,80.82
1/12/2014,Gisborne/Hawkes Bay,Health care,107.25
1/12/2014,Gisborne/Hawkes Bay,Highly-Skilled,122.76
1/12/2014,Gisborne/Hawkes Bay,Hospitality,145.6
1/12/2014,Gisborne/Hawkes Bay,IT,107.41
1/12/2014,Gisborne/Hawkes Bay,Labourers,136.3
1/12/2014,Gisborne/Hawkes Bay,Low-Skilled,127.1
1/12/2014,Gisborne/Hawkes Bay,Machinery Operators and Drivers,129
1/12/2014,Gisborne/Hawkes Bay,Managers,174.2
1/12/2014,Gisborne/Hawkes Bay,Manufacturing,149.19
1/12/2014,Gisborne/Hawkes Bay,Other,135.53
1/12/2014,Gisborne/Hawkes Bay,Primary,152.38
1/12/2014,Gisborne/Hawkes Bay,Professionals,90.8
1/12/2014,Gisborne/Hawkes Bay,Sales,150
1/12/2014,Gisborne/Hawkes Bay,Sales Workers,138.9
1/12/2014,Gisborne/Hawkes Bay,Semi-Skilled,166.22
1/12/2014,Gisborne/Hawkes Bay,Skilled,111.26
1/12/2014,Gisborne/Hawkes Bay,SkilledIndex,125.2
1/12/2014,Gisborne/Hawkes Bay,Technicians and Trades Workers,142.7
1/12/2014,Gisborne/Hawkes Bay,Unskilled,154.4
1/12/2014,Gisborne/Hawkes Bay,UnskilledIndex,134.5
1/12/2014,Manawatu-Whanganui/Taranaki,Business services,158.8
1/12/2014,Manawatu-Whanganui/Taranaki,Clerical and Administrative Workers,140.5
1/12/2014,Manawatu-Whanganui/Taranaki,Community and Personal Service Workers,148.8
1/12/2014,Manawatu-Whanganui/Taranaki,Construction,138.1
1/12/2014,Manawatu-Whanganui/Taranaki,Education,96.48
1/12/2014,Manawatu-Whanganui/Taranaki,Health care,136.96
1/12/2014,Manawatu-Whanganui/Taranaki,Highly-Skilled,130.71
1/12/2014,Manawatu-Whanganui/Taranaki,Hospitality,143.61
1/12/2014,Manawatu-Whanganui/Taranaki,IT,94.12
1/12/2014,Manawatu-Whanganui/Taranaki,Labourers,221.4
1/12/2014,Manawatu-Whanganui/Taranaki,Low-Skilled,145.23
1/12/2014,Manawatu-Whanganui/Taranaki,Machinery Operators and Drivers,147.1
1/12/2014,Manawatu-Whanganui/Taranaki,Managers,113
1/12/2014,Manawatu-Whanganui/Taranaki,Manufacturing,153.04
1/12/2014,Manawatu-Whanganui/Taranaki,Other,165.56
1/12/2014,Manawatu-Whanganui/Taranaki,Primary,205.71
1/12/2014,Manawatu-Whanganui/Taranaki,Professionals,114.1
1/12/2014,Manawatu-Whanganui/Taranaki,Sales,116.87
1/12/2014,Manawatu-Whanganui/Taranaki,Sales Workers,124.3
1/12/2014,Manawatu-Whanganui/Taranaki,Semi-Skilled,192.47
1/12/2014,Manawatu-Whanganui/Taranaki,Skilled,101.34
1/12/2014,Manawatu-Whanganui/Taranaki,SkilledIndex,126.5
1/12/2014,Manawatu-Whanganui/Taranaki,Technicians and Trades Workers,163.9
1/12/2014,Manawatu-Whanganui/Taranaki,Unskilled,159.91
1/12/2014,Manawatu-Whanganui/Taranaki,UnskilledIndex,149.4
1/12/2014,Northland,Business services,113.08
1/12/2014,Northland,Clerical and Administrative Workers,154.5
1/12/2014,Northland,Community and Personal Service Workers,219.2
1/12/2014,Northland,Construction,241.22
1/12/2014,Northland,Education,100.46
1/12/2014,Northland,Health care,101.1
1/12/2014,Northland,Highly-Skilled,129.3
1/12/2014,Northland,Hospitality,212.07
1/12/2014,Northland,IT,178.57
1/12/2014,Northland,Labourers,209.5
1/12/2014,Northland,Low-Skilled,170.07
1/12/2014,Northland,Machinery Operators and Drivers,250
1/12/2014,Northland,Managers,155.4
1/12/2014,Northland,Manufacturing,221.43
1/12/2014,Northland,Other,308.82
1/12/2014,Northland,Primary,146.15
1/12/2014,Northland,Professionals,100.6
1/12/2014,Northland,Sales,122.31
1/12/2014,Northland,Sales Workers,97.8
1/12/2014,Northland,Semi-Skilled,209.78
1/12/2014,Northland,Skilled,114.97
1/12/2014,Northland,SkilledIndex,133.5
1/12/2014,Northland,Technicians and Trades Workers,223
1/12/2014,Northland,Unskilled,180
1/12/2014,Northland,UnskilledIndex,172.8
1/12/2014,Otago/Southland,Business services,165.75
1/12/2014,Otago/Southland,Clerical and Administrative Workers,188.7
1/12/2014,Otago/Southland,Community and Personal Service Workers,237.7
1/12/2014,Otago/Southland,Construction,247.86
1/12/2014,Otago/Southland,Education,92.11
1/12/2014,Otago/Southland,Health care,162.45
1/12/2014,Otago/Southland,Highly-Skilled,141.23
1/12/2014,Otago/Southland,Hospitality,214.63
1/12/2014,Otago/Southland,IT,101.08
1/12/2014,Otago/Southland,Labourers,237.1
1/12/2014,Otago/Southland,Low-Skilled,187.13
1/12/2014,Otago/Southland,Machinery Operators and Drivers,209.9
1/12/2014,Otago/Southland,Managers,148
1/12/2014,Otago/Southland,Manufacturing,196.25
1/12/2014,Otago/Southland,Other,295.24
1/12/2014,Otago/Southland,Primary,185.32
1/12/2014,Otago/Southland,Professionals,118.8
1/12/2014,Otago/Southland,Sales,136.05
1/12/2014,Otago/Southland,Sales Workers,150.5
1/12/2014,Otago/Southland,Semi-Skilled,277.94
1/12/2014,Otago/Southland,Skilled,147.77
1/12/2014,Otago/Southland,SkilledIndex,162.1
1/12/2014,Otago/Southland,Technicians and Trades Workers,246
1/12/2014,Otago/Southland,Unskilled,207.44
1/12/2014,Otago/Southland,UnskilledIndex,193.5
1/12/2014,Tasman/Nelson/Marlborough/West Coast,Business services,120.69
1/12/2014,Tasman/Nelson/Marlborough/West Coast,Clerical and Administrative Workers,157.6
1/12/2014,Tasman/Nelson/Marlborough/West Coast,Community and Personal Service Workers,163.7
1/12/2014,Tasman/Nelson/Marlborough/West Coast,Construction,181.78
1/12/2014,Tasman/Nelson/Marlborough/West Coast,Education,67.83
1/12/2014,Tasman/Nelson/Marlborough/West Coast,Health care,209.51
1/12/2014,Tasman/Nelson/Marlborough/West Coast,Highly-Skilled,127.59
1/12/2014,Tasman/Nelson/Marlborough/West Coast,Hospitality,162.58
1/12/2014,Tasman/Nelson/Marlborough/West Coast,IT,100
1/12/2014,Tasman/Nelson/Marlborough/West Coast,Labourers,190.4
1/12/2014,Tasman/Nelson/Marlborough/West Coast,Low-Skilled,163.53
1/12/2014,Tasman/Nelson/Marlborough/West Coast,Machinery Operators and Drivers,159.4
1/12/2014,Tasman/Nelson/Marlborough/West Coast,Managers,137.5
1/12/2014,Tasman/Nelson/Marlborough/West Coast,Manufacturing,207.61
1/12/2014,Tasman/Nelson/Marlborough/West Coast,Other,215.79
1/12/2014,Tasman/Nelson/Marlborough/West Coast,Primary,145.16
1/12/2014,Tasman/Nelson/Marlborough/West Coast,Professionals,96.3
1/12/2014,Tasman/Nelson/Marlborough/West Coast,Sales,127.68
1/12/2014,Tasman/Nelson/Marlborough/West Coast,Sales Workers,148.3
1/12/2014,Tasman/Nelson/Marlborough/West Coast,Semi-Skilled,233.9
1/12/2014,Tasman/Nelson/Marlborough/West Coast,Skilled,109.23
1/12/2014,Tasman/Nelson/Marlborough/West Coast,SkilledIndex,132.3
1/12/2014,Tasman/Nelson/Marlborough/West Coast,Technicians and Trades Workers,198.1
1/12/2014,Tasman/Nelson/Marlborough/West Coast,Unskilled,160.76
1/12/2014,Tasman/Nelson/Marlborough/West Coast,UnskilledIndex,162.7
1/12/2014,Totals,Auckland,135.96
1/12/2014,Totals,Bay of Plenty,162.24
1/12/2014,Totals,Business services,124.2
1/12/2014,Totals,Canterbury,211.7
1/12/2014,Totals,Clerical and Administrative Workers,129.5
1/12/2014,Totals,Community and Personal Service Workers,170.4
1/12/2014,Totals,Construction,223.43
1/12/2014,Totals,Education,93.43
1/12/2014,Totals,Gisborne/Hawkes Bay,126.55
1/12/2014,Totals,Health care,126.05
1/12/2014,Totals,Highly-Skilled,123.96
1/12/2014,Totals,Hospitality,164.25
1/12/2014,Totals,IT,100.13
1/12/2014,Totals,Labourers,253
1/12/2014,Totals,Low-Skilled,150.4
1/12/2014,Totals,Machinery Operators and Drivers,218.2
1/12/2014,Totals,Managers,130.5
1/12/2014,Totals,Manawatu-Whanganui/Taranaki,133.02
1/12/2014,Totals,Manufacturing,183.44
1/12/2014,Totals,Northland,144.92
1/12/2014,Totals,Otago/Southland,172.17
1/12/2014,Totals,Other,179.23
1/12/2014,Totals,Primary,171.7
1/12/2014,Totals,Professionals,117.2
1/12/2014,Totals,Sales,129.44
1/12/2014,Totals,Sales Workers,133.4
1/12/2014,Totals,Semi-Skilled,238.23
1/12/2014,Totals,Skilled,131.37
1/12/2014,Totals,SkilledIndex,136.1
1/12/2014,Totals,Tasman/Nelson/Marlborough/West Coast,142.39
1/12/2014,Totals,Technicians and Trades Workers,215.5
1/12/2014,Totals,TotalsIndex,142.77
1/12/2014,Totals,Unskilled,186.05
1/12/2014,Totals,UnskilledIndex,159.3
1/12/2014,Totals,Waikato,132.88
1/12/2014,Totals,Wellington,110.75
1/12/2014,Waikato,Business services,123.44
1/12/2014,Waikato,Clerical and Administrative Workers,132.4
1/12/2014,Waikato,Community and Personal Service Workers,173.3
1/12/2014,Waikato,Construction,161.18
1/12/2014,Waikato,Education,100.22
1/12/2014,Waikato,Health care,133.66
1/12/2014,Waikato,Highly-Skilled,115.65
1/12/2014,Waikato,Hospitality,154.02
1/12/2014,Waikato,IT,108.04
1/12/2014,Waikato,Labourers,200
1/12/2014,Waikato,Low-Skilled,143.71
1/12/2014,Waikato,Machinery Operators and Drivers,153.8
1/12/2014,Waikato,Managers,123.8
1/12/2014,Waikato,Manufacturing,135.05
1/12/2014,Waikato,Other,194.71
1/12/2014,Waikato,Primary,173.68
1/12/2014,Waikato,Professionals,104.9
1/12/2014,Waikato,Sales,111.67
1/12/2014,Waikato,Sales Workers,106.5
1/12/2014,Waikato,Semi-Skilled,186.47
1/12/2014,Waikato,Skilled,124.94
1/12/2014,Waikato,SkilledIndex,127.3
1/12/2014,Waikato,Technicians and Trades Workers,179.3
1/12/2014,Waikato,Unskilled,140.13
1/12/2014,Waikato,UnskilledIndex,142.7
1/12/2014,Wellington,Business services,108.87
1/12/2014,Wellington,Clerical and Administrative Workers,97.4
1/12/2014,Wellington,Community and Personal Service Workers,148.6
1/12/2014,Wellington,Construction,167.15
1/12/2014,Wellington,Education,92.25
1/12/2014,Wellington,Health care,118.07
1/12/2014,Wellington,Highly-Skilled,98.72
1/12/2014,Wellington,Hospitality,145.33
1/12/2014,Wellington,IT,84.96
1/12/2014,Wellington,Labourers,222.2
1/12/2014,Wellington,Low-Skilled,120.76
1/12/2014,Wellington,Machinery Operators and Drivers,153.2
1/12/2014,Wellington,Managers,92.5
1/12/2014,Wellington,Manufacturing,143.87
1/12/2014,Wellington,Other,113.57
1/12/2014,Wellington,Primary,100
1/12/2014,Wellington,Professionals,100.7
1/12/2014,Wellington,Sales,103.82
1/12/2014,Wellington,Sales Workers,117
1/12/2014,Wellington,Semi-Skilled,180.5
1/12/2014,Wellington,Skilled,103.41
1/12/2014,Wellington,SkilledIndex,104.5
1/12/2014,Wellington,Technicians and Trades Workers,155
1/12/2014,Wellington,Unskilled,154.07
1/12/2014,Wellington,UnskilledIndex,129.4
1/03/2015,Auckland,Business services,153.37
1/03/2015,Auckland,Clerical and Administrative Workers,166.6
1/03/2015,Auckland,Community and Personal Service Workers,241.2
1/03/2015,Auckland,Construction,245.71
1/03/2015,Auckland,Education,90.08
1/03/2015,Auckland,Health care,133.77
1/03/2015,Auckland,Highly-Skilled,132.61
1/03/2015,Auckland,Hospitality,223.55
1/03/2015,Auckland,IT,101.96
1/03/2015,Auckland,Labourers,299.2
1/03/2015,Auckland,Low-Skilled,194.75
1/03/2015,Auckland,Machinery Operators and Drivers,287.6
1/03/2015,Auckland,Managers,142.6
1/03/2015,Auckland,Manufacturing,206.76
1/03/2015,Auckland,Other,241.98
1/03/2015,Auckland,Primary,182.31
1/03/2015,Auckland,Professionals,122.2
1/03/2015,Auckland,Sales,164.41
1/03/2015,Auckland,Sales Workers,184.3
1/03/2015,Auckland,Semi-Skilled,279.93
1/03/2015,Auckland,Skilled,161.94
1/03/2015,Auckland,SkilledIndex,149.8
1/03/2015,Auckland,Technicians and Trades Workers,257.4
1/03/2015,Auckland,Unskilled,225.49
1/03/2015,Auckland,UnskilledIndex,201.2
1/03/2015,Bay of Plenty,Business services,207.92
1/03/2015,Bay of Plenty,Clerical and Administrative Workers,205.1
1/03/2015,Bay of Plenty,Community and Personal Service Workers,188.3
1/03/2015,Bay of Plenty,Construction,245.21
1/03/2015,Bay of Plenty,Education,60.66
1/03/2015,Bay of Plenty,Health care,179.66
1/03/2015,Bay of Plenty,Highly-Skilled,173.4
1/03/2015,Bay of Plenty,Hospitality,180.3
1/03/2015,Bay of Plenty,IT,162.65
1/03/2015,Bay of Plenty,Labourers,363.3
1/03/2015,Bay of Plenty,Low-Skilled,208.74
1/03/2015,Bay of Plenty,Machinery Operators and Drivers,278.1
1/03/2015,Bay of Plenty,Managers,162.9
1/03/2015,Bay of Plenty,Manufacturing,238.5
1/03/2015,Bay of Plenty,Other,300
1/03/2015,Bay of Plenty,Primary,306.82
1/03/2015,Bay of Plenty,Professionals,129.6
1/03/2015,Bay of Plenty,Sales,158.38
1/03/2015,Bay of Plenty,Sales Workers,154.6
1/03/2015,Bay of Plenty,Semi-Skilled,289.39
1/03/2015,Bay of Plenty,Skilled,126.97
1/03/2015,Bay of Plenty,SkilledIndex,172.8
1/03/2015,Bay of Plenty,Technicians and Trades Workers,247.1
1/03/2015,Bay of Plenty,Unskilled,226.64
1/03/2015,Bay of Plenty,UnskilledIndex,213.9
1/03/2015,Canterbury,Business services,197.53
1/03/2015,Canterbury,Clerical and Administrative Workers,202.6
1/03/2015,Canterbury,Community and Personal Service Workers,223.7
1/03/2015,Canterbury,Construction,401.06
1/03/2015,Canterbury,Education,75.8
1/03/2015,Canterbury,Health care,221.68
1/03/2015,Canterbury,Highly-Skilled,203.38
1/03/2015,Canterbury,Hospitality,176.84
1/03/2015,Canterbury,IT,146.58
1/03/2015,Canterbury,Labourers,406.2
1/03/2015,Canterbury,Low-Skilled,251.67
1/03/2015,Canterbury,Machinery Operators and Drivers,456.6
1/03/2015,Canterbury,Managers,198.1
1/03/2015,Canterbury,Manufacturing,333.75
1/03/2015,Canterbury,Other,366.98
1/03/2015,Canterbury,Primary,248.15
1/03/2015,Canterbury,Professionals,174.4
1/03/2015,Canterbury,Sales,182.33
1/03/2015,Canterbury,Sales Workers,207.3
1/03/2015,Canterbury,Semi-Skilled,416.3
1/03/2015,Canterbury,Skilled,180.77
1/03/2015,Canterbury,SkilledIndex,223.7
1/03/2015,Canterbury,Technicians and Trades Workers,351
1/03/2015,Canterbury,Unskilled,283.07
1/03/2015,Canterbury,UnskilledIndex,260.9
1/03/2015,Gisborne/Hawkes Bay,Business services,210.64
1/03/2015,Gisborne/Hawkes Bay,Clerical and Administrative Workers,223
1/03/2015,Gisborne/Hawkes Bay,Community and Personal Service Workers,160.3
1/03/2015,Gisborne/Hawkes Bay,Construction,175
1/03/2015,Gisborne/Hawkes Bay,Education,54.69
1/03/2015,Gisborne/Hawkes Bay,Health care,126.71
1/03/2015,Gisborne/Hawkes Bay,Highly-Skilled,144.56
1/03/2015,Gisborne/Hawkes Bay,Hospitality,163.2
1/03/2015,Gisborne/Hawkes Bay,IT,122.22
1/03/2015,Gisborne/Hawkes Bay,Labourers,208.9
1/03/2015,Gisborne/Hawkes Bay,Low-Skilled,183.36
1/03/2015,Gisborne/Hawkes Bay,Machinery Operators and Drivers,233.3
1/03/2015,Gisborne/Hawkes Bay,Managers,208.9
1/03/2015,Gisborne/Hawkes Bay,Manufacturing,252.42
1/03/2015,Gisborne/Hawkes Bay,Other,223.68
1/03/2015,Gisborne/Hawkes Bay,Primary,204.76
1/03/2015,Gisborne/Hawkes Bay,Professionals,84.4
1/03/2015,Gisborne/Hawkes Bay,Sales,194.5
1/03/2015,Gisborne/Hawkes Bay,Sales Workers,175.4
1/03/2015,Gisborne/Hawkes Bay,Semi-Skilled,220.95
1/03/2015,Gisborne/Hawkes Bay,Skilled,100.91
1/03/2015,Gisborne/Hawkes Bay,SkilledIndex,140.1
1/03/2015,Gisborne/Hawkes Bay,Technicians and Trades Workers,194
1/03/2015,Gisborne/Hawkes Bay,Unskilled,216
1/03/2015,Gisborne/Hawkes Bay,UnskilledIndex,192.2
1/03/2015,Manawatu-Whanganui/Taranaki,Business services,162.17
1/03/2015,Manawatu-Whanganui/Taranaki,Clerical and Administrative Workers,167.9
1/03/2015,Manawatu-Whanganui/Taranaki,Community and Personal Service Workers,207
1/03/2015,Manawatu-Whanganui/Taranaki,Construction,162.67
1/03/2015,Manawatu-Whanganui/Taranaki,Education,68.56
1/03/2015,Manawatu-Whanganui/Taranaki,Health care,161.3
1/03/2015,Manawatu-Whanganui/Taranaki,Highly-Skilled,130.46
1/03/2015,Manawatu-Whanganui/Taranaki,Hospitality,190.23
1/03/2015,Manawatu-Whanganui/Taranaki,IT,98.82
1/03/2015,Manawatu-Whanganui/Taranaki,Labourers,291.7
1/03/2015,Manawatu-Whanganui/Taranaki,Low-Skilled,193.08
1/03/2015,Manawatu-Whanganui/Taranaki,Machinery Operators and Drivers,176
1/03/2015,Manawatu-Whanganui/Taranaki,Managers,127.5
1/03/2015,Manawatu-Whanganui/Taranaki,Manufacturing,167.83
1/03/2015,Manawatu-Whanganui/Taranaki,Other,187.42
1/03/2015,Manawatu-Whanganui/Taranaki,Primary,205.71
1/03/2015,Manawatu-Whanganui/Taranaki,Professionals,95.3
1/03/2015,Manawatu-Whanganui/Taranaki,Sales,135.18
1/03/2015,Manawatu-Whanganui/Taranaki,Sales Workers,158.4
1/03/2015,Manawatu-Whanganui/Taranaki,Semi-Skilled,243.11
1/03/2015,Manawatu-Whanganui/Taranaki,Skilled,97.98
1/03/2015,Manawatu-Whanganui/Taranaki,SkilledIndex,131
1/03/2015,Manawatu-Whanganui/Taranaki,Technicians and Trades Workers,202.3
1/03/2015,Manawatu-Whanganui/Taranaki,Unskilled,178.03
1/03/2015,Manawatu-Whanganui/Taranaki,UnskilledIndex,188.8
1/03/2015,Northland,Business services,152.31
1/03/2015,Northland,Clerical and Administrative Workers,210.1
1/03/2015,Northland,Community and Personal Service Workers,262.8
1/03/2015,Northland,Construction,226.35
1/03/2015,Northland,Education,59.36
1/03/2015,Northland,Health care,103.26
1/03/2015,Northland,Highly-Skilled,141.92
1/03/2015,Northland,Hospitality,212.07
1/03/2015,Northland,IT,178.57
1/03/2015,Northland,Labourers,259.5
1/03/2015,Northland,Low-Skilled,225.87
1/03/2015,Northland,Machinery Operators and Drivers,280
1/03/2015,Northland,Managers,188.1
1/03/2015,Northland,Manufacturing,271.43
1/03/2015,Northland,Other,482.35
1/03/2015,Northland,Primary,228.21
1/03/2015,Northland,Professionals,85.6
1/03/2015,Northland,Sales,151.54
1/03/2015,Northland,Sales Workers,128.3
1/03/2015,Northland,Semi-Skilled,210.87
1/03/2015,Northland,Skilled,96.59
1/03/2015,Northland,SkilledIndex,132.2
1/03/2015,Northland,Technicians and Trades Workers,213.5
1/03/2015,Northland,Unskilled,170
1/03/2015,Northland,UnskilledIndex,210.7
1/03/2015,Otago/Southland,Business services,190.41
1/03/2015,Otago/Southland,Clerical and Administrative Workers,240.8
1/03/2015,Otago/Southland,Community and Personal Service Workers,264.3
1/03/2015,Otago/Southland,Construction,288.92
1/03/2015,Otago/Southland,Education,57.73
1/03/2015,Otago/Southland,Health care,169.89
1/03/2015,Otago/Southland,Highly-Skilled,169.69
1/03/2015,Otago/Southland,Hospitality,231.71
1/03/2015,Otago/Southland,IT,118.28
1/03/2015,Otago/Southland,Labourers,304.1
1/03/2015,Otago/Southland,Low-Skilled,232.07
1/03/2015,Otago/Southland,Machinery Operators and Drivers,245.5
1/03/2015,Otago/Southland,Managers,191.8
1/03/2015,Otago/Southland,Manufacturing,239.38
1/03/2015,Otago/Southland,Other,369.05
1/03/2015,Otago/Southland,Primary,210.09
1/03/2015,Otago/Southland,Professionals,114.7
1/03/2015,Otago/Southland,Sales,164.63
1/03/2015,Otago/Southland,Sales Workers,170.3
1/03/2015,Otago/Southland,Semi-Skilled,306.86
1/03/2015,Otago/Southland,Skilled,134.01
1/03/2015,Otago/Southland,SkilledIndex,175.5
1/03/2015,Otago/Southland,Technicians and Trades Workers,273.1
1/03/2015,Otago/Southland,Unskilled,247.91
1/03/2015,Otago/Southland,UnskilledIndex,237
1/03/2015,Tasman/Nelson/Marlborough/West Coast,Business services,161.49
1/03/2015,Tasman/Nelson/Marlborough/West Coast,Clerical and Administrative Workers,179.6
1/03/2015,Tasman/Nelson/Marlborough/West Coast,Community and Personal Service Workers,184.3
1/03/2015,Tasman/Nelson/Marlborough/West Coast,Construction,216.1
1/03/2015,Tasman/Nelson/Marlborough/West Coast,Education,41.3
1/03/2015,Tasman/Nelson/Marlborough/West Coast,Health care,236.55
1/03/2015,Tasman/Nelson/Marlborough/West Coast,Highly-Skilled,151.24
1/03/2015,Tasman/Nelson/Marlborough/West Coast,Hospitality,161.29
1/03/2015,Tasman/Nelson/Marlborough/West Coast,IT,76.92
1/03/2015,Tasman/Nelson/Marlborough/West Coast,Labourers,259.5
1/03/2015,Tasman/Nelson/Marlborough/West Coast,Low-Skilled,202.19
1/03/2015,Tasman/Nelson/Marlborough/West Coast,Machinery Operators and Drivers,225.6
1/03/2015,Tasman/Nelson/Marlborough/West Coast,Managers,135.2
1/03/2015,Tasman/Nelson/Marlborough/West Coast,Manufacturing,303.26
1/03/2015,Tasman/Nelson/Marlborough/West Coast,Other,226.32
1/03/2015,Tasman/Nelson/Marlborough/West Coast,Primary,172.04
1/03/2015,Tasman/Nelson/Marlborough/West Coast,Professionals,104.2
1/03/2015,Tasman/Nelson/Marlborough/West Coast,Sales,137.95
1/03/2015,Tasman/Nelson/Marlborough/West Coast,Sales Workers,156
1/03/2015,Tasman/Nelson/Marlborough/West Coast,Semi-Skilled,279.66
1/03/2015,Tasman/Nelson/Marlborough/West Coast,Skilled,93.32
1/03/2015,Tasman/Nelson/Marlborough/West Coast,SkilledIndex,141.7
1/03/2015,Tasman/Nelson/Marlborough/West Coast,Technicians and Trades Workers,221.5
1/03/2015,Tasman/Nelson/Marlborough/West Coast,Unskilled,193.51
1/03/2015,Tasman/Nelson/Marlborough/West Coast,UnskilledIndex,199.6
1/03/2015,Totals,Auckland,163.39
1/03/2015,Totals,Bay of Plenty,187.02
1/03/2015,Totals,Business services,157.22
1/03/2015,Totals,Canterbury,235.28
1/03/2015,Totals,Clerical and Administrative Workers,171
1/03/2015,Totals,Community and Personal Service Workers,222.1
1/03/2015,Totals,Construction,255.84
1/03/2015,Totals,Education,75.6
1/03/2015,Totals,Gisborne/Hawkes Bay,156.61
1/03/2015,Totals,Health care,149.11
1/03/2015,Totals,Highly-Skilled,136.61
1/03/2015,Totals,Hospitality,200.27
1/03/2015,Totals,IT,100.42
1/03/2015,Totals,Labourers,314.4
1/03/2015,Totals,Low-Skilled,199.98
1/03/2015,Totals,Machinery Operators and Drivers,282.1
1/03/2015,Totals,Managers,142.7
1/03/2015,Totals,Manawatu-Whanganui/Taranaki,145.48
1/03/2015,Totals,Manufacturing,224.77
1/03/2015,Totals,Northland,154.05
1/03/2015,Totals,Otago/Southland,192.76
1/03/2015,Totals,Other,226.45
1/03/2015,Totals,Primary,212.32
1/03/2015,Totals,Professionals,122.5
1/03/2015,Totals,Sales,156.85
1/03/2015,Totals,Sales Workers,173
1/03/2015,Totals,Semi-Skilled,290.24
1/03/2015,Totals,Skilled,140.17
1/03/2015,Totals,SkilledIndex,151.3
1/03/2015,Totals,Tasman/Nelson/Marlborough/West Coast,160.47
1/03/2015,Totals,Technicians and Trades Workers,253.2
1/03/2015,Totals,TotalsIndex,166.21
1/03/2015,Totals,Unskilled,222.07
1/03/2015,Totals,UnskilledIndex,205.5
1/03/2015,Totals,Waikato,159.51
1/03/2015,Totals,Wellington,127.43
1/03/2015,Waikato,Business services,158.98
1/03/2015,Waikato,Clerical and Administrative Workers,178.9
1/03/2015,Waikato,Community and Personal Service Workers,213.8
1/03/2015,Waikato,Construction,200.98
1/03/2015,Waikato,Education,75.91
1/03/2015,Waikato,Health care,146.38
1/03/2015,Waikato,Highly-Skilled,135.72
1/03/2015,Waikato,Hospitality,192.41
1/03/2015,Waikato,IT,116.08
1/03/2015,Waikato,Labourers,261
1/03/2015,Waikato,Low-Skilled,194.67
1/03/2015,Waikato,Machinery Operators and Drivers,200
1/03/2015,Waikato,Managers,151.7
1/03/2015,Waikato,Manufacturing,183.28
1/03/2015,Waikato,Other,238.1
1/03/2015,Waikato,Primary,220
1/03/2015,Waikato,Professionals,102.4
1/03/2015,Waikato,Sales,144.09
1/03/2015,Waikato,Sales Workers,142.9
1/03/2015,Waikato,Semi-Skilled,264.69
1/03/2015,Waikato,Skilled,123.55
1/03/2015,Waikato,SkilledIndex,147.7
1/03/2015,Waikato,Technicians and Trades Workers,245.9
1/03/2015,Waikato,Unskilled,171.71
1/03/2015,Waikato,UnskilledIndex,187.9
1/03/2015,Wellington,Business services,132.33
1/03/2015,Wellington,Clerical and Administrative Workers,131.7
1/03/2015,Wellington,Community and Personal Service Workers,195.2
1/03/2015,Wellington,Construction,204.09
1/03/2015,Wellington,Education,80.41
1/03/2015,Wellington,Health care,133.19
1/03/2015,Wellington,Highly-Skilled,107.74
1/03/2015,Wellington,Hospitality,186.1
1/03/2015,Wellington,IT,85.4
1/03/2015,Wellington,Labourers,299.7
1/03/2015,Wellington,Low-Skilled,158.84
1/03/2015,Wellington,Machinery Operators and Drivers,195.3
1/03/2015,Wellington,Managers,102.1
1/03/2015,Wellington,Manufacturing,185.56
1/03/2015,Wellington,Other,141.24
1/03/2015,Wellington,Primary,125.37
1/03/2015,Wellington,Professionals,105.9
1/03/2015,Wellington,Sales,120.4
1/03/2015,Wellington,Sales Workers,140.4
1/03/2015,Wellington,Semi-Skilled,235.52
1/03/2015,Wellington,Skilled,112.34
1/03/2015,Wellington,SkilledIndex,116.3
1/03/2015,Wellington,Technicians and Trades Workers,180.1
1/03/2015,Wellington,Unskilled,184.1
1/03/2015,Wellington,UnskilledIndex,165.4
1/06/2015,Auckland,Business services,166.87
1/06/2015,Auckland,Clerical and Administrative Workers,175.1
1/06/2015,Auckland,Community and Personal Service Workers,226.7
1/06/2015,Auckland,Construction,253.09
1/06/2015,Auckland,Education,103.94
1/06/2015,Auckland,Health care,142.25
1/06/2015,Auckland,Highly-Skilled,146
1/06/2015,Auckland,Hospitality,189.77
1/06/2015,Auckland,IT,109.21
1/06/2015,Auckland,Labourers,285.9
1/06/2015,Auckland,Low-Skilled,188.3
1/06/2015,Auckland,Machinery Operators and Drivers,242
1/06/2015,Auckland,Managers,159.8
1/06/2015,Auckland,Manufacturing,200.23
1/06/2015,Auckland,Other,247.96
1/06/2015,Auckland,Primary,159.18
1/06/2015,Auckland,Professionals,134
1/06/2015,Auckland,Sales,172.63
1/06/2015,Auckland,Sales Workers,178.2
1/06/2015,Auckland,Semi-Skilled,281.56
1/06/2015,Auckland,Skilled,173.01
1/06/2015,Auckland,SkilledIndex,161.8
1/06/2015,Auckland,Technicians and Trades Workers,262.5
1/06/2015,Auckland,Unskilled,222.25
1/06/2015,Auckland,UnskilledIndex,195.4
1/06/2015,Bay of Plenty,Business services,209.43
1/06/2015,Bay of Plenty,Clerical and Administrative Workers,180.3
1/06/2015,Bay of Plenty,Community and Personal Service Workers,163.4
1/06/2015,Bay of Plenty,Construction,233.56
1/06/2015,Bay of Plenty,Education,61.97
1/06/2015,Bay of Plenty,Health care,177.6
1/06/2015,Bay of Plenty,Highly-Skilled,169.87
1/06/2015,Bay of Plenty,Hospitality,123.15
1/06/2015,Bay of Plenty,IT,198.8
1/06/2015,Bay of Plenty,Labourers,326.5
1/06/2015,Bay of Plenty,Low-Skilled,175.65
1/06/2015,Bay of Plenty,Machinery Operators and Drivers,238.5
1/06/2015,Bay of Plenty,Managers,167.8
1/06/2015,Bay of Plenty,Manufacturing,214.97
1/06/2015,Bay of Plenty,Other,250
1/06/2015,Bay of Plenty,Primary,263.64
1/06/2015,Bay of Plenty,Professionals,129.9
1/06/2015,Bay of Plenty,Sales,146.22
1/06/2015,Bay of Plenty,Sales Workers,143.2
1/06/2015,Bay of Plenty,Semi-Skilled,266.67
1/06/2015,Bay of Plenty,Skilled,127.56
1/06/2015,Bay of Plenty,SkilledIndex,168
1/06/2015,Bay of Plenty,Technicians and Trades Workers,229
1/06/2015,Bay of Plenty,Unskilled,218.34
1/06/2015,Bay of Plenty,UnskilledIndex,188.1
1/06/2015,Canterbury,Business services,198.32
1/06/2015,Canterbury,Clerical and Administrative Workers,196.2
1/06/2015,Canterbury,Community and Personal Service Workers,192.7
1/06/2015,Canterbury,Construction,388.3
1/06/2015,Canterbury,Education,77.02
1/06/2015,Canterbury,Health care,211.83
1/06/2015,Canterbury,Highly-Skilled,204.01
1/06/2015,Canterbury,Hospitality,146.17
1/06/2015,Canterbury,IT,134.94
1/06/2015,Canterbury,Labourers,328.5
1/06/2015,Canterbury,Low-Skilled,224.34
1/06/2015,Canterbury,Machinery Operators and Drivers,411
1/06/2015,Canterbury,Managers,198.8
1/06/2015,Canterbury,Manufacturing,302.31
1/06/2015,Canterbury,Other,317.67
1/06/2015,Canterbury,Primary,231.48
1/06/2015,Canterbury,Professionals,175.3
1/06/2015,Canterbury,Sales,171.32
1/06/2015,Canterbury,Sales Workers,178.4
1/06/2015,Canterbury,Semi-Skilled,401.5
1/06/2015,Canterbury,Skilled,173.07
1/06/2015,Canterbury,SkilledIndex,219.9
1/06/2015,Canterbury,Technicians and Trades Workers,336.8
1/06/2015,Canterbury,Unskilled,242.34
1/06/2015,Canterbury,UnskilledIndex,229.6
1/06/2015,Gisborne/Hawkes Bay,Business services,190.78
1/06/2015,Gisborne/Hawkes Bay,Clerical and Administrative Workers,190.3
1/06/2015,Gisborne/Hawkes Bay,Community and Personal Service Workers,138.2
1/06/2015,Gisborne/Hawkes Bay,Construction,137.88
1/06/2015,Gisborne/Hawkes Bay,Education,60
1/06/2015,Gisborne/Hawkes Bay,Health care,130.02
1/06/2015,Gisborne/Hawkes Bay,Highly-Skilled,143.47
1/06/2015,Gisborne/Hawkes Bay,Hospitality,98.4
1/06/2015,Gisborne/Hawkes Bay,IT,170.37
1/06/2015,Gisborne/Hawkes Bay,Labourers,148.8
1/06/2015,Gisborne/Hawkes Bay,Low-Skilled,136.33
1/06/2015,Gisborne/Hawkes Bay,Machinery Operators and Drivers,139.1
1/06/2015,Gisborne/Hawkes Bay,Managers,168
1/06/2015,Gisborne/Hawkes Bay,Manufacturing,154.84
1/06/2015,Gisborne/Hawkes Bay,Other,200
1/06/2015,Gisborne/Hawkes Bay,Primary,223.81
1/06/2015,Gisborne/Hawkes Bay,Professionals,98
1/06/2015,Gisborne/Hawkes Bay,Sales,161.5
1/06/2015,Gisborne/Hawkes Bay,Sales Workers,138.9
1/06/2015,Gisborne/Hawkes Bay,Semi-Skilled,160.14
1/06/2015,Gisborne/Hawkes Bay,Skilled,90.85
1/06/2015,Gisborne/Hawkes Bay,SkilledIndex,126.5
1/06/2015,Gisborne/Hawkes Bay,Technicians and Trades Workers,134.1
1/06/2015,Gisborne/Hawkes Bay,Unskilled,166.4
1/06/2015,Gisborne/Hawkes Bay,UnskilledIndex,144.5
1/06/2015,Manawatu-Whanganui/Taranaki,Business services,164.79
1/06/2015,Manawatu-Whanganui/Taranaki,Clerical and Administrative Workers,159.3
1/06/2015,Manawatu-Whanganui/Taranaki,Community and Personal Service Workers,191.3
1/06/2015,Manawatu-Whanganui/Taranaki,Construction,141.71
1/06/2015,Manawatu-Whanganui/Taranaki,Education,78.59
1/06/2015,Manawatu-Whanganui/Taranaki,Health care,161.3
1/06/2015,Manawatu-Whanganui/Taranaki,Highly-Skilled,133.14
1/06/2015,Manawatu-Whanganui/Taranaki,Hospitality,167.67
1/06/2015,Manawatu-Whanganui/Taranaki,IT,84.71
1/06/2015,Manawatu-Whanganui/Taranaki,Labourers,251.2
1/06/2015,Manawatu-Whanganui/Taranaki,Low-Skilled,172.85
1/06/2015,Manawatu-Whanganui/Taranaki,Machinery Operators and Drivers,126.9
1/06/2015,Manawatu-Whanganui/Taranaki,Managers,136.8
1/06/2015,Manawatu-Whanganui/Taranaki,Manufacturing,151.74
1/06/2015,Manawatu-Whanganui/Taranaki,Other,186.09
1/06/2015,Manawatu-Whanganui/Taranaki,Primary,190
1/06/2015,Manawatu-Whanganui/Taranaki,Professionals,97.6
1/06/2015,Manawatu-Whanganui/Taranaki,Sales,134.22
1/06/2015,Manawatu-Whanganui/Taranaki,Sales Workers,143.1
1/06/2015,Manawatu-Whanganui/Taranaki,Semi-Skilled,218.3
1/06/2015,Manawatu-Whanganui/Taranaki,Skilled,87.91
1/06/2015,Manawatu-Whanganui/Taranaki,SkilledIndex,125.5
1/06/2015,Manawatu-Whanganui/Taranaki,Technicians and Trades Workers,179.5
1/06/2015,Manawatu-Whanganui/Taranaki,Unskilled,178.03
1/06/2015,Manawatu-Whanganui/Taranaki,UnskilledIndex,174.3
1/06/2015,Northland,Business services,132.31
1/06/2015,Northland,Clerical and Administrative Workers,147.6
1/06/2015,Northland,Community and Personal Service Workers,241.7
1/06/2015,Northland,Construction,179.05
1/06/2015,Northland,Education,71.23
1/06/2015,Northland,Health care,141.12
1/06/2015,Northland,Highly-Skilled,147.65
1/06/2015,Northland,Hospitality,148.28
1/06/2015,Northland,IT,257.14
1/06/2015,Northland,Labourers,178.6
1/06/2015,Northland,Low-Skilled,154.12
1/06/2015,Northland,Machinery Operators and Drivers,176.7
1/06/2015,Northland,Managers,189.1
1/06/2015,Northland,Manufacturing,155.36
1/06/2015,Northland,Other,350
1/06/2015,Northland,Primary,148.72
1/06/2015,Northland,Professionals,95.2
1/06/2015,Northland,Sales,143.08
1/06/2015,Northland,Sales Workers,114.1
1/06/2015,Northland,Semi-Skilled,192.39
1/06/2015,Northland,Skilled,86.56
1/06/2015,Northland,SkilledIndex,128.5
1/06/2015,Northland,Technicians and Trades Workers,162.7
1/06/2015,Northland,Unskilled,164.29
1/06/2015,Northland,UnskilledIndex,156.9
1/06/2015,Otago/Southland,Business services,192.12
1/06/2015,Otago/Southland,Clerical and Administrative Workers,218.8
1/06/2015,Otago/Southland,Community and Personal Service Workers,218.8
1/06/2015,Otago/Southland,Construction,248.36
1/06/2015,Otago/Southland,Education,62.15
1/06/2015,Otago/Southland,Health care,200.98
1/06/2015,Otago/Southland,Highly-Skilled,169.3
1/06/2015,Otago/Southland,Hospitality,137.8
1/06/2015,Otago/Southland,IT,136.56
1/06/2015,Otago/Southland,Labourers,222.7
1/06/2015,Otago/Southland,Low-Skilled,181.22
1/06/2015,Otago/Southland,Machinery Operators and Drivers,162.4
1/06/2015,Otago/Southland,Managers,159.1
1/06/2015,Otago/Southland,Manufacturing,197.5
1/06/2015,Otago/Southland,Other,277.38
1/06/2015,Otago/Southland,Primary,163.3
1/06/2015,Otago/Southland,Professionals,126.1
1/06/2015,Otago/Southland,Sales,155.78
1/06/2015,Otago/Southland,Sales Workers,156.3
1/06/2015,Otago/Southland,Semi-Skilled,270.59
1/06/2015,Otago/Southland,Skilled,119.7
1/06/2015,Otago/Southland,SkilledIndex,165.3
1/06/2015,Otago/Southland,Technicians and Trades Workers,224.3
1/06/2015,Otago/Southland,Unskilled,198.6
1/06/2015,Otago/Southland,UnskilledIndex,186.6
1/06/2015,Tasman/Nelson/Marlborough/West Coast,Business services,139.66
1/06/2015,Tasman/Nelson/Marlborough/West Coast,Clerical and Administrative Workers,161.3
1/06/2015,Tasman/Nelson/Marlborough/West Coast,Community and Personal Service Workers,140.9
1/06/2015,Tasman/Nelson/Marlborough/West Coast,Construction,156.36
1/06/2015,Tasman/Nelson/Marlborough/West Coast,Education,44.78
1/06/2015,Tasman/Nelson/Marlborough/West Coast,Health care,219.09
1/06/2015,Tasman/Nelson/Marlborough/West Coast,Highly-Skilled,141.69
1/06/2015,Tasman/Nelson/Marlborough/West Coast,Hospitality,117.42
1/06/2015,Tasman/Nelson/Marlborough/West Coast,IT,103.85
1/06/2015,Tasman/Nelson/Marlborough/West Coast,Labourers,176.1
1/06/2015,Tasman/Nelson/Marlborough/West Coast,Low-Skilled,145.46
1/06/2015,Tasman/Nelson/Marlborough/West Coast,Machinery Operators and Drivers,130
1/06/2015,Tasman/Nelson/Marlborough/West Coast,Managers,144.6
1/06/2015,Tasman/Nelson/Marlborough/West Coast,Manufacturing,200
1/06/2015,Tasman/Nelson/Marlborough/West Coast,Other,192.11
1/06/2015,Tasman/Nelson/Marlborough/West Coast,Primary,167.74
1/06/2015,Tasman/Nelson/Marlborough/West Coast,Professionals,94.3
1/06/2015,Tasman/Nelson/Marlborough/West Coast,Sales,139.29
1/06/2015,Tasman/Nelson/Marlborough/West Coast,Sales Workers,166.4
1/06/2015,Tasman/Nelson/Marlborough/West Coast,Semi-Skilled,210.17
1/06/2015,Tasman/Nelson/Marlborough/West Coast,Skilled,82.8
1/06/2015,Tasman/Nelson/Marlborough/West Coast,SkilledIndex,124.7
1/06/2015,Tasman/Nelson/Marlborough/West Coast,Technicians and Trades Workers,161.7
1/06/2015,Tasman/Nelson/Marlborough/West Coast,Unskilled,174.16
1/06/2015,Tasman/Nelson/Marlborough/West Coast,UnskilledIndex,154
1/06/2015,Totals,Auckland,169.69
1/06/2015,Totals,Bay of Plenty,174.17
1/06/2015,Totals,Business services,163.93
1/06/2015,Totals,Canterbury,222.54
1/06/2015,Totals,Clerical and Administrative Workers,169.5
1/06/2015,Totals,Community and Personal Service Workers,202.9
1/06/2015,Totals,Construction,247.03
1/06/2015,Totals,Education,82.25
1/06/2015,Totals,Gisborne/Hawkes Bay,133.16
1/06/2015,Totals,Health care,155.9
1/06/2015,Totals,Highly-Skilled,144.15
1/06/2015,Totals,Hospitality,159.78
1/06/2015,Totals,IT,105.95
1/06/2015,Totals,Labourers,271
1/06/2015,Totals,Low-Skilled,181.77
1/06/2015,Totals,Machinery Operators and Drivers,232.4
1/06/2015,Totals,Managers,151.7
1/06/2015,Totals,Manawatu-Whanganui/Taranaki,139.13
1/06/2015,Totals,Manufacturing,203.75
1/06/2015,Totals,Northland,139.61
1/06/2015,Totals,Otago/Southland,171.25
1/06/2015,Totals,Other,212.22
1/06/2015,Totals,Primary,200.55
1/06/2015,Totals,Professionals,129.6
1/06/2015,Totals,Sales,157.71
1/06/2015,Totals,Sales Workers,162
1/06/2015,Totals,Semi-Skilled,272.3
1/06/2015,Totals,Skilled,140.56
1/06/2015,Totals,SkilledIndex,154.7
1/06/2015,Totals,Tasman/Nelson/Marlborough/West Coast,136
1/06/2015,Totals,Technicians and Trades Workers,238.4
1/06/2015,Totals,TotalsIndex,163.82
1/06/2015,Totals,Unskilled,206.68
1/06/2015,Totals,UnskilledIndex,188
1/06/2015,Totals,Waikato,152.52
1/06/2015,Totals,Wellington,125.75
1/06/2015,Waikato,Business services,167.3
1/06/2015,Waikato,Clerical and Administrative Workers,178.7
1/06/2015,Waikato,Community and Personal Service Workers,213.4
1/06/2015,Waikato,Construction,179.32
1/06/2015,Waikato,Education,78.71
1/06/2015,Waikato,Health care,156.36
1/06/2015,Waikato,Highly-Skilled,141.91
1/06/2015,Waikato,Hospitality,154.02
1/06/2015,Waikato,IT,154.27
1/06/2015,Waikato,Labourers,206.6
1/06/2015,Waikato,Low-Skilled,172.62
1/06/2015,Waikato,Machinery Operators and Drivers,138.6
1/06/2015,Waikato,Managers,150.9
1/06/2015,Waikato,Manufacturing,152.09
1/06/2015,Waikato,Other,230.16
1/06/2015,Waikato,Primary,281.05
1/06/2015,Waikato,Professionals,107.7
1/06/2015,Waikato,Sales,122.88
1/06/2015,Waikato,Sales Workers,131.5
1/06/2015,Waikato,Semi-Skilled,221.78
1/06/2015,Waikato,Skilled,123.17
1/06/2015,Waikato,SkilledIndex,145.7
1/06/2015,Waikato,Technicians and Trades Workers,217.1
1/06/2015,Waikato,Unskilled,146.05
1/06/2015,Waikato,UnskilledIndex,164.8
1/06/2015,Wellington,Business services,129.25
1/06/2015,Wellington,Clerical and Administrative Workers,120.3
1/06/2015,Wellington,Community and Personal Service Workers,188
1/06/2015,Wellington,Construction,196.37
1/06/2015,Wellington,Education,77.05
1/06/2015,Wellington,Health care,140.76
1/06/2015,Wellington,Highly-Skilled,110.57
1/06/2015,Wellington,Hospitality,153.71
1/06/2015,Wellington,IT,88.15
1/06/2015,Wellington,Labourers,275.4
1/06/2015,Wellington,Low-Skilled,144.94
1/06/2015,Wellington,Machinery Operators and Drivers,192.1
1/06/2015,Wellington,Managers,108.7
1/06/2015,Wellington,Manufacturing,171.39
1/06/2015,Wellington,Other,134.12
1/06/2015,Wellington,Primary,135.82
1/06/2015,Wellington,Professionals,107.2
1/06/2015,Wellington,Sales,128.17
1/06/2015,Wellington,Sales Workers,136.5
1/06/2015,Wellington,Semi-Skilled,211.22
1/06/2015,Wellington,Skilled,110.06
1/06/2015,Wellington,SkilledIndex,116.4
1/06/2015,Wellington,Technicians and Trades Workers,164.8
1/06/2015,Wellington,Unskilled,185.46
1/06/2015,Wellington,UnskilledIndex,155.4
1/09/2015,Auckland,Business services,171.53
1/09/2015,Auckland,Clerical and Administrative Workers,191.4
1/09/2015,Auckland,Community and Personal Service Workers,237.6
1/09/2015,Auckland,Construction,280.52
1/09/2015,Auckland,Education,97.01
1/09/2015,Auckland,Health care,142.29
1/09/2015,Auckland,Highly-Skilled,148.29
1/09/2015,Auckland,Hospitality,223.93
1/09/2015,Auckland,IT,107.07
1/09/2015,Auckland,Labourers,309
1/09/2015,Auckland,Low-Skilled,203.39
1/09/2015,Auckland,Machinery Operators and Drivers,270.3
1/09/2015,Auckland,Managers,164.4
1/09/2015,Auckland,Manufacturing,211.6
1/09/2015,Auckland,Other,284.78
1/09/2015,Auckland,Primary,160.54
1/09/2015,Auckland,Professionals,135.6
1/09/2015,Auckland,Sales,185.17
1/09/2015,Auckland,Sales Workers,202.8
1/09/2015,Auckland,Semi-Skilled,311.84
1/09/2015,Auckland,Skilled,187.79
1/09/2015,Auckland,SkilledIndex,168.8
1/09/2015,Auckland,Technicians and Trades Workers,290.9
1/09/2015,Auckland,Unskilled,254.62
1/09/2015,Auckland,UnskilledIndex,214.1
1/09/2015,Bay of Plenty,Business services,227.17
1/09/2015,Bay of Plenty,Clerical and Administrative Workers,208.9
1/09/2015,Bay of Plenty,Community and Personal Service Workers,158.2
1/09/2015,Bay of Plenty,Construction,288.81
1/09/2015,Bay of Plenty,Education,58.69
1/09/2015,Bay of Plenty,Health care,159.88
1/09/2015,Bay of Plenty,Highly-Skilled,171.93
1/09/2015,Bay of Plenty,Hospitality,156.16
1/09/2015,Bay of Plenty,IT,125.3
1/09/2015,Bay of Plenty,Labourers,337.8
1/09/2015,Bay of Plenty,Low-Skilled,187.88
1/09/2015,Bay of Plenty,Machinery Operators and Drivers,262.5
1/09/2015,Bay of Plenty,Managers,167.1
1/09/2015,Bay of Plenty,Manufacturing,225.13
1/09/2015,Bay of Plenty,Other,253.85
1/09/2015,Bay of Plenty,Primary,293.18
1/09/2015,Bay of Plenty,Professionals,132.2
1/09/2015,Bay of Plenty,Sales,165.14
1/09/2015,Bay of Plenty,Sales Workers,173.2
1/09/2015,Bay of Plenty,Semi-Skilled,326.77
1/09/2015,Bay of Plenty,Skilled,147.62
1/09/2015,Bay of Plenty,SkilledIndex,185
1/09/2015,Bay of Plenty,Technicians and Trades Workers,279.7
1/09/2015,Bay of Plenty,Unskilled,230.06
1/09/2015,Bay of Plenty,UnskilledIndex,200.2
1/09/2015,Canterbury,Business services,210.85
1/09/2015,Canterbury,Clerical and Administrative Workers,194.1
1/09/2015,Canterbury,Community and Personal Service Workers,208.4
1/09/2015,Canterbury,Construction,372.9
1/09/2015,Canterbury,Education,105.48
1/09/2015,Canterbury,Health care,200.76
1/09/2015,Canterbury,Highly-Skilled,200.48
1/09/2015,Canterbury,Hospitality,172.93
1/09/2015,Canterbury,IT,143.17
1/09/2015,Canterbury,Labourers,329.4
1/09/2015,Canterbury,Low-Skilled,230.16
1/09/2015,Canterbury,Machinery Operators and Drivers,395
1/09/2015,Canterbury,Managers,195.1
1/09/2015,Canterbury,Manufacturing,289.7
1/09/2015,Canterbury,Other,335.81
1/09/2015,Canterbury,Primary,243.21
1/09/2015,Canterbury,Professionals,181.2
1/09/2015,Canterbury,Sales,170.39
1/09/2015,Canterbury,Sales Workers,188.6
1/09/2015,Canterbury,Semi-Skilled,418.48
1/09/2015,Canterbury,Skilled,185.09
1/09/2015,Canterbury,SkilledIndex,223.6
1/09/2015,Canterbury,Technicians and Trades Workers,346.9
1/09/2015,Canterbury,Unskilled,243.5
1/09/2015,Canterbury,UnskilledIndex,234.1
1/09/2015,Gisborne/Hawkes Bay,Business services,202.13
1/09/2015,Gisborne/Hawkes Bay,Clerical and Administrative Workers,197.3
1/09/2015,Gisborne/Hawkes Bay,Community and Personal Service Workers,147.1
1/09/2015,Gisborne/Hawkes Bay,Construction,179.92
1/09/2015,Gisborne/Hawkes Bay,Education,56.73
1/09/2015,Gisborne/Hawkes Bay,Health care,135.82
1/09/2015,Gisborne/Hawkes Bay,Highly-Skilled,155.03
1/09/2015,Gisborne/Hawkes Bay,Hospitality,160
1/09/2015,Gisborne/Hawkes Bay,IT,140.74
1/09/2015,Gisborne/Hawkes Bay,Labourers,185.1
1/09/2015,Gisborne/Hawkes Bay,Low-Skilled,142.58
1/09/2015,Gisborne/Hawkes Bay,Machinery Operators and Drivers,130.4
1/09/2015,Gisborne/Hawkes Bay,Managers,185.1
1/09/2015,Gisborne/Hawkes Bay,Manufacturing,141.94
1/09/2015,Gisborne/Hawkes Bay,Other,190.79
1/09/2015,Gisborne/Hawkes Bay,Primary,214.29
1/09/2015,Gisborne/Hawkes Bay,Professionals,102.7
1/09/2015,Gisborne/Hawkes Bay,Sales,179.5
1/09/2015,Gisborne/Hawkes Bay,Sales Workers,165.1
1/09/2015,Gisborne/Hawkes Bay,Semi-Skilled,195.27
1/09/2015,Gisborne/Hawkes Bay,Skilled,110.7
1/09/2015,Gisborne/Hawkes Bay,SkilledIndex,144.8
1/09/2015,Gisborne/Hawkes Bay,Technicians and Trades Workers,180.2
1/09/2015,Gisborne/Hawkes Bay,Unskilled,196
1/09/2015,Gisborne/Hawkes Bay,UnskilledIndex,157.1
1/09/2015,Manawatu-Whanganui/Taranaki,Business services,188.39
1/09/2015,Manawatu-Whanganui/Taranaki,Clerical and Administrative Workers,164.6
1/09/2015,Manawatu-Whanganui/Taranaki,Community and Personal Service Workers,226.2
1/09/2015,Manawatu-Whanganui/Taranaki,Construction,149.71
1/09/2015,Manawatu-Whanganui/Taranaki,Education,77.51
1/09/2015,Manawatu-Whanganui/Taranaki,Health care,189.54
1/09/2015,Manawatu-Whanganui/Taranaki,Highly-Skilled,148.49
1/09/2015,Manawatu-Whanganui/Taranaki,Hospitality,170.68
1/09/2015,Manawatu-Whanganui/Taranaki,IT,112.94
1/09/2015,Manawatu-Whanganui/Taranaki,Labourers,251.2
1/09/2015,Manawatu-Whanganui/Taranaki,Low-Skilled,183.81
1/09/2015,Manawatu-Whanganui/Taranaki,Machinery Operators and Drivers,189.4
1/09/2015,Manawatu-Whanganui/Taranaki,Managers,143.8
1/09/2015,Manawatu-Whanganui/Taranaki,Manufacturing,186.52
1/09/2015,Manawatu-Whanganui/Taranaki,Other,178.15
1/09/2015,Manawatu-Whanganui/Taranaki,Primary,200
1/09/2015,Manawatu-Whanganui/Taranaki,Professionals,112.5
1/09/2015,Manawatu-Whanganui/Taranaki,Sales,140.96
1/09/2015,Manawatu-Whanganui/Taranaki,Sales Workers,147.5
1/09/2015,Manawatu-Whanganui/Taranaki,Semi-Skilled,225.89
1/09/2015,Manawatu-Whanganui/Taranaki,Skilled,104.85
1/09/2015,Manawatu-Whanganui/Taranaki,SkilledIndex,140.5
1/09/2015,Manawatu-Whanganui/Taranaki,Technicians and Trades Workers,187.6
1/09/2015,Manawatu-Whanganui/Taranaki,Unskilled,190.29
1/09/2015,Manawatu-Whanganui/Taranaki,UnskilledIndex,185.6
1/09/2015,Northland,Business services,152.31
1/09/2015,Northland,Clerical and Administrative Workers,190.8
1/09/2015,Northland,Community and Personal Service Workers,270.3
1/09/2015,Northland,Construction,230.41
1/09/2015,Northland,Education,56.16
1/09/2015,Northland,Health care,141.55
1/09/2015,Northland,Highly-Skilled,155.68
1/09/2015,Northland,Hospitality,194.83
1/09/2015,Northland,IT,114.29
1/09/2015,Northland,Labourers,209.5
1/09/2015,Northland,Low-Skilled,198.23
1/09/2015,Northland,Machinery Operators and Drivers,263.3
1/09/2015,Northland,Managers,178.2
1/09/2015,Northland,Manufacturing,223.21
1/09/2015,Northland,Other,508.82
1/09/2015,Northland,Primary,158.97
1/09/2015,Northland,Professionals,99.3
1/09/2015,Northland,Sales,150
1/09/2015,Northland,Sales Workers,134.8
1/09/2015,Northland,Semi-Skilled,245.65
1/09/2015,Northland,Skilled,92.24
1/09/2015,Northland,SkilledIndex,141.2
1/09/2015,Northland,Technicians and Trades Workers,227
1/09/2015,Northland,Unskilled,202.86
1/09/2015,Northland,UnskilledIndex,199.5
1/09/2015,Otago/Southland,Business services,181.16
1/09/2015,Otago/Southland,Clerical and Administrative Workers,200.5
1/09/2015,Otago/Southland,Community and Personal Service Workers,292.2
1/09/2015,Otago/Southland,Construction,284.13
1/09/2015,Otago/Southland,Education,67.51
1/09/2015,Otago/Southland,Health care,201.86
1/09/2015,Otago/Southland,Highly-Skilled,173.08
1/09/2015,Otago/Southland,Hospitality,269.51
1/09/2015,Otago/Southland,IT,133.33
1/09/2015,Otago/Southland,Labourers,252.6
1/09/2015,Otago/Southland,Low-Skilled,214.14
1/09/2015,Otago/Southland,Machinery Operators and Drivers,223.8
1/09/2015,Otago/Southland,Managers,178
1/09/2015,Otago/Southland,Manufacturing,221.25
1/09/2015,Otago/Southland,Other,322.62
1/09/2015,Otago/Southland,Primary,235.78
1/09/2015,Otago/Southland,Professionals,129.9
1/09/2015,Otago/Southland,Sales,168.93
1/09/2015,Otago/Southland,Sales Workers,192.3
1/09/2015,Otago/Southland,Semi-Skilled,338.73
1/09/2015,Otago/Southland,Skilled,150.56
1/09/2015,Otago/Southland,SkilledIndex,187.5
1/09/2015,Otago/Southland,Technicians and Trades Workers,291
1/09/2015,Otago/Southland,Unskilled,234.42
1/09/2015,Otago/Southland,UnskilledIndex,220.5
1/09/2015,Tasman/Nelson/Marlborough/West Coast,Business services,139.66
1/09/2015,Tasman/Nelson/Marlborough/West Coast,Clerical and Administrative Workers,184.7
1/09/2015,Tasman/Nelson/Marlborough/West Coast,Community and Personal Service Workers,201
1/09/2015,Tasman/Nelson/Marlborough/West Coast,Construction,176.27
1/09/2015,Tasman/Nelson/Marlborough/West Coast,Education,55.65
1/09/2015,Tasman/Nelson/Marlborough/West Coast,Health care,253.44
1/09/2015,Tasman/Nelson/Marlborough/West Coast,Highly-Skilled,150.16
1/09/2015,Tasman/Nelson/Marlborough/West Coast,Hospitality,221.29
1/09/2015,Tasman/Nelson/Marlborough/West Coast,IT,73.08
1/09/2015,Tasman/Nelson/Marlborough/West Coast,Labourers,225.6
1/09/2015,Tasman/Nelson/Marlborough/West Coast,Low-Skilled,179.69
1/09/2015,Tasman/Nelson/Marlborough/West Coast,Machinery Operators and Drivers,149.6
1/09/2015,Tasman/Nelson/Marlborough/West Coast,Managers,138.6
1/09/2015,Tasman/Nelson/Marlborough/West Coast,Manufacturing,231.52
1/09/2015,Tasman/Nelson/Marlborough/West Coast,Other,200
1/09/2015,Tasman/Nelson/Marlborough/West Coast,Primary,135.48
1/09/2015,Tasman/Nelson/Marlborough/West Coast,Professionals,107.8
1/09/2015,Tasman/Nelson/Marlborough/West Coast,Sales,154.46
1/09/2015,Tasman/Nelson/Marlborough/West Coast,Sales Workers,178.4
1/09/2015,Tasman/Nelson/Marlborough/West Coast,Semi-Skilled,235.59
1/09/2015,Tasman/Nelson/Marlborough/West Coast,Skilled,103.62
1/09/2015,Tasman/Nelson/Marlborough/West Coast,SkilledIndex,140.4
1/09/2015,Tasman/Nelson/Marlborough/West Coast,Technicians and Trades Workers,191.6
1/09/2015,Tasman/Nelson/Marlborough/West Coast,Unskilled,202.44
1/09/2015,Tasman/Nelson/Marlborough/West Coast,UnskilledIndex,186.5
1/09/2015,Totals,Auckland,179.18
1/09/2015,Totals,Bay of Plenty,189.94
1/09/2015,Totals,Business services,167.77
1/09/2015,Totals,Canterbury,225.92
1/09/2015,Totals,Clerical and Administrative Workers,180.1
1/09/2015,Totals,Community and Personal Service Workers,214.5
1/09/2015,Totals,Construction,264.02
1/09/2015,Totals,Education,84.11
1/09/2015,Totals,Gisborne/Hawkes Bay,147.04
1/09/2015,Totals,Health care,158.73
1/09/2015,Totals,Highly-Skilled,145.25
1/09/2015,Totals,Hospitality,197.93
1/09/2015,Totals,IT,101.56
1/09/2015,Totals,Labourers,288
1/09/2015,Totals,Low-Skilled,195.24
1/09/2015,Totals,Machinery Operators and Drivers,257.5
1/09/2015,Totals,Managers,153.2
1/09/2015,Totals,Manawatu-Whanganui/Taranaki,151.6
1/09/2015,Totals,Manufacturing,214.23
1/09/2015,Totals,Northland,156.85
1/09/2015,Totals,Otago/Southland,198.44
1/09/2015,Totals,Other,230.97
1/09/2015,Totals,Primary,201.33
1/09/2015,Totals,Professionals,132.4
1/09/2015,Totals,Sales,167.62
1/09/2015,Totals,Sales Workers,183.6
1/09/2015,Totals,Semi-Skilled,299.59
1/09/2015,Totals,Skilled,154.07
1/09/2015,Totals,SkilledIndex,161.4
1/09/2015,Totals,Tasman/Nelson/Marlborough/West Coast,156.13
1/09/2015,Totals,Technicians and Trades Workers,262.6
1/09/2015,Totals,TotalsIndex,172.13
1/09/2015,Totals,Unskilled,226.98
1/09/2015,Totals,UnskilledIndex,203.2
1/09/2015,Totals,Waikato,156.88
1/09/2015,Totals,Wellington,125.98
1/09/2015,Waikato,Business services,160.11
1/09/2015,Waikato,Clerical and Administrative Workers,173.7
1/09/2015,Waikato,Community and Personal Service Workers,192.6
1/09/2015,Waikato,Construction,191.84
1/09/2015,Waikato,Education,80
1/09/2015,Waikato,Health care,179.55
1/09/2015,Waikato,Highly-Skilled,138.56
1/09/2015,Waikato,Hospitality,161.16
1/09/2015,Waikato,IT,109.05
1/09/2015,Waikato,Labourers,224.3
1/09/2015,Waikato,Low-Skilled,175.36
1/09/2015,Waikato,Machinery Operators and Drivers,183
1/09/2015,Waikato,Managers,148.5
1/09/2015,Waikato,Manufacturing,159.16
1/09/2015,Waikato,Other,212.7
1/09/2015,Waikato,Primary,224.21
1/09/2015,Waikato,Professionals,111.3
1/09/2015,Waikato,Sales,144.7
1/09/2015,Waikato,Sales Workers,159.1
1/09/2015,Waikato,Semi-Skilled,246.86
1/09/2015,Waikato,Skilled,126.33
1/09/2015,Waikato,SkilledIndex,147.9
1/09/2015,Waikato,Technicians and Trades Workers,216.7
1/09/2015,Waikato,Unskilled,171.71
1/09/2015,Waikato,UnskilledIndex,174.3
1/09/2015,Wellington,Business services,125.19
1/09/2015,Wellington,Clerical and Administrative Workers,126.2
1/09/2015,Wellington,Community and Personal Service Workers,175.7
1/09/2015,Wellington,Construction,198.79
1/09/2015,Wellington,Education,82.75
1/09/2015,Wellington,Health care,140.17
1/09/2015,Wellington,Highly-Skilled,107.94
1/09/2015,Wellington,Hospitality,170.86
1/09/2015,Wellington,IT,82.07
1/09/2015,Wellington,Labourers,282
1/09/2015,Wellington,Low-Skilled,154.55
1/09/2015,Wellington,Machinery Operators and Drivers,212.6
1/09/2015,Wellington,Managers,103.8
1/09/2015,Wellington,Manufacturing,186.38
1/09/2015,Wellington,Other,143.74
1/09/2015,Wellington,Primary,132.84
1/09/2015,Wellington,Professionals,106.7
1/09/2015,Wellington,Sales,129.89
1/09/2015,Wellington,Sales Workers,155.9
1/09/2015,Wellington,Semi-Skilled,214.84
1/09/2015,Wellington,Skilled,115.87
1/09/2015,Wellington,SkilledIndex,115.9
1/09/2015,Wellington,Technicians and Trades Workers,174.1
1/09/2015,Wellington,Unskilled,188.53
1/09/2015,Wellington,UnskilledIndex,163.4
1/12/2015,Auckland,Business services,139.01
1/12/2015,Auckland,Clerical and Administrative Workers,148
1/12/2015,Auckland,Community and Personal Service Workers,204.3
1/12/2015,Auckland,Construction,247.26
1/12/2015,Auckland,Education,112.96
1/12/2015,Auckland,Health care,124.18
1/12/2015,Auckland,Highly-Skilled,129.2
1/12/2015,Auckland,Hospitality,198.27
1/12/2015,Auckland,IT,89.11
1/12/2015,Auckland,Labourers,290.1
1/12/2015,Auckland,Low-Skilled,166.12
1/12/2015,Auckland,Machinery Operators and Drivers,256.3
1/12/2015,Auckland,Managers,140.9
1/12/2015,Auckland,Manufacturing,193.99
1/12/2015,Auckland,Other,234.78
1/12/2015,Auckland,Primary,167.35
1/12/2015,Auckland,Professionals,122.4
1/12/2015,Auckland,Sales,149.04
1/12/2015,Auckland,Sales Workers,158.1
1/12/2015,Auckland,Semi-Skilled,252.13
1/12/2015,Auckland,Skilled,169.81
1/12/2015,Auckland,SkilledIndex,146.9
1/12/2015,Auckland,Technicians and Trades Workers,248.5
1/12/2015,Auckland,Unskilled,219.89
1/12/2015,Auckland,UnskilledIndex,177.4
1/12/2015,Bay of Plenty,Business services,193.21
1/12/2015,Bay of Plenty,Clerical and Administrative Workers,185.4
1/12/2015,Bay of Plenty,Community and Personal Service Workers,136.6
1/12/2015,Bay of Plenty,Construction,289.04
1/12/2015,Bay of Plenty,Education,80.66
1/12/2015,Bay of Plenty,Health care,143.4
1/12/2015,Bay of Plenty,Highly-Skilled,167.51
1/12/2015,Bay of Plenty,Hospitality,143.84
1/12/2015,Bay of Plenty,IT,146.99
1/12/2015,Bay of Plenty,Labourers,369.4
1/12/2015,Bay of Plenty,Low-Skilled,180.87
1/12/2015,Bay of Plenty,Machinery Operators and Drivers,274
1/12/2015,Bay of Plenty,Managers,149
1/12/2015,Bay of Plenty,Manufacturing,223.53
1/12/2015,Bay of Plenty,Other,244.23
1/12/2015,Bay of Plenty,Primary,284.09
1/12/2015,Bay of Plenty,Professionals,143.4
1/12/2015,Bay of Plenty,Sales,155.41
1/12/2015,Bay of Plenty,Sales Workers,159
1/12/2015,Bay of Plenty,Semi-Skilled,325.25
1/12/2015,Bay of Plenty,Skilled,142.16
1/12/2015,Bay of Plenty,SkilledIndex,180.6
1/12/2015,Bay of Plenty,Technicians and Trades Workers,271.2
1/12/2015,Bay of Plenty,Unskilled,233.97
1/12/2015,Bay of Plenty,UnskilledIndex,196.3
1/12/2015,Canterbury,Business services,169.99
1/12/2015,Canterbury,Clerical and Administrative Workers,147
1/12/2015,Canterbury,Community and Personal Service Workers,160.4
1/12/2015,Canterbury,Construction,337.34
1/12/2015,Canterbury,Education,103.35
1/12/2015,Canterbury,Health care,160.15
1/12/2015,Canterbury,Highly-Skilled,180.62
1/12/2015,Canterbury,Hospitality,141.35
1/12/2015,Canterbury,IT,127.48
1/12/2015,Canterbury,Labourers,285
1/12/2015,Canterbury,Low-Skilled,192.64
1/12/2015,Canterbury,Machinery Operators and Drivers,374.7
1/12/2015,Canterbury,Managers,177.1
1/12/2015,Canterbury,Manufacturing,272.65
1/12/2015,Canterbury,Other,296.74
1/12/2015,Canterbury,Primary,201.85
1/12/2015,Canterbury,Professionals,163.9
1/12/2015,Canterbury,Sales,138.91
1/12/2015,Canterbury,Sales Workers,166.4
1/12/2015,Canterbury,Semi-Skilled,349.38
1/12/2015,Canterbury,Skilled,159.17
1/12/2015,Canterbury,SkilledIndex,195.7
1/12/2015,Canterbury,Technicians and Trades Workers,293
1/12/2015,Canterbury,Unskilled,206.42
1/12/2015,Canterbury,UnskilledIndex,196.7
1/12/2015,Gisborne/Hawkes Bay,Business services,199.29
1/12/2015,Gisborne/Hawkes Bay,Clerical and Administrative Workers,188.5
1/12/2015,Gisborne/Hawkes Bay,Community and Personal Service Workers,134.6
1/12/2015,Gisborne/Hawkes Bay,Construction,167.8
1/12/2015,Gisborne/Hawkes Bay,Education,94.69
1/12/2015,Gisborne/Hawkes Bay,Health care,129.19
1/12/2015,Gisborne/Hawkes Bay,Highly-Skilled,147.18
1/12/2015,Gisborne/Hawkes Bay,Hospitality,142.4
1/12/2015,Gisborne/Hawkes Bay,IT,118.52
1/12/2015,Gisborne/Hawkes Bay,Labourers,172.6
1/12/2015,Gisborne/Hawkes Bay,Low-Skilled,136.93
1/12/2015,Gisborne/Hawkes Bay,Machinery Operators and Drivers,140.6
1/12/2015,Gisborne/Hawkes Bay,Managers,165.3
1/12/2015,Gisborne/Hawkes Bay,Manufacturing,201.61
1/12/2015,Gisborne/Hawkes Bay,Other,178.95
1/12/2015,Gisborne/Hawkes Bay,Primary,160.32
1/12/2015,Gisborne/Hawkes Bay,Professionals,114.4
1/12/2015,Gisborne/Hawkes Bay,Sales,124
1/12/2015,Gisborne/Hawkes Bay,Sales Workers,120.6
1/12/2015,Gisborne/Hawkes Bay,Semi-Skilled,179.73
1/12/2015,Gisborne/Hawkes Bay,Skilled,117.69
1/12/2015,Gisborne/Hawkes Bay,SkilledIndex,141.2
1/12/2015,Gisborne/Hawkes Bay,Technicians and Trades Workers,166.9
1/12/2015,Gisborne/Hawkes Bay,Unskilled,172.8
1/12/2015,Gisborne/Hawkes Bay,UnskilledIndex,146.7
1/12/2015,Manawatu-Whanganui/Taranaki,Business services,171.54
1/12/2015,Manawatu-Whanganui/Taranaki,Clerical and Administrative Workers,142.5
1/12/2015,Manawatu-Whanganui/Taranaki,Community and Personal Service Workers,180.2
1/12/2015,Manawatu-Whanganui/Taranaki,Construction,134.29
1/12/2015,Manawatu-Whanganui/Taranaki,Education,105.42
1/12/2015,Manawatu-Whanganui/Taranaki,Health care,154.49
1/12/2015,Manawatu-Whanganui/Taranaki,Highly-Skilled,136.07
1/12/2015,Manawatu-Whanganui/Taranaki,Hospitality,146.62
1/12/2015,Manawatu-Whanganui/Taranaki,IT,101.18
1/12/2015,Manawatu-Whanganui/Taranaki,Labourers,222.6
1/12/2015,Manawatu-Whanganui/Taranaki,Low-Skilled,159.35
1/12/2015,Manawatu-Whanganui/Taranaki,Machinery Operators and Drivers,152.9
1/12/2015,Manawatu-Whanganui/Taranaki,Managers,133.2
1/12/2015,Manawatu-Whanganui/Taranaki,Manufacturing,160.43
1/12/2015,Manawatu-Whanganui/Taranaki,Other,161.59
1/12/2015,Manawatu-Whanganui/Taranaki,Primary,174.29
1/12/2015,Manawatu-Whanganui/Taranaki,Professionals,115.3
1/12/2015,Manawatu-Whanganui/Taranaki,Sales,124.58
1/12/2015,Manawatu-Whanganui/Taranaki,Sales Workers,127.8
1/12/2015,Manawatu-Whanganui/Taranaki,Semi-Skilled,201.08
1/12/2015,Manawatu-Whanganui/Taranaki,Skilled,107.14
1/12/2015,Manawatu-Whanganui/Taranaki,SkilledIndex,132.4
1/12/2015,Manawatu-Whanganui/Taranaki,Technicians and Trades Workers,162.5
1/12/2015,Manawatu-Whanganui/Taranaki,Unskilled,148.72
1/12/2015,Manawatu-Whanganui/Taranaki,UnskilledIndex,156.3
1/12/2015,Northland,Business services,121.54
1/12/2015,Northland,Clerical and Administrative Workers,163.5
1/12/2015,Northland,Community and Personal Service Workers,222.2
1/12/2015,Northland,Construction,216.22
1/12/2015,Northland,Education,99.09
1/12/2015,Northland,Health care,113.15
1/12/2015,Northland,Highly-Skilled,131.88
1/12/2015,Northland,Hospitality,210.34
1/12/2015,Northland,IT,200
1/12/2015,Northland,Labourers,188.1
1/12/2015,Northland,Low-Skilled,179.63
1/12/2015,Northland,Machinery Operators and Drivers,253.3
1/12/2015,Northland,Managers,161.4
1/12/2015,Northland,Manufacturing,200
1/12/2015,Northland,Other,444.12
1/12/2015,Northland,Primary,197.44
1/12/2015,Northland,Professionals,108
1/12/2015,Northland,Sales,145.38
1/12/2015,Northland,Sales Workers,110.9
1/12/2015,Northland,Semi-Skilled,219.57
1/12/2015,Northland,Skilled,136.02
1/12/2015,Northland,SkilledIndex,144.5
1/12/2015,Northland,Technicians and Trades Workers,240.5
1/12/2015,Northland,Unskilled,147.14
1/12/2015,Northland,UnskilledIndex,170.8
1/12/2015,Otago/Southland,Business services,183.22
1/12/2015,Otago/Southland,Clerical and Administrative Workers,218.8
1/12/2015,Otago/Southland,Community and Personal Service Workers,284.4
1/12/2015,Otago/Southland,Construction,296.73
1/12/2015,Otago/Southland,Education,99.05
1/12/2015,Otago/Southland,Health care,182.59
1/12/2015,Otago/Southland,Highly-Skilled,164.86
1/12/2015,Otago/Southland,Hospitality,263.41
1/12/2015,Otago/Southland,IT,111.83
1/12/2015,Otago/Southland,Labourers,288.7
1/12/2015,Otago/Southland,Low-Skilled,211.6
1/12/2015,Otago/Southland,Machinery Operators and Drivers,212.9
1/12/2015,Otago/Southland,Managers,178.6
1/12/2015,Otago/Southland,Manufacturing,230.63
1/12/2015,Otago/Southland,Other,321.43
1/12/2015,Otago/Southland,Primary,182.57
1/12/2015,Otago/Southland,Professionals,135.9
1/12/2015,Otago/Southland,Sales,152.15
1/12/2015,Otago/Southland,Sales Workers,172.5
1/12/2015,Otago/Southland,Semi-Skilled,303.92
1/12/2015,Otago/Southland,Skilled,170.26
1/12/2015,Otago/Southland,SkilledIndex,185.6
1/12/2015,Otago/Southland,Technicians and Trades Workers,274
1/12/2015,Otago/Southland,Unskilled,250.7
1/12/2015,Otago/Southland,UnskilledIndex,223.8
1/12/2015,Tasman/Nelson/Marlborough/West Coast,Business services,144.83
1/12/2015,Tasman/Nelson/Marlborough/West Coast,Clerical and Administrative Workers,160.5
1/12/2015,Tasman/Nelson/Marlborough/West Coast,Community and Personal Service Workers,175.9
1/12/2015,Tasman/Nelson/Marlborough/West Coast,Construction,200.85
1/12/2015,Tasman/Nelson/Marlborough/West Coast,Education,64.35
1/12/2015,Tasman/Nelson/Marlborough/West Coast,Health care,243.87
1/12/2015,Tasman/Nelson/Marlborough/West Coast,Highly-Skilled,151.89
1/12/2015,Tasman/Nelson/Marlborough/West Coast,Hospitality,209.03
1/12/2015,Tasman/Nelson/Marlborough/West Coast,IT,103.85
1/12/2015,Tasman/Nelson/Marlborough/West Coast,Labourers,268.6
1/12/2015,Tasman/Nelson/Marlborough/West Coast,Low-Skilled,172.72
1/12/2015,Tasman/Nelson/Marlborough/West Coast,Machinery Operators and Drivers,159.4
1/12/2015,Tasman/Nelson/Marlborough/West Coast,Managers,141.9
1/12/2015,Tasman/Nelson/Marlborough/West Coast,Manufacturing,257.61
1/12/2015,Tasman/Nelson/Marlborough/West Coast,Other,232.89
1/12/2015,Tasman/Nelson/Marlborough/West Coast,Primary,170.97
1/12/2015,Tasman/Nelson/Marlborough/West Coast,Professionals,116.7
1/12/2015,Tasman/Nelson/Marlborough/West Coast,Sales,114.73
1/12/2015,Tasman/Nelson/Marlborough/West Coast,Sales Workers,160.3
1/12/2015,Tasman/Nelson/Marlborough/West Coast,Semi-Skilled,244.92
1/12/2015,Tasman/Nelson/Marlborough/West Coast,Skilled,117.42
1/12/2015,Tasman/Nelson/Marlborough/West Coast,SkilledIndex,148.2
1/12/2015,Tasman/Nelson/Marlborough/West Coast,Technicians and Trades Workers,220.1
1/12/2015,Tasman/Nelson/Marlborough/West Coast,Unskilled,211.37
1/12/2015,Tasman/Nelson/Marlborough/West Coast,UnskilledIndex,184.3
1/12/2015,Totals,Auckland,153.51
1/12/2015,Totals,Bay of Plenty,184.2
1/12/2015,Totals,Business services,142.31
1/12/2015,Totals,Canterbury,196.16
1/12/2015,Totals,Clerical and Administrative Workers,145.9
1/12/2015,Totals,Community and Personal Service Workers,183.7
1/12/2015,Totals,Construction,240.26
1/12/2015,Totals,Education,100
1/12/2015,Totals,Gisborne/Hawkes Bay,142.22
1/12/2015,Totals,Health care,137.76
1/12/2015,Totals,Highly-Skilled,129.45
1/12/2015,Totals,Hospitality,175.65
1/12/2015,Totals,IT,86.52
1/12/2015,Totals,Labourers,275.2
1/12/2015,Totals,Low-Skilled,165.77
1/12/2015,Totals,Machinery Operators and Drivers,242.8
1/12/2015,Totals,Managers,134.7
1/12/2015,Totals,Manawatu-Whanganui/Taranaki,138.13
1/12/2015,Totals,Manufacturing,202.95
1/12/2015,Totals,Northland,152.93
1/12/2015,Totals,Otago/Southland,197.23
1/12/2015,Totals,Other,204.15
1/12/2015,Totals,Primary,184.91
1/12/2015,Totals,Professionals,124
1/12/2015,Totals,Sales,137.66
1/12/2015,Totals,Sales Workers,151.6
1/12/2015,Totals,Semi-Skilled,256.9
1/12/2015,Totals,Skilled,146.44
1/12/2015,Totals,SkilledIndex,145.3
1/12/2015,Totals,Tasman/Nelson/Marlborough/West Coast,159.7
1/12/2015,Totals,Technicians and Trades Workers,232.2
1/12/2015,Totals,TotalsIndex,152.73
1/12/2015,Totals,Unskilled,202.67
1/12/2015,Totals,UnskilledIndex,175
1/12/2015,Totals,Waikato,141.49
1/12/2015,Totals,Wellington,113.63
1/12/2015,Waikato,Business services,137.81
1/12/2015,Waikato,Clerical and Administrative Workers,141.9
1/12/2015,Waikato,Community and Personal Service Workers,174.7
1/12/2015,Waikato,Construction,174.4
1/12/2015,Waikato,Education,90.97
1/12/2015,Waikato,Health care,156.36
1/12/2015,Waikato,Highly-Skilled,117.47
1/12/2015,Waikato,Hospitality,169.2
1/12/2015,Waikato,IT,74.37
1/12/2015,Waikato,Labourers,236.8
1/12/2015,Waikato,Low-Skilled,150.01
1/12/2015,Waikato,Machinery Operators and Drivers,148.5
1/12/2015,Waikato,Managers,123
1/12/2015,Waikato,Manufacturing,148.55
1/12/2015,Waikato,Other,196.83
1/12/2015,Waikato,Primary,198.95
1/12/2015,Waikato,Professionals,103.1
1/12/2015,Waikato,Sales,121.67
1/12/2015,Waikato,Sales Workers,147.7
1/12/2015,Waikato,Semi-Skilled,217.82
1/12/2015,Waikato,Skilled,125.7
1/12/2015,Waikato,SkilledIndex,132.4
1/12/2015,Waikato,Technicians and Trades Workers,200.6
1/12/2015,Waikato,Unskilled,175.99
1/12/2015,Waikato,UnskilledIndex,157.6
1/12/2015,Wellington,Business services,120.91
1/12/2015,Wellington,Clerical and Administrative Workers,112.8
1/12/2015,Wellington,Community and Personal Service Workers,155.6
1/12/2015,Wellington,Construction,178.5
1/12/2015,Wellington,Education,89.47
1/12/2015,Wellington,Health care,123.74
1/12/2015,Wellington,Highly-Skilled,97.95
1/12/2015,Wellington,Hospitality,135.43
1/12/2015,Wellington,IT,71.42
1/12/2015,Wellington,Labourers,261
1/12/2015,Wellington,Low-Skilled,131.39
1/12/2015,Wellington,Machinery Operators and Drivers,199.5
1/12/2015,Wellington,Managers,91.8
1/12/2015,Wellington,Manufacturing,185.29
1/12/2015,Wellington,Other,130.04
1/12/2015,Wellington,Primary,123.88
1/12/2015,Wellington,Professionals,100.5
1/12/2015,Wellington,Sales,108.16
1/12/2015,Wellington,Sales Workers,126.8
1/12/2015,Wellington,Semi-Skilled,191.95
1/12/2015,Wellington,Skilled,113.76
1/12/2015,Wellington,SkilledIndex,106.8
1/12/2015,Wellington,Technicians and Trades Workers,153.6
1/12/2015,Wellington,Unskilled,167.03
1/12/2015,Wellington,UnskilledIndex,140.6
1/03/2016,Auckland,Business services,170.97
1/03/2016,Auckland,Clerical and Administrative Workers,187.8
1/03/2016,Auckland,Community and Personal Service Workers,253.4
1/03/2016,Auckland,Construction,308.94
1/03/2016,Auckland,Education,103.38
1/03/2016,Auckland,Health care,136.57
1/03/2016,Auckland,Highly-Skilled,151.75
1/03/2016,Auckland,Hospitality,241.38
1/03/2016,Auckland,IT,98.14
1/03/2016,Auckland,Labourers,358.5
1/03/2016,Auckland,Low-Skilled,205.89
1/03/2016,Auckland,Machinery Operators and Drivers,305.2
1/03/2016,Auckland,Managers,168.4
1/03/2016,Auckland,Manufacturing,221.16
1/03/2016,Auckland,Other,294.84
1/03/2016,Auckland,Primary,217.01
1/03/2016,Auckland,Professionals,136.2
1/03/2016,Auckland,Sales,181.11
1/03/2016,Auckland,Sales Workers,190.8
1/03/2016,Auckland,Semi-Skilled,344.18
1/03/2016,Auckland,Skilled,183.45
1/03/2016,Auckland,SkilledIndex,172.7
1/03/2016,Auckland,Technicians and Trades Workers,310.1
1/03/2016,Auckland,Unskilled,267.7
1/03/2016,Auckland,UnskilledIndex,218.8
1/03/2016,Bay of Plenty,Business services,248.3
1/03/2016,Bay of Plenty,Clerical and Administrative Workers,239.7
1/03/2016,Bay of Plenty,Community and Personal Service Workers,194.9
1/03/2016,Bay of Plenty,Construction,343.61
1/03/2016,Bay of Plenty,Education,66.56
1/03/2016,Bay of Plenty,Health care,157.82
1/03/2016,Bay of Plenty,Highly-Skilled,194.01
1/03/2016,Bay of Plenty,Hospitality,205.91
1/03/2016,Bay of Plenty,IT,140.96
1/03/2016,Bay of Plenty,Labourers,495.9
1/03/2016,Bay of Plenty,Low-Skilled,246.64
1/03/2016,Bay of Plenty,Machinery Operators and Drivers,361.5
1/03/2016,Bay of Plenty,Managers,171.4
1/03/2016,Bay of Plenty,Manufacturing,317.65
1/03/2016,Bay of Plenty,Other,322.12
1/03/2016,Bay of Plenty,Primary,418.18
1/03/2016,Bay of Plenty,Professionals,147.1
1/03/2016,Bay of Plenty,Sales,189.73
1/03/2016,Bay of Plenty,Sales Workers,203.8
1/03/2016,Bay of Plenty,Semi-Skilled,395.96
1/03/2016,Bay of Plenty,Skilled,149.37
1/03/2016,Bay of Plenty,SkilledIndex,206.3
1/03/2016,Bay of Plenty,Technicians and Trades Workers,336.4
1/03/2016,Bay of Plenty,Unskilled,308.21
1/03/2016,Bay of Plenty,UnskilledIndex,264.6
1/03/2016,Canterbury,Business services,200.8
1/03/2016,Canterbury,Clerical and Administrative Workers,183.1
1/03/2016,Canterbury,Community and Personal Service Workers,190
1/03/2016,Canterbury,Construction,352.35
1/03/2016,Canterbury,Education,88.13
1/03/2016,Canterbury,Health care,175.62
1/03/2016,Canterbury,Highly-Skilled,196.7
1/03/2016,Canterbury,Hospitality,169.02
1/03/2016,Canterbury,IT,127.33
1/03/2016,Canterbury,Labourers,294.7
1/03/2016,Canterbury,Low-Skilled,217.73
1/03/2016,Canterbury,Machinery Operators and Drivers,368.3
1/03/2016,Canterbury,Managers,200.6
1/03/2016,Canterbury,Manufacturing,273.18
1/03/2016,Canterbury,Other,346.05
1/03/2016,Canterbury,Primary,219.75
1/03/2016,Canterbury,Professionals,165.4
1/03/2016,Canterbury,Sales,171.55
1/03/2016,Canterbury,Sales Workers,191
1/03/2016,Canterbury,Semi-Skilled,401.33
1/03/2016,Canterbury,Skilled,166.23
1/03/2016,Canterbury,SkilledIndex,213.7
1/03/2016,Canterbury,Technicians and Trades Workers,336.6
1/03/2016,Canterbury,Unskilled,226.28
1/03/2016,Canterbury,UnskilledIndex,220.2
1/03/2016,Gisborne/Hawkes Bay,Business services,246.81
1/03/2016,Gisborne/Hawkes Bay,Clerical and Administrative Workers,247.8
1/03/2016,Gisborne/Hawkes Bay,Community and Personal Service Workers,177.9
1/03/2016,Gisborne/Hawkes Bay,Construction,204.17
1/03/2016,Gisborne/Hawkes Bay,Education,66.94
1/03/2016,Gisborne/Hawkes Bay,Health care,138.72
1/03/2016,Gisborne/Hawkes Bay,Highly-Skilled,177.27
1/03/2016,Gisborne/Hawkes Bay,Hospitality,172.8
1/03/2016,Gisborne/Hawkes Bay,IT,122.22
1/03/2016,Gisborne/Hawkes Bay,Labourers,202.6
1/03/2016,Gisborne/Hawkes Bay,Low-Skilled,185.45
1/03/2016,Gisborne/Hawkes Bay,Machinery Operators and Drivers,218.8
1/03/2016,Gisborne/Hawkes Bay,Managers,227.2
1/03/2016,Gisborne/Hawkes Bay,Manufacturing,238.71
1/03/2016,Gisborne/Hawkes Bay,Other,228.95
1/03/2016,Gisborne/Hawkes Bay,Primary,231.75
1/03/2016,Gisborne/Hawkes Bay,Professionals,109
1/03/2016,Gisborne/Hawkes Bay,Sales,196
1/03/2016,Gisborne/Hawkes Bay,Sales Workers,172.2
1/03/2016,Gisborne/Hawkes Bay,Semi-Skilled,245.27
1/03/2016,Gisborne/Hawkes Bay,Skilled,113.21
1/03/2016,Gisborne/Hawkes Bay,SkilledIndex,163.9
1/03/2016,Gisborne/Hawkes Bay,Technicians and Trades Workers,204.4
1/03/2016,Gisborne/Hawkes Bay,Unskilled,200.8
1/03/2016,Gisborne/Hawkes Bay,UnskilledIndex,189.6
1/03/2016,Manawatu-Whanganui/Taranaki,Business services,202.62
1/03/2016,Manawatu-Whanganui/Taranaki,Clerical and Administrative Workers,168.7
1/03/2016,Manawatu-Whanganui/Taranaki,Community and Personal Service Workers,230.2
1/03/2016,Manawatu-Whanganui/Taranaki,Construction,160.76
1/03/2016,Manawatu-Whanganui/Taranaki,Education,67.48
1/03/2016,Manawatu-Whanganui/Taranaki,Health care,183.37
1/03/2016,Manawatu-Whanganui/Taranaki,Highly-Skilled,151.78
1/03/2016,Manawatu-Whanganui/Taranaki,Hospitality,187.22
1/03/2016,Manawatu-Whanganui/Taranaki,IT,105.88
1/03/2016,Manawatu-Whanganui/Taranaki,Labourers,285.7
1/03/2016,Manawatu-Whanganui/Taranaki,Low-Skilled,198.56
1/03/2016,Manawatu-Whanganui/Taranaki,Machinery Operators and Drivers,208.7
1/03/2016,Manawatu-Whanganui/Taranaki,Managers,142.6
1/03/2016,Manawatu-Whanganui/Taranaki,Manufacturing,186.96
1/03/2016,Manawatu-Whanganui/Taranaki,Other,186.09
1/03/2016,Manawatu-Whanganui/Taranaki,Primary,185.71
1/03/2016,Manawatu-Whanganui/Taranaki,Professionals,105.3
1/03/2016,Manawatu-Whanganui/Taranaki,Sales,136.14
1/03/2016,Manawatu-Whanganui/Taranaki,Sales Workers,155.9
1/03/2016,Manawatu-Whanganui/Taranaki,Semi-Skilled,240.58
1/03/2016,Manawatu-Whanganui/Taranaki,Skilled,93.4
1/03/2016,Manawatu-Whanganui/Taranaki,SkilledIndex,139.4
1/03/2016,Manawatu-Whanganui/Taranaki,Technicians and Trades Workers,198.4
1/03/2016,Manawatu-Whanganui/Taranaki,Unskilled,190.83
1/03/2016,Manawatu-Whanganui/Taranaki,UnskilledIndex,196.4
1/03/2016,Northland,Business services,145.38
1/03/2016,Northland,Clerical and Administrative Workers,216.9
1/03/2016,Northland,Community and Personal Service Workers,252.3
1/03/2016,Northland,Construction,250.68
1/03/2016,Northland,Education,41.55
1/03/2016,Northland,Health care,121.76
1/03/2016,Northland,Highly-Skilled,144.5
1/03/2016,Northland,Hospitality,196.55
1/03/2016,Northland,IT,192.86
1/03/2016,Northland,Labourers,328.6
1/03/2016,Northland,Low-Skilled,243.41
1/03/2016,Northland,Machinery Operators and Drivers,356.7
1/03/2016,Northland,Managers,207.9
1/03/2016,Northland,Manufacturing,291.07
1/03/2016,Northland,Other,497.06
1/03/2016,Northland,Primary,248.72
1/03/2016,Northland,Professionals,82.9
1/03/2016,Northland,Sales,173.85
1/03/2016,Northland,Sales Workers,137
1/03/2016,Northland,Semi-Skilled,226.09
1/03/2016,Northland,Skilled,96.59
1/03/2016,Northland,SkilledIndex,135.3
1/03/2016,Northland,Technicians and Trades Workers,227.8
1/03/2016,Northland,Unskilled,211.43
1/03/2016,Northland,UnskilledIndex,234.7
1/03/2016,Otago/Southland,Business services,236.3
1/03/2016,Otago/Southland,Clerical and Administrative Workers,255.9
1/03/2016,Otago/Southland,Community and Personal Service Workers,299.4
1/03/2016,Otago/Southland,Construction,309.32
1/03/2016,Otago/Southland,Education,57.1
1/03/2016,Otago/Southland,Health care,168.14
1/03/2016,Otago/Southland,Highly-Skilled,187.44
1/03/2016,Otago/Southland,Hospitality,260.57
1/03/2016,Otago/Southland,IT,166.67
1/03/2016,Otago/Southland,Labourers,333
1/03/2016,Otago/Southland,Low-Skilled,232.7
1/03/2016,Otago/Southland,Machinery Operators and Drivers,219.8
1/03/2016,Otago/Southland,Managers,196.7
1/03/2016,Otago/Southland,Manufacturing,219.38
1/03/2016,Otago/Southland,Other,379.76
1/03/2016,Otago/Southland,Primary,165.14
1/03/2016,Otago/Southland,Professionals,135.5
1/03/2016,Otago/Southland,Sales,187.53
1/03/2016,Otago/Southland,Sales Workers,198.2
1/03/2016,Otago/Southland,Semi-Skilled,344.12
1/03/2016,Otago/Southland,Skilled,147.96
1/03/2016,Otago/Southland,SkilledIndex,194.5
1/03/2016,Otago/Southland,Technicians and Trades Workers,280.9
1/03/2016,Otago/Southland,Unskilled,275.81
1/03/2016,Otago/Southland,UnskilledIndex,246.2
1/03/2016,Tasman/Nelson/Marlborough/West Coast,Business services,208.62
1/03/2016,Tasman/Nelson/Marlborough/West Coast,Clerical and Administrative Workers,241.2
1/03/2016,Tasman/Nelson/Marlborough/West Coast,Community and Personal Service Workers,214.7
1/03/2016,Tasman/Nelson/Marlborough/West Coast,Construction,232.63
1/03/2016,Tasman/Nelson/Marlborough/West Coast,Education,50.43
1/03/2016,Tasman/Nelson/Marlborough/West Coast,Health care,232.04
1/03/2016,Tasman/Nelson/Marlborough/West Coast,Highly-Skilled,159.05
1/03/2016,Tasman/Nelson/Marlborough/West Coast,Hospitality,194.19
1/03/2016,Tasman/Nelson/Marlborough/West Coast,IT,53.85
1/03/2016,Tasman/Nelson/Marlborough/West Coast,Labourers,289.5
1/03/2016,Tasman/Nelson/Marlborough/West Coast,Low-Skilled,222.79
1/03/2016,Tasman/Nelson/Marlborough/West Coast,Machinery Operators and Drivers,188.9
1/03/2016,Tasman/Nelson/Marlborough/West Coast,Managers,175
1/03/2016,Tasman/Nelson/Marlborough/West Coast,Manufacturing,264.13
1/03/2016,Tasman/Nelson/Marlborough/West Coast,Other,246.05
1/03/2016,Tasman/Nelson/Marlborough/West Coast,Primary,145.16
1/03/2016,Tasman/Nelson/Marlborough/West Coast,Professionals,105.6
1/03/2016,Tasman/Nelson/Marlborough/West Coast,Sales,176.79
1/03/2016,Tasman/Nelson/Marlborough/West Coast,Sales Workers,194.8
1/03/2016,Tasman/Nelson/Marlborough/West Coast,Semi-Skilled,258.47
1/03/2016,Tasman/Nelson/Marlborough/West Coast,Skilled,113.91
1/03/2016,Tasman/Nelson/Marlborough/West Coast,SkilledIndex,151.5
1/03/2016,Tasman/Nelson/Marlborough/West Coast,Technicians and Trades Workers,211.2
1/03/2016,Tasman/Nelson/Marlborough/West Coast,Unskilled,234.45
1/03/2016,Tasman/Nelson/Marlborough/West Coast,UnskilledIndex,226.3
1/03/2016,Totals,Auckland,182.5
1/03/2016,Totals,Bay of Plenty,225.72
1/03/2016,Totals,Business services,173.38
1/03/2016,Totals,Canterbury,214.03
1/03/2016,Totals,Clerical and Administrative Workers,183.8
1/03/2016,Totals,Community and Personal Service Workers,228.2
1/03/2016,Totals,Construction,283.94
1/03/2016,Totals,Education,82.23
1/03/2016,Totals,Gisborne/Hawkes Bay,170.23
1/03/2016,Totals,Health care,149.63
1/03/2016,Totals,Highly-Skilled,149.52
1/03/2016,Totals,Hospitality,212.6
1/03/2016,Totals,IT,94.28
1/03/2016,Totals,Labourers,332
1/03/2016,Totals,Low-Skilled,205
1/03/2016,Totals,Machinery Operators and Drivers,288.4
1/03/2016,Totals,Managers,159.2
1/03/2016,Totals,Manawatu-Whanganui/Taranaki,153.23
1/03/2016,Totals,Manufacturing,230.93
1/03/2016,Totals,Northland,162.07
1/03/2016,Totals,Otago/Southland,207.71
1/03/2016,Totals,Other,246.36
1/03/2016,Totals,Primary,217.87
1/03/2016,Totals,Professionals,131.9
1/03/2016,Totals,Sales,168.12
1/03/2016,Totals,Sales Workers,179.7
1/03/2016,Totals,Semi-Skilled,322.8
1/03/2016,Totals,Skilled,150.81
1/03/2016,Totals,SkilledIndex,165.4
1/03/2016,Totals,Tasman/Nelson/Marlborough/West Coast,174.65
1/03/2016,Totals,Technicians and Trades Workers,278.3
1/03/2016,Totals,TotalsIndex,177
1/03/2016,Totals,Unskilled,241
1/03/2016,Totals,UnskilledIndex,214
1/03/2016,Totals,Waikato,164.73
1/03/2016,Totals,Wellington,134.02
1/03/2016,Waikato,Business services,168.24
1/03/2016,Waikato,Clerical and Administrative Workers,174.7
1/03/2016,Waikato,Community and Personal Service Workers,233.2
1/03/2016,Waikato,Construction,225.46
1/03/2016,Waikato,Education,74.19
1/03/2016,Waikato,Health care,158.35
1/03/2016,Waikato,Highly-Skilled,143.73
1/03/2016,Waikato,Hospitality,195.54
1/03/2016,Waikato,IT,91.96
1/03/2016,Waikato,Labourers,315.4
1/03/2016,Waikato,Low-Skilled,204.13
1/03/2016,Waikato,Machinery Operators and Drivers,204.7
1/03/2016,Waikato,Managers,152.1
1/03/2016,Waikato,Manufacturing,175.24
1/03/2016,Waikato,Other,234.39
1/03/2016,Waikato,Primary,255.79
1/03/2016,Waikato,Professionals,109.4
1/03/2016,Waikato,Sales,141.67
1/03/2016,Waikato,Sales Workers,160.1
1/03/2016,Waikato,Semi-Skilled,273.93
1/03/2016,Waikato,Skilled,120.51
1/03/2016,Waikato,SkilledIndex,152.3
1/03/2016,Waikato,Technicians and Trades Workers,241.2
1/03/2016,Waikato,Unskilled,187.83
1/03/2016,Waikato,UnskilledIndex,199.3
1/03/2016,Wellington,Business services,140.71
1/03/2016,Wellington,Clerical and Administrative Workers,138.8
1/03/2016,Wellington,Community and Personal Service Workers,201.8
1/03/2016,Wellington,Construction,216.88
1/03/2016,Wellington,Education,82.89
1/03/2016,Wellington,Health care,143.95
1/03/2016,Wellington,Highly-Skilled,112.75
1/03/2016,Wellington,Hospitality,201.71
1/03/2016,Wellington,IT,77.84
1/03/2016,Wellington,Labourers,324.5
1/03/2016,Wellington,Low-Skilled,167.08
1/03/2016,Wellington,Machinery Operators and Drivers,278.4
1/03/2016,Wellington,Managers,107.7
1/03/2016,Wellington,Manufacturing,237.6
1/03/2016,Wellington,Other,152.7
1/03/2016,Wellington,Primary,180.6
1/03/2016,Wellington,Professionals,110.3
1/03/2016,Wellington,Sales,129.06
1/03/2016,Wellington,Sales Workers,141.1
1/03/2016,Wellington,Semi-Skilled,248.57
1/03/2016,Wellington,Skilled,124.06
1/03/2016,Wellington,SkilledIndex,123.1
1/03/2016,Wellington,Technicians and Trades Workers,199.5
1/03/2016,Wellington,Unskilled,209.18
1/03/2016,Wellington,UnskilledIndex,178
1/06/2016,Auckland,Business services,191.03
1/06/2016,Auckland,Clerical and Administrative Workers,204.6
1/06/2016,Auckland,Community and Personal Service Workers,264
1/06/2016,Auckland,Construction,330.37
1/06/2016,Auckland,Education,110.31
1/06/2016,Auckland,Health care,147.36
1/06/2016,Auckland,Highly-Skilled,166.78
1/06/2016,Auckland,Hospitality,233.86
1/06/2016,Auckland,IT,112.63
1/06/2016,Auckland,Labourers,398.2
1/06/2016,Auckland,Low-Skilled,224.38
1/06/2016,Auckland,Machinery Operators and Drivers,344.5
1/06/2016,Auckland,Managers,184.6
1/06/2016,Auckland,Manufacturing,254.94
1/06/2016,Auckland,Other,299.46
1/06/2016,Auckland,Primary,197.96
1/06/2016,Auckland,Professionals,149.8
1/06/2016,Auckland,Sales,191.52
1/06/2016,Auckland,Sales Workers,207.9
1/06/2016,Auckland,Semi-Skilled,353.69
1/06/2016,Auckland,Skilled,194.45
1/06/2016,Auckland,SkilledIndex,186.5
1/06/2016,Auckland,Technicians and Trades Workers,316.7
1/06/2016,Auckland,Unskilled,292.45
1/06/2016,Auckland,UnskilledIndex,238.6
1/06/2016,Bay of Plenty,Business services,275.47
1/06/2016,Bay of Plenty,Clerical and Administrative Workers,258.9
1/06/2016,Bay of Plenty,Community and Personal Service Workers,182.2
1/06/2016,Bay of Plenty,Construction,373.29
1/06/2016,Bay of Plenty,Education,68.52
1/06/2016,Bay of Plenty,Health care,212.21
1/06/2016,Bay of Plenty,Highly-Skilled,213.29
1/06/2016,Bay of Plenty,Hospitality,166.01
1/06/2016,Bay of Plenty,IT,126.51
1/06/2016,Bay of Plenty,Labourers,525.5
1/06/2016,Bay of Plenty,Low-Skilled,253.45
1/06/2016,Bay of Plenty,Machinery Operators and Drivers,417.7
1/06/2016,Bay of Plenty,Managers,201.8
1/06/2016,Bay of Plenty,Manufacturing,343.85
1/06/2016,Bay of Plenty,Other,359.62
1/06/2016,Bay of Plenty,Primary,370.45
1/06/2016,Bay of Plenty,Professionals,159.1
1/06/2016,Bay of Plenty,Sales,171.35
1/06/2016,Bay of Plenty,Sales Workers,192.3
1/06/2016,Bay of Plenty,Semi-Skilled,429.8
1/06/2016,Bay of Plenty,Skilled,155.21
1/06/2016,Bay of Plenty,SkilledIndex,222.7
1/06/2016,Bay of Plenty,Technicians and Trades Workers,348
1/06/2016,Bay of Plenty,Unskilled,318.96
1/06/2016,Bay of Plenty,UnskilledIndex,272.5
1/06/2016,Canterbury,Business services,205.03
1/06/2016,Canterbury,Clerical and Administrative Workers,189.2
1/06/2016,Canterbury,Community and Personal Service Workers,183.1
1/06/2016,Canterbury,Construction,361.53
1/06/2016,Canterbury,Education,90.41
1/06/2016,Canterbury,Health care,186.17
1/06/2016,Canterbury,Highly-Skilled,200.85
1/06/2016,Canterbury,Hospitality,155.04
1/06/2016,Canterbury,IT,130.12
1/06/2016,Canterbury,Labourers,280.9
1/06/2016,Canterbury,Low-Skilled,202.46
1/06/2016,Canterbury,Machinery Operators and Drivers,315.7
1/06/2016,Canterbury,Managers,205.5
1/06/2016,Canterbury,Manufacturing,255.6
1/06/2016,Canterbury,Other,353.49
1/06/2016,Canterbury,Primary,217.9
1/06/2016,Canterbury,Professionals,169.8
1/06/2016,Canterbury,Sales,157.44
1/06/2016,Canterbury,Sales Workers,162.3
1/06/2016,Canterbury,Semi-Skilled,407.39
1/06/2016,Canterbury,Skilled,174.65
1/06/2016,Canterbury,SkilledIndex,219.3
1/06/2016,Canterbury,Technicians and Trades Workers,347.3
1/06/2016,Canterbury,Unskilled,212.41
1/06/2016,Canterbury,UnskilledIndex,205.4
1/06/2016,Gisborne/Hawkes Bay,Business services,261.7
1/06/2016,Gisborne/Hawkes Bay,Clerical and Administrative Workers,271.7
1/06/2016,Gisborne/Hawkes Bay,Community and Personal Service Workers,164.7
1/06/2016,Gisborne/Hawkes Bay,Construction,198.11
1/06/2016,Gisborne/Hawkes Bay,Education,62.86
1/06/2016,Gisborne/Hawkes Bay,Health care,148.24
1/06/2016,Gisborne/Hawkes Bay,Highly-Skilled,169.64
1/06/2016,Gisborne/Hawkes Bay,Hospitality,128.8
1/06/2016,Gisborne/Hawkes Bay,IT,181.48
1/06/2016,Gisborne/Hawkes Bay,Labourers,208.9
1/06/2016,Gisborne/Hawkes Bay,Low-Skilled,178.6
1/06/2016,Gisborne/Hawkes Bay,Machinery Operators and Drivers,182.6
1/06/2016,Gisborne/Hawkes Bay,Managers,201.4
1/06/2016,Gisborne/Hawkes Bay,Manufacturing,239.52
1/06/2016,Gisborne/Hawkes Bay,Other,221.05
1/06/2016,Gisborne/Hawkes Bay,Primary,238.1
1/06/2016,Gisborne/Hawkes Bay,Professionals,113
1/06/2016,Gisborne/Hawkes Bay,Sales,173.5
1/06/2016,Gisborne/Hawkes Bay,Sales Workers,167.5
1/06/2016,Gisborne/Hawkes Bay,Semi-Skilled,243.92
1/06/2016,Gisborne/Hawkes Bay,Skilled,111.82
1/06/2016,Gisborne/Hawkes Bay,SkilledIndex,159.6
1/06/2016,Gisborne/Hawkes Bay,Technicians and Trades Workers,197
1/06/2016,Gisborne/Hawkes Bay,Unskilled,212.8
1/06/2016,Gisborne/Hawkes Bay,UnskilledIndex,187.9
1/06/2016,Manawatu-Whanganui/Taranaki,Business services,212.36
1/06/2016,Manawatu-Whanganui/Taranaki,Clerical and Administrative Workers,177.3
1/06/2016,Manawatu-Whanganui/Taranaki,Community and Personal Service Workers,242.4
1/06/2016,Manawatu-Whanganui/Taranaki,Construction,170.1
1/06/2016,Manawatu-Whanganui/Taranaki,Education,66.4
1/06/2016,Manawatu-Whanganui/Taranaki,Health care,189.21
1/06/2016,Manawatu-Whanganui/Taranaki,Highly-Skilled,153.85
1/06/2016,Manawatu-Whanganui/Taranaki,Hospitality,190.98
1/06/2016,Manawatu-Whanganui/Taranaki,IT,137.65
1/06/2016,Manawatu-Whanganui/Taranaki,Labourers,291.7
1/06/2016,Manawatu-Whanganui/Taranaki,Low-Skilled,194.35
1/06/2016,Manawatu-Whanganui/Taranaki,Machinery Operators and Drivers,173.1
1/06/2016,Manawatu-Whanganui/Taranaki,Managers,145
1/06/2016,Manawatu-Whanganui/Taranaki,Manufacturing,181.3
1/06/2016,Manawatu-Whanganui/Taranaki,Other,213.25
1/06/2016,Manawatu-Whanganui/Taranaki,Primary,230
1/06/2016,Manawatu-Whanganui/Taranaki,Professionals,109.3
1/06/2016,Manawatu-Whanganui/Taranaki,Sales,132.05
1/06/2016,Manawatu-Whanganui/Taranaki,Sales Workers,148.5
1/06/2016,Manawatu-Whanganui/Taranaki,Semi-Skilled,253.75
1/06/2016,Manawatu-Whanganui/Taranaki,Skilled,102.25
1/06/2016,Manawatu-Whanganui/Taranaki,SkilledIndex,145.4
1/06/2016,Manawatu-Whanganui/Taranaki,Technicians and Trades Workers,219.7
1/06/2016,Manawatu-Whanganui/Taranaki,Unskilled,205.75
1/06/2016,Manawatu-Whanganui/Taranaki,UnskilledIndex,197.6
1/06/2016,Northland,Business services,156.15
1/06/2016,Northland,Clerical and Administrative Workers,227.1
1/06/2016,Northland,Community and Personal Service Workers,271.8
1/06/2016,Northland,Construction,275.68
1/06/2016,Northland,Education,57.08
1/06/2016,Northland,Health care,138.1
1/06/2016,Northland,Highly-Skilled,157.97
1/06/2016,Northland,Hospitality,187.93
1/06/2016,Northland,IT,200
1/06/2016,Northland,Labourers,271.4
1/06/2016,Northland,Low-Skilled,215.77
1/06/2016,Northland,Machinery Operators and Drivers,290
1/06/2016,Northland,Managers,202
1/06/2016,Northland,Manufacturing,280.36
1/06/2016,Northland,Other,485.29
1/06/2016,Northland,Primary,271.79
1/06/2016,Northland,Professionals,98.2
1/06/2016,Northland,Sales,155.38
1/06/2016,Northland,Sales Workers,119.6
1/06/2016,Northland,Semi-Skilled,281.52
1/06/2016,Northland,Skilled,108.62
1/06/2016,Northland,SkilledIndex,153.4
1/06/2016,Northland,Technicians and Trades Workers,268.3
1/06/2016,Northland,Unskilled,204.29
1/06/2016,Northland,UnskilledIndex,212.7
1/06/2016,Otago/Southland,Business services,235.62
1/06/2016,Otago/Southland,Clerical and Administrative Workers,246.5
1/06/2016,Otago/Southland,Community and Personal Service Workers,268.8
1/06/2016,Otago/Southland,Construction,333
1/06/2016,Otago/Southland,Education,61.83
1/06/2016,Otago/Southland,Health care,221.56
1/06/2016,Otago/Southland,Highly-Skilled,198.93
1/06/2016,Otago/Southland,Hospitality,206.91
1/06/2016,Otago/Southland,IT,137.63
1/06/2016,Otago/Southland,Labourers,310.3
1/06/2016,Otago/Southland,Low-Skilled,211.39
1/06/2016,Otago/Southland,Machinery Operators and Drivers,200
1/06/2016,Otago/Southland,Managers,214.4
1/06/2016,Otago/Southland,Manufacturing,243.75
1/06/2016,Otago/Southland,Other,367.86
1/06/2016,Otago/Southland,Primary,177.06
1/06/2016,Otago/Southland,Professionals,137.2
1/06/2016,Otago/Southland,Sales,178.68
1/06/2016,Otago/Southland,Sales Workers,180.6
1/06/2016,Otago/Southland,Semi-Skilled,397.55
1/06/2016,Otago/Southland,Skilled,153.53
1/06/2016,Otago/Southland,SkilledIndex,209.6
1/06/2016,Otago/Southland,Technicians and Trades Workers,316.5
1/06/2016,Otago/Southland,Unskilled,238.6
1/06/2016,Otago/Southland,UnskilledIndex,219.9
1/06/2016,Tasman/Nelson/Marlborough/West Coast,Business services,205.75
1/06/2016,Tasman/Nelson/Marlborough/West Coast,Clerical and Administrative Workers,214.1
1/06/2016,Tasman/Nelson/Marlborough/West Coast,Community and Personal Service Workers,207.1
1/06/2016,Tasman/Nelson/Marlborough/West Coast,Construction,236.44
1/06/2016,Tasman/Nelson/Marlborough/West Coast,Education,53.04
1/06/2016,Tasman/Nelson/Marlborough/West Coast,Health care,244.43
1/06/2016,Tasman/Nelson/Marlborough/West Coast,Highly-Skilled,177.5
1/06/2016,Tasman/Nelson/Marlborough/West Coast,Hospitality,140.65
1/06/2016,Tasman/Nelson/Marlborough/West Coast,IT,138.46
1/06/2016,Tasman/Nelson/Marlborough/West Coast,Labourers,266
1/06/2016,Tasman/Nelson/Marlborough/West Coast,Low-Skilled,208.21
1/06/2016,Tasman/Nelson/Marlborough/West Coast,Machinery Operators and Drivers,180.3
1/06/2016,Tasman/Nelson/Marlborough/West Coast,Managers,181.6
1/06/2016,Tasman/Nelson/Marlborough/West Coast,Manufacturing,263.04
1/06/2016,Tasman/Nelson/Marlborough/West Coast,Other,255.26
1/06/2016,Tasman/Nelson/Marlborough/West Coast,Primary,191.4
1/06/2016,Tasman/Nelson/Marlborough/West Coast,Professionals,110.1
1/06/2016,Tasman/Nelson/Marlborough/West Coast,Sales,157.59
1/06/2016,Tasman/Nelson/Marlborough/West Coast,Sales Workers,181.9
1/06/2016,Tasman/Nelson/Marlborough/West Coast,Semi-Skilled,283.05
1/06/2016,Tasman/Nelson/Marlborough/West Coast,Skilled,97.07
1/06/2016,Tasman/Nelson/Marlborough/West Coast,SkilledIndex,155.7
1/06/2016,Tasman/Nelson/Marlborough/West Coast,Technicians and Trades Workers,216.4
1/06/2016,Tasman/Nelson/Marlborough/West Coast,Unskilled,207.65
1/06/2016,Tasman/Nelson/Marlborough/West Coast,UnskilledIndex,208
1/06/2016,Totals,Auckland,197.71
1/06/2016,Totals,Bay of Plenty,236.98
1/06/2016,Totals,Business services,190.64
1/06/2016,Totals,Canterbury,213.09
1/06/2016,Totals,Clerical and Administrative Workers,198.4
1/06/2016,Totals,Community and Personal Service Workers,224.3
1/06/2016,Totals,Construction,301.9
1/06/2016,Totals,Education,85.72
1/06/2016,Totals,Gisborne/Hawkes Bay,166.05
1/06/2016,Totals,Health care,163.61
1/06/2016,Totals,Highly-Skilled,162.01
1/06/2016,Totals,Hospitality,190.97
1/06/2016,Totals,IT,104.97
1/06/2016,Totals,Labourers,345.6
1/06/2016,Totals,Low-Skilled,210.31
1/06/2016,Totals,Machinery Operators and Drivers,290
1/06/2016,Totals,Managers,171.9
1/06/2016,Totals,Manawatu-Whanganui/Taranaki,159.54
1/06/2016,Totals,Manufacturing,246.31
1/06/2016,Totals,Northland,171.01
1/06/2016,Totals,Otago/Southland,210.72
1/06/2016,Totals,Other,259.52
1/06/2016,Totals,Primary,225.19
1/06/2016,Totals,Professionals,142.8
1/06/2016,Totals,Sales,169.37
1/06/2016,Totals,Sales Workers,181
1/06/2016,Totals,Semi-Skilled,334.77
1/06/2016,Totals,Skilled,158.44
1/06/2016,Totals,SkilledIndex,176.6
1/06/2016,Totals,Tasman/Nelson/Marlborough/West Coast,172.86
1/06/2016,Totals,Technicians and Trades Workers,287
1/06/2016,Totals,TotalsIndex,186.65
1/06/2016,Totals,Unskilled,247.48
1/06/2016,Totals,UnskilledIndex,219.6
1/06/2016,Totals,Waikato,179.18
1/06/2016,Totals,Wellington,141.19
1/06/2016,Waikato,Business services,206.81
1/06/2016,Waikato,Clerical and Administrative Workers,219.9
1/06/2016,Waikato,Community and Personal Service Workers,193.1
1/06/2016,Waikato,Construction,242.33
1/06/2016,Waikato,Education,73.98
1/06/2016,Waikato,Health care,173.56
1/06/2016,Waikato,Highly-Skilled,165.69
1/06/2016,Waikato,Hospitality,153.57
1/06/2016,Waikato,IT,118.09
1/06/2016,Waikato,Labourers,337.5
1/06/2016,Waikato,Low-Skilled,210.84
1/06/2016,Waikato,Machinery Operators and Drivers,212.3
1/06/2016,Waikato,Managers,165.5
1/06/2016,Waikato,Manufacturing,201.61
1/06/2016,Waikato,Other,251.32
1/06/2016,Waikato,Primary,330.53
1/06/2016,Waikato,Professionals,127
1/06/2016,Waikato,Sales,144.55
1/06/2016,Waikato,Sales Workers,164.9
1/06/2016,Waikato,Semi-Skilled,282.51
1/06/2016,Waikato,Skilled,131.01
1/06/2016,Waikato,SkilledIndex,168.9
1/06/2016,Waikato,Technicians and Trades Workers,254.1
1/06/2016,Waikato,Unskilled,202.63
1/06/2016,Waikato,UnskilledIndex,208.4
1/06/2016,Wellington,Business services,156.59
1/06/2016,Wellington,Clerical and Administrative Workers,152.7
1/06/2016,Wellington,Community and Personal Service Workers,192.1
1/06/2016,Wellington,Construction,241.56
1/06/2016,Wellington,Education,82.31
1/06/2016,Wellington,Health care,149.62
1/06/2016,Wellington,Highly-Skilled,123.77
1/06/2016,Wellington,Hospitality,174.86
1/06/2016,Wellington,IT,83.52
1/06/2016,Wellington,Labourers,343.6
1/06/2016,Wellington,Low-Skilled,167.44
1/06/2016,Wellington,Machinery Operators and Drivers,246.8
1/06/2016,Wellington,Managers,119.8
1/06/2016,Wellington,Manufacturing,205.72
1/06/2016,Wellington,Other,174.97
1/06/2016,Wellington,Primary,155.22
1/06/2016,Wellington,Professionals,119.2
1/06/2016,Wellington,Sales,129.83
1/06/2016,Wellington,Sales Workers,142.6
1/06/2016,Wellington,Semi-Skilled,245.76
1/06/2016,Wellington,Skilled,129.86
1/06/2016,Wellington,SkilledIndex,132.3
1/06/2016,Wellington,Technicians and Trades Workers,195
1/06/2016,Wellington,Unskilled,209.86
1/06/2016,Wellington,UnskilledIndex,178.4
1/09/2016,Auckland,Business services,186.66
1/09/2016,Auckland,Clerical and Administrative Workers,208.8
1/09/2016,Auckland,Community and Personal Service Workers,272.8
1/09/2016,Auckland,Construction,338.91
1/09/2016,Auckland,Education,119.89
1/09/2016,Auckland,Health care,146.25
1/09/2016,Auckland,Highly-Skilled,167.45
1/09/2016,Auckland,Hospitality,279.76
1/09/2016,Auckland,IT,114.22
1/09/2016,Auckland,Labourers,407.1
1/09/2016,Auckland,Low-Skilled,233.62
1/09/2016,Auckland,Machinery Operators and Drivers,374.7
1/09/2016,Auckland,Managers,190.2
1/09/2016,Auckland,Manufacturing,264.4
1/09/2016,Auckland,Other,311.68
1/09/2016,Auckland,Primary,226.53
1/09/2016,Auckland,Professionals,151.8
1/09/2016,Auckland,Sales,206.32
1/09/2016,Auckland,Sales Workers,219.4
1/09/2016,Auckland,Semi-Skilled,372.98
1/09/2016,Auckland,Skilled,212.78
1/09/2016,Auckland,SkilledIndex,192.3
1/09/2016,Auckland,Technicians and Trades Workers,337.8
1/09/2016,Auckland,Unskilled,300.74
1/09/2016,Auckland,UnskilledIndex,247.6
1/09/2016,Bay of Plenty,Business services,295.47
1/09/2016,Bay of Plenty,Clerical and Administrative Workers,270.9
1/09/2016,Bay of Plenty,Community and Personal Service Workers,224.9
1/09/2016,Bay of Plenty,Construction,414.38
1/09/2016,Bay of Plenty,Education,80
1/09/2016,Bay of Plenty,Health care,213.45
1/09/2016,Bay of Plenty,Highly-Skilled,236.11
1/09/2016,Bay of Plenty,Hospitality,231.03
1/09/2016,Bay of Plenty,IT,136.14
1/09/2016,Bay of Plenty,Labourers,558.2
1/09/2016,Bay of Plenty,Low-Skilled,262.28
1/09/2016,Bay of Plenty,Machinery Operators and Drivers,414.6
1/09/2016,Bay of Plenty,Managers,245
1/09/2016,Bay of Plenty,Manufacturing,356.68
1/09/2016,Bay of Plenty,Other,396.15
1/09/2016,Bay of Plenty,Primary,509.09
1/09/2016,Bay of Plenty,Professionals,178.1
1/09/2016,Bay of Plenty,Sales,230
1/09/2016,Bay of Plenty,Sales Workers,245.4
1/09/2016,Bay of Plenty,Semi-Skilled,482.32
1/09/2016,Bay of Plenty,Skilled,200.78
1/09/2016,Bay of Plenty,SkilledIndex,258.1
1/09/2016,Bay of Plenty,Technicians and Trades Workers,390.6
1/09/2016,Bay of Plenty,Unskilled,364.87
1/09/2016,Bay of Plenty,UnskilledIndex,292.1
1/09/2016,Canterbury,Business services,197.05
1/09/2016,Canterbury,Clerical and Administrative Workers,185
1/09/2016,Canterbury,Community and Personal Service Workers,213.2
1/09/2016,Canterbury,Construction,378.85
1/09/2016,Canterbury,Education,116.74
1/09/2016,Canterbury,Health care,199
1/09/2016,Canterbury,Highly-Skilled,201.82
1/09/2016,Canterbury,Hospitality,181.65
1/09/2016,Canterbury,IT,131.06
1/09/2016,Canterbury,Labourers,333.5
1/09/2016,Canterbury,Low-Skilled,219.49
1/09/2016,Canterbury,Machinery Operators and Drivers,346.3
1/09/2016,Canterbury,Managers,210.1
1/09/2016,Canterbury,Manufacturing,277.98
1/09/2016,Canterbury,Other,380.47
1/09/2016,Canterbury,Primary,231.48
1/09/2016,Canterbury,Professionals,180.3
1/09/2016,Canterbury,Sales,176.82
1/09/2016,Canterbury,Sales Workers,186.5
1/09/2016,Canterbury,Semi-Skilled,453.79
1/09/2016,Canterbury,Skilled,187.76
1/09/2016,Canterbury,SkilledIndex,229.7
1/09/2016,Canterbury,Technicians and Trades Workers,366.5
1/09/2016,Canterbury,Unskilled,247.01
1/09/2016,Canterbury,UnskilledIndex,227.6
1/09/2016,Gisborne/Hawkes Bay,Business services,269.5
1/09/2016,Gisborne/Hawkes Bay,Clerical and Administrative Workers,266.4
1/09/2016,Gisborne/Hawkes Bay,Community and Personal Service Workers,189
1/09/2016,Gisborne/Hawkes Bay,Construction,214.39
1/09/2016,Gisborne/Hawkes Bay,Education,75.1
1/09/2016,Gisborne/Hawkes Bay,Health care,175.16
1/09/2016,Gisborne/Hawkes Bay,Highly-Skilled,198.2
1/09/2016,Gisborne/Hawkes Bay,Hospitality,202.4
1/09/2016,Gisborne/Hawkes Bay,IT,200
1/09/2016,Gisborne/Hawkes Bay,Labourers,235.1
1/09/2016,Gisborne/Hawkes Bay,Low-Skilled,191.1
1/09/2016,Gisborne/Hawkes Bay,Machinery Operators and Drivers,217.4
1/09/2016,Gisborne/Hawkes Bay,Managers,254.4
1/09/2016,Gisborne/Hawkes Bay,Manufacturing,234.68
1/09/2016,Gisborne/Hawkes Bay,Other,247.37
1/09/2016,Gisborne/Hawkes Bay,Primary,311.11
1/09/2016,Gisborne/Hawkes Bay,Professionals,127.4
1/09/2016,Gisborne/Hawkes Bay,Sales,183.5
1/09/2016,Gisborne/Hawkes Bay,Sales Workers,161.9
1/09/2016,Gisborne/Hawkes Bay,Semi-Skilled,262.84
1/09/2016,Gisborne/Hawkes Bay,Skilled,130.27
1/09/2016,Gisborne/Hawkes Bay,SkilledIndex,182.9
1/09/2016,Gisborne/Hawkes Bay,Technicians and Trades Workers,229
1/09/2016,Gisborne/Hawkes Bay,Unskilled,236
1/09/2016,Gisborne/Hawkes Bay,UnskilledIndex,203.3
1/09/2016,Manawatu-Whanganui/Taranaki,Business services,201.12
1/09/2016,Manawatu-Whanganui/Taranaki,Clerical and Administrative Workers,181
1/09/2016,Manawatu-Whanganui/Taranaki,Community and Personal Service Workers,240.7
1/09/2016,Manawatu-Whanganui/Taranaki,Construction,181.52
1/09/2016,Manawatu-Whanganui/Taranaki,Education,84.01
1/09/2016,Manawatu-Whanganui/Taranaki,Health care,210.31
1/09/2016,Manawatu-Whanganui/Taranaki,Highly-Skilled,169.93
1/09/2016,Manawatu-Whanganui/Taranaki,Hospitality,212.03
1/09/2016,Manawatu-Whanganui/Taranaki,IT,165.88
1/09/2016,Manawatu-Whanganui/Taranaki,Labourers,332.1
1/09/2016,Manawatu-Whanganui/Taranaki,Low-Skilled,208.68
1/09/2016,Manawatu-Whanganui/Taranaki,Machinery Operators and Drivers,202.9
1/09/2016,Manawatu-Whanganui/Taranaki,Managers,164.3
1/09/2016,Manawatu-Whanganui/Taranaki,Manufacturing,192.17
1/09/2016,Manawatu-Whanganui/Taranaki,Other,243.05
1/09/2016,Manawatu-Whanganui/Taranaki,Primary,254.29
1/09/2016,Manawatu-Whanganui/Taranaki,Professionals,122.6
1/09/2016,Manawatu-Whanganui/Taranaki,Sales,154.94
1/09/2016,Manawatu-Whanganui/Taranaki,Sales Workers,176.1
1/09/2016,Manawatu-Whanganui/Taranaki,Semi-Skilled,298.32
1/09/2016,Manawatu-Whanganui/Taranaki,Skilled,113.39
1/09/2016,Manawatu-Whanganui/Taranaki,SkilledIndex,162.9
1/09/2016,Manawatu-Whanganui/Taranaki,Technicians and Trades Workers,249.7
1/09/2016,Manawatu-Whanganui/Taranaki,Unskilled,230.27
1/09/2016,Manawatu-Whanganui/Taranaki,UnskilledIndex,214.8
1/09/2016,Northland,Business services,146.15
1/09/2016,Northland,Clerical and Administrative Workers,222.6
1/09/2016,Northland,Community and Personal Service Workers,300.3
1/09/2016,Northland,Construction,290.54
1/09/2016,Northland,Education,64.84
1/09/2016,Northland,Health care,156.17
1/09/2016,Northland,Highly-Skilled,157.97
1/09/2016,Northland,Hospitality,279.31
1/09/2016,Northland,IT,150
1/09/2016,Northland,Labourers,326.2
1/09/2016,Northland,Low-Skilled,242.87
1/09/2016,Northland,Machinery Operators and Drivers,363.3
1/09/2016,Northland,Managers,186.1
1/09/2016,Northland,Manufacturing,307.14
1/09/2016,Northland,Other,594.12
1/09/2016,Northland,Primary,266.67
1/09/2016,Northland,Professionals,102.4
1/09/2016,Northland,Sales,143.08
1/09/2016,Northland,Sales Workers,150
1/09/2016,Northland,Semi-Skilled,289.13
1/09/2016,Northland,Skilled,126.33
1/09/2016,Northland,SkilledIndex,161.5
1/09/2016,Northland,Technicians and Trades Workers,309.5
1/09/2016,Northland,Unskilled,250
1/09/2016,Northland,UnskilledIndex,244.8
1/09/2016,Otago/Southland,Business services,233.9
1/09/2016,Otago/Southland,Clerical and Administrative Workers,269
1/09/2016,Otago/Southland,Community and Personal Service Workers,331.8
1/09/2016,Otago/Southland,Construction,369.52
1/09/2016,Otago/Southland,Education,82.33
1/09/2016,Otago/Southland,Health care,233.39
1/09/2016,Otago/Southland,Highly-Skilled,212.11
1/09/2016,Otago/Southland,Hospitality,308.13
1/09/2016,Otago/Southland,IT,158.06
1/09/2016,Otago/Southland,Labourers,369.1
1/09/2016,Otago/Southland,Low-Skilled,251.9
1/09/2016,Otago/Southland,Machinery Operators and Drivers,269.3
1/09/2016,Otago/Southland,Managers,230.3
1/09/2016,Otago/Southland,Manufacturing,273.13
1/09/2016,Otago/Southland,Other,404.76
1/09/2016,Otago/Southland,Primary,249.54
1/09/2016,Otago/Southland,Professionals,154.7
1/09/2016,Otago/Southland,Sales,211.34
1/09/2016,Otago/Southland,Sales Workers,205.9
1/09/2016,Otago/Southland,Semi-Skilled,449.51
1/09/2016,Otago/Southland,Skilled,183.27
1/09/2016,Otago/Southland,SkilledIndex,233.9
1/09/2016,Otago/Southland,Technicians and Trades Workers,362.4
1/09/2016,Otago/Southland,Unskilled,290.7
1/09/2016,Otago/Southland,UnskilledIndex,264
1/09/2016,Tasman/Nelson/Marlborough/West Coast,Business services,215.52
1/09/2016,Tasman/Nelson/Marlborough/West Coast,Clerical and Administrative Workers,253.6
1/09/2016,Tasman/Nelson/Marlborough/West Coast,Community and Personal Service Workers,292.4
1/09/2016,Tasman/Nelson/Marlborough/West Coast,Construction,258.05
1/09/2016,Tasman/Nelson/Marlborough/West Coast,Education,56.52
1/09/2016,Tasman/Nelson/Marlborough/West Coast,Health care,270.9
1/09/2016,Tasman/Nelson/Marlborough/West Coast,Highly-Skilled,183.14
1/09/2016,Tasman/Nelson/Marlborough/West Coast,Hospitality,263.23
1/09/2016,Tasman/Nelson/Marlborough/West Coast,IT,134.62
1/09/2016,Tasman/Nelson/Marlborough/West Coast,Labourers,284.3
1/09/2016,Tasman/Nelson/Marlborough/West Coast,Low-Skilled,249.41
1/09/2016,Tasman/Nelson/Marlborough/West Coast,Machinery Operators and Drivers,182.7
1/09/2016,Tasman/Nelson/Marlborough/West Coast,Managers,200.9
1/09/2016,Tasman/Nelson/Marlborough/West Coast,Manufacturing,308.7
1/09/2016,Tasman/Nelson/Marlborough/West Coast,Other,336.84
1/09/2016,Tasman/Nelson/Marlborough/West Coast,Primary,186.02
1/09/2016,Tasman/Nelson/Marlborough/West Coast,Professionals,124.2
1/09/2016,Tasman/Nelson/Marlborough/West Coast,Sales,190.18
1/09/2016,Tasman/Nelson/Marlborough/West Coast,Sales Workers,220.7
1/09/2016,Tasman/Nelson/Marlborough/West Coast,Semi-Skilled,329.66
1/09/2016,Tasman/Nelson/Marlborough/West Coast,Skilled,144.55
1/09/2016,Tasman/Nelson/Marlborough/West Coast,SkilledIndex,183.9
1/09/2016,Tasman/Nelson/Marlborough/West Coast,Technicians and Trades Workers,268.7
1/09/2016,Tasman/Nelson/Marlborough/West Coast,Unskilled,233.7
1/09/2016,Tasman/Nelson/Marlborough/West Coast,UnskilledIndex,244.7
1/09/2016,Totals,Auckland,204.51
1/09/2016,Totals,Bay of Plenty,270.11
1/09/2016,Totals,Business services,187.85
1/09/2016,Totals,Canterbury,226.7
1/09/2016,Totals,Clerical and Administrative Workers,201.1
1/09/2016,Totals,Community and Personal Service Workers,249.1
1/09/2016,Totals,Construction,315.88
1/09/2016,Totals,Education,97.91
1/09/2016,Totals,Gisborne/Hawkes Bay,186.99
1/09/2016,Totals,Health care,169.94
1/09/2016,Totals,Highly-Skilled,164.84
1/09/2016,Totals,Hospitality,242.35
1/09/2016,Totals,IT,105.93
1/09/2016,Totals,Labourers,374.6
1/09/2016,Totals,Low-Skilled,224.98
1/09/2016,Totals,Machinery Operators and Drivers,324
1/09/2016,Totals,Managers,180.6
1/09/2016,Totals,Manawatu-Whanganui/Taranaki,174.75
1/09/2016,Totals,Manufacturing,260.93
1/09/2016,Totals,Northland,184.34
1/09/2016,Totals,Otago/Southland,244.14
1/09/2016,Totals,Other,280.3
1/09/2016,Totals,Primary,255.83
1/09/2016,Totals,Professionals,147.6
1/09/2016,Totals,Sales,187.65
1/09/2016,Totals,Sales Workers,200.5
1/09/2016,Totals,Semi-Skilled,365.33
1/09/2016,Totals,Skilled,176.34
1/09/2016,Totals,SkilledIndex,185.8
1/09/2016,Totals,Tasman/Nelson/Marlborough/West Coast,203.65
1/09/2016,Totals,Technicians and Trades Workers,312.4
1/09/2016,Totals,TotalsIndex,198.06
1/09/2016,Totals,Unskilled,270.89
1/09/2016,Totals,UnskilledIndex,236.5
1/09/2016,Totals,Waikato,200.4
1/09/2016,Totals,Wellington,145.3
1/09/2016,Waikato,Business services,205.1
1/09/2016,Waikato,Clerical and Administrative Workers,217.3
1/09/2016,Waikato,Community and Personal Service Workers,231.3
1/09/2016,Waikato,Construction,279.18
1/09/2016,Waikato,Education,86.24
1/09/2016,Waikato,Health care,182.04
1/09/2016,Waikato,Highly-Skilled,172.09
1/09/2016,Waikato,Hospitality,227.68
1/09/2016,Waikato,IT,100
1/09/2016,Waikato,Labourers,386
1/09/2016,Waikato,Low-Skilled,247.01
1/09/2016,Waikato,Machinery Operators and Drivers,286.5
1/09/2016,Waikato,Managers,185.4
1/09/2016,Waikato,Manufacturing,254.34
1/09/2016,Waikato,Other,272.49
1/09/2016,Waikato,Primary,332.63
1/09/2016,Waikato,Professionals,132.5
1/09/2016,Waikato,Sales,163.18
1/09/2016,Waikato,Sales Workers,181.5
1/09/2016,Waikato,Semi-Skilled,329.04
1/09/2016,Waikato,Skilled,147.09
1/09/2016,Waikato,SkilledIndex,183.4
1/09/2016,Waikato,Technicians and Trades Workers,295.8
1/09/2016,Waikato,Unskilled,226.32
1/09/2016,Waikato,UnskilledIndex,240.9
1/09/2016,Wellington,Business services,157.79
1/09/2016,Wellington,Clerical and Administrative Workers,149.9
1/09/2016,Wellington,Community and Personal Service Workers,212.8
1/09/2016,Wellington,Construction,236.79
1/09/2016,Wellington,Education,85.09
1/09/2016,Wellington,Health care,152.1
1/09/2016,Wellington,Highly-Skilled,123.79
1/09/2016,Wellington,Hospitality,208.76
1/09/2016,Wellington,IT,83.2
1/09/2016,Wellington,Labourers,360.9
1/09/2016,Wellington,Low-Skilled,177.05
1/09/2016,Wellington,Machinery Operators and Drivers,273.2
1/09/2016,Wellington,Managers,124.6
1/09/2016,Wellington,Manufacturing,200
1/09/2016,Wellington,Other,186.56
1/09/2016,Wellington,Primary,164.18
1/09/2016,Wellington,Professionals,118.8
1/09/2016,Wellington,Sales,145.25
1/09/2016,Wellington,Sales Workers,168.8
1/09/2016,Wellington,Semi-Skilled,259.81
1/09/2016,Wellington,Skilled,134.52
1/09/2016,Wellington,SkilledIndex,134.1
1/09/2016,Wellington,Technicians and Trades Workers,203.3
1/09/2016,Wellington,Unskilled,236.82
1/09/2016,Wellington,UnskilledIndex,192.5
1/12/2016,Auckland,Business services,152.37
1/12/2016,Auckland,Clerical and Administrative Workers,166.7
1/12/2016,Auckland,Community and Personal Service Workers,233.3
1/12/2016,Auckland,Construction,304.12
1/12/2016,Auckland,Education,134.48
1/12/2016,Auckland,Health care,133.19
1/12/2016,Auckland,Highly-Skilled,147.09
1/12/2016,Auckland,Hospitality,231.75
1/12/2016,Auckland,IT,94.42
1/12/2016,Auckland,Labourers,349.8
1/12/2016,Auckland,Low-Skilled,196.27
1/12/2016,Auckland,Machinery Operators and Drivers,340.6
1/12/2016,Auckland,Managers,168.7
1/12/2016,Auckland,Manufacturing,239.84
1/12/2016,Auckland,Other,280.98
1/12/2016,Auckland,Primary,178.91
1/12/2016,Auckland,Professionals,137.3
1/12/2016,Auckland,Sales,169.21
1/12/2016,Auckland,Sales Workers,192.2
1/12/2016,Auckland,Semi-Skilled,305.04
1/12/2016,Auckland,Skilled,192.45
1/12/2016,Auckland,SkilledIndex,168.4
1/12/2016,Auckland,Technicians and Trades Workers,281.3
1/12/2016,Auckland,Unskilled,263.12
1/12/2016,Auckland,UnskilledIndex,210.2
1/12/2016,Bay of Plenty,Business services,221.13
1/12/2016,Bay of Plenty,Clerical and Administrative Workers,221.3
1/12/2016,Bay of Plenty,Community and Personal Service Workers,177
1/12/2016,Bay of Plenty,Construction,335.39
1/12/2016,Bay of Plenty,Education,108.52
1/12/2016,Bay of Plenty,Health care,197.79
1/12/2016,Bay of Plenty,Highly-Skilled,215.5
1/12/2016,Bay of Plenty,Hospitality,206.4
1/12/2016,Bay of Plenty,IT,112.05
1/12/2016,Bay of Plenty,Labourers,460.2
1/12/2016,Bay of Plenty,Low-Skilled,227.99
1/12/2016,Bay of Plenty,Machinery Operators and Drivers,345.8
1/12/2016,Bay of Plenty,Managers,213.8
1/12/2016,Bay of Plenty,Manufacturing,337.43
1/12/2016,Bay of Plenty,Other,356.73
1/12/2016,Bay of Plenty,Primary,427.27
1/12/2016,Bay of Plenty,Professionals,171.9
1/12/2016,Bay of Plenty,Sales,169.73
1/12/2016,Bay of Plenty,Sales Workers,189.1
1/12/2016,Bay of Plenty,Semi-Skilled,389.9
1/12/2016,Bay of Plenty,Skilled,175.27
1/12/2016,Bay of Plenty,SkilledIndex,225.5
1/12/2016,Bay of Plenty,Technicians and Trades Workers,337.3
1/12/2016,Bay of Plenty,Unskilled,287.7
1/12/2016,Bay of Plenty,UnskilledIndex,245.4
1/12/2016,Canterbury,Business services,159.3
1/12/2016,Canterbury,Clerical and Administrative Workers,142.7
1/12/2016,Canterbury,Community and Personal Service Workers,167.2
1/12/2016,Canterbury,Construction,326.77
1/12/2016,Canterbury,Education,104.11
1/12/2016,Canterbury,Health care,170.17
1/12/2016,Canterbury,Highly-Skilled,175.43
1/12/2016,Canterbury,Hospitality,158.8
1/12/2016,Canterbury,IT,108.39
1/12/2016,Canterbury,Labourers,299.4
1/12/2016,Canterbury,Low-Skilled,186.16
1/12/2016,Canterbury,Machinery Operators and Drivers,348.8
1/12/2016,Canterbury,Managers,175.9
1/12/2016,Canterbury,Manufacturing,251.69
1/12/2016,Canterbury,Other,322.33
1/12/2016,Canterbury,Primary,208.64
1/12/2016,Canterbury,Professionals,160
1/12/2016,Canterbury,Sales,135.43
1/12/2016,Canterbury,Sales Workers,145.8
1/12/2016,Canterbury,Semi-Skilled,374.26
1/12/2016,Canterbury,Skilled,158.45
1/12/2016,Canterbury,SkilledIndex,195.7
1/12/2016,Canterbury,Technicians and Trades Workers,305
1/12/2016,Canterbury,Unskilled,203.65
1/12/2016,Canterbury,UnskilledIndex,191.3
1/12/2016,Gisborne/Hawkes Bay,Business services,236.17
1/12/2016,Gisborne/Hawkes Bay,Clerical and Administrative Workers,235.4
1/12/2016,Gisborne/Hawkes Bay,Community and Personal Service Workers,185.3
1/12/2016,Gisborne/Hawkes Bay,Construction,191.67
1/12/2016,Gisborne/Hawkes Bay,Education,114.29
1/12/2016,Gisborne/Hawkes Bay,Health care,141.2
1/12/2016,Gisborne/Hawkes Bay,Highly-Skilled,184.25
1/12/2016,Gisborne/Hawkes Bay,Hospitality,219.2
1/12/2016,Gisborne/Hawkes Bay,IT,133.33
1/12/2016,Gisborne/Hawkes Bay,Labourers,276.4
1/12/2016,Gisborne/Hawkes Bay,Low-Skilled,183.96
1/12/2016,Gisborne/Hawkes Bay,Machinery Operators and Drivers,210.1
1/12/2016,Gisborne/Hawkes Bay,Managers,263.3
1/12/2016,Gisborne/Hawkes Bay,Manufacturing,245.97
1/12/2016,Gisborne/Hawkes Bay,Other,257.89
1/12/2016,Gisborne/Hawkes Bay,Primary,285.71
1/12/2016,Gisborne/Hawkes Bay,Professionals,132
1/12/2016,Gisborne/Hawkes Bay,Sales,203.5
1/12/2016,Gisborne/Hawkes Bay,Sales Workers,169
1/12/2016,Gisborne/Hawkes Bay,Semi-Skilled,220.27
1/12/2016,Gisborne/Hawkes Bay,Skilled,162.13
1/12/2016,Gisborne/Hawkes Bay,SkilledIndex,181.6
1/12/2016,Gisborne/Hawkes Bay,Technicians and Trades Workers,202.2
1/12/2016,Gisborne/Hawkes Bay,Unskilled,244
1/12/2016,Gisborne/Hawkes Bay,UnskilledIndex,200.2
1/12/2016,Manawatu-Whanganui/Taranaki,Business services,189.89
1/12/2016,Manawatu-Whanganui/Taranaki,Clerical and Administrative Workers,161
1/12/2016,Manawatu-Whanganui/Taranaki,Community and Personal Service Workers,216.9
1/12/2016,Manawatu-Whanganui/Taranaki,Construction,148.19
1/12/2016,Manawatu-Whanganui/Taranaki,Education,120.6
1/12/2016,Manawatu-Whanganui/Taranaki,Health care,163.25
1/12/2016,Manawatu-Whanganui/Taranaki,Highly-Skilled,148.73
1/12/2016,Manawatu-Whanganui/Taranaki,Hospitality,213.53
1/12/2016,Manawatu-Whanganui/Taranaki,IT,121.18
1/12/2016,Manawatu-Whanganui/Taranaki,Labourers,265.5
1/12/2016,Manawatu-Whanganui/Taranaki,Low-Skilled,178.11
1/12/2016,Manawatu-Whanganui/Taranaki,Machinery Operators and Drivers,173.1
1/12/2016,Manawatu-Whanganui/Taranaki,Managers,150.4
1/12/2016,Manawatu-Whanganui/Taranaki,Manufacturing,163.91
1/12/2016,Manawatu-Whanganui/Taranaki,Other,227.15
1/12/2016,Manawatu-Whanganui/Taranaki,Primary,224.29
1/12/2016,Manawatu-Whanganui/Taranaki,Professionals,123.7
1/12/2016,Manawatu-Whanganui/Taranaki,Sales,125.3
1/12/2016,Manawatu-Whanganui/Taranaki,Sales Workers,146.5
1/12/2016,Manawatu-Whanganui/Taranaki,Semi-Skilled,235.01
1/12/2016,Manawatu-Whanganui/Taranaki,Skilled,128.35
1/12/2016,Manawatu-Whanganui/Taranaki,SkilledIndex,150.9
1/12/2016,Manawatu-Whanganui/Taranaki,Technicians and Trades Workers,203.5
1/12/2016,Manawatu-Whanganui/Taranaki,Unskilled,186.56
1/12/2016,Manawatu-Whanganui/Taranaki,UnskilledIndex,180.5
1/12/2016,Northland,Business services,155.38
1/12/2016,Northland,Clerical and Administrative Workers,197.6
1/12/2016,Northland,Community and Personal Service Workers,288.3
1/12/2016,Northland,Construction,217.57
1/12/2016,Northland,Education,113.24
1/12/2016,Northland,Health care,117.88
1/12/2016,Northland,Highly-Skilled,146.22
1/12/2016,Northland,Hospitality,310.34
1/12/2016,Northland,IT,85.71
1/12/2016,Northland,Labourers,295.2
1/12/2016,Northland,Low-Skilled,221.09
1/12/2016,Northland,Machinery Operators and Drivers,263.3
1/12/2016,Northland,Managers,192.1
1/12/2016,Northland,Manufacturing,242.86
1/12/2016,Northland,Other,526.47
1/12/2016,Northland,Primary,217.95
1/12/2016,Northland,Professionals,116.8
1/12/2016,Northland,Sales,160
1/12/2016,Northland,Sales Workers,135.9
1/12/2016,Northland,Semi-Skilled,234.78
1/12/2016,Northland,Skilled,147.39
1/12/2016,Northland,SkilledIndex,157.7
1/12/2016,Northland,Technicians and Trades Workers,246.8
1/12/2016,Northland,Unskilled,215.71
1/12/2016,Northland,UnskilledIndex,219.6
1/12/2016,Otago/Southland,Business services,224.32
1/12/2016,Otago/Southland,Clerical and Administrative Workers,246.5
1/12/2016,Otago/Southland,Community and Personal Service Workers,317.5
1/12/2016,Otago/Southland,Construction,347.36
1/12/2016,Otago/Southland,Education,109.46
1/12/2016,Otago/Southland,Health care,194.85
1/12/2016,Otago/Southland,Highly-Skilled,192.01
1/12/2016,Otago/Southland,Hospitality,306.1
1/12/2016,Otago/Southland,IT,125.81
1/12/2016,Otago/Southland,Labourers,376.3
1/12/2016,Otago/Southland,Low-Skilled,253.59
1/12/2016,Otago/Southland,Machinery Operators and Drivers,304
1/12/2016,Otago/Southland,Managers,193
1/12/2016,Otago/Southland,Manufacturing,282.5
1/12/2016,Otago/Southland,Other,361.9
1/12/2016,Otago/Southland,Primary,172.48
1/12/2016,Otago/Southland,Professionals,159.2
1/12/2016,Otago/Southland,Sales,188.44
1/12/2016,Otago/Southland,Sales Workers,195.5
1/12/2016,Otago/Southland,Semi-Skilled,367.16
1/12/2016,Otago/Southland,Skilled,197.4
1/12/2016,Otago/Southland,SkilledIndex,217.6
1/12/2016,Otago/Southland,Technicians and Trades Workers,328.9
1/12/2016,Otago/Southland,Unskilled,282.79
1/12/2016,Otago/Southland,UnskilledIndex,262.7
1/12/2016,Tasman/Nelson/Marlborough/West Coast,Business services,183.91
1/12/2016,Tasman/Nelson/Marlborough/West Coast,Clerical and Administrative Workers,207.5
1/12/2016,Tasman/Nelson/Marlborough/West Coast,Community and Personal Service Workers,252.8
1/12/2016,Tasman/Nelson/Marlborough/West Coast,Construction,230.93
1/12/2016,Tasman/Nelson/Marlborough/West Coast,Education,93.48
1/12/2016,Tasman/Nelson/Marlborough/West Coast,Health care,237.11
1/12/2016,Tasman/Nelson/Marlborough/West Coast,Highly-Skilled,171.86
1/12/2016,Tasman/Nelson/Marlborough/West Coast,Hospitality,224.52
1/12/2016,Tasman/Nelson/Marlborough/West Coast,IT,50
1/12/2016,Tasman/Nelson/Marlborough/West Coast,Labourers,294.7
1/12/2016,Tasman/Nelson/Marlborough/West Coast,Low-Skilled,233.88
1/12/2016,Tasman/Nelson/Marlborough/West Coast,Machinery Operators and Drivers,208.5
1/12/2016,Tasman/Nelson/Marlborough/West Coast,Managers,180.5
1/12/2016,Tasman/Nelson/Marlborough/West Coast,Manufacturing,350
1/12/2016,Tasman/Nelson/Marlborough/West Coast,Other,301.32
1/12/2016,Tasman/Nelson/Marlborough/West Coast,Primary,198.92
1/12/2016,Tasman/Nelson/Marlborough/West Coast,Professionals,124.9
1/12/2016,Tasman/Nelson/Marlborough/West Coast,Sales,173.21
1/12/2016,Tasman/Nelson/Marlborough/West Coast,Sales Workers,201.7
1/12/2016,Tasman/Nelson/Marlborough/West Coast,Semi-Skilled,268.64
1/12/2016,Tasman/Nelson/Marlborough/West Coast,Skilled,139.64
1/12/2016,Tasman/Nelson/Marlborough/West Coast,SkilledIndex,169.5
1/12/2016,Tasman/Nelson/Marlborough/West Coast,Technicians and Trades Workers,244.9
1/12/2016,Tasman/Nelson/Marlborough/West Coast,Unskilled,235.19
1/12/2016,Tasman/Nelson/Marlborough/West Coast,UnskilledIndex,234.3
1/12/2016,Totals,Auckland,176.93
1/12/2016,Totals,Bay of Plenty,230.4
1/12/2016,Totals,Business services,153.35
1/12/2016,Totals,Canterbury,192.01
1/12/2016,Totals,Clerical and Administrative Workers,161.6
1/12/2016,Totals,Community and Personal Service Workers,212.2
1/12/2016,Totals,Construction,281.66
1/12/2016,Totals,Education,117.66
1/12/2016,Totals,Gisborne/Hawkes Bay,184.49
1/12/2016,Totals,Health care,148.16
1/12/2016,Totals,Highly-Skilled,143.63
1/12/2016,Totals,Hospitality,212.05
1/12/2016,Totals,IT,85.73
1/12/2016,Totals,Labourers,332.1
1/12/2016,Totals,Low-Skilled,192.74
1/12/2016,Totals,Machinery Operators and Drivers,308.1
1/12/2016,Totals,Managers,158.5
1/12/2016,Totals,Manawatu-Whanganui/Taranaki,156.13
1/12/2016,Totals,Manufacturing,238.95
1/12/2016,Totals,Northland,172.97
1/12/2016,Totals,Otago/Southland,229.1
1/12/2016,Totals,Other,246.48
1/12/2016,Totals,Primary,217.09
1/12/2016,Totals,Professionals,135
1/12/2016,Totals,Sales,153.08
1/12/2016,Totals,Sales Workers,171.6
1/12/2016,Totals,Semi-Skilled,303.09
1/12/2016,Totals,Skilled,165.87
1/12/2016,Totals,SkilledIndex,163.7
1/12/2016,Totals,Tasman/Nelson/Marlborough/West Coast,191.83
1/12/2016,Totals,Technicians and Trades Workers,266.3
1/12/2016,Totals,TotalsIndex,172.55
1/12/2016,Totals,Unskilled,235.27
1/12/2016,Totals,UnskilledIndex,203.4
1/12/2016,Totals,Waikato,176.9
1/12/2016,Totals,Wellington,122.36
1/12/2016,Waikato,Business services,165.03
1/12/2016,Waikato,Clerical and Administrative Workers,185.2
1/12/2016,Waikato,Community and Personal Service Workers,201.8
1/12/2016,Waikato,Construction,242.76
1/12/2016,Waikato,Education,106.45
1/12/2016,Waikato,Health care,168.58
1/12/2016,Waikato,Highly-Skilled,149.84
1/12/2016,Waikato,Hospitality,194.2
1/12/2016,Waikato,IT,94.97
1/12/2016,Waikato,Labourers,327.9
1/12/2016,Waikato,Low-Skilled,207.55
1/12/2016,Waikato,Machinery Operators and Drivers,252.6
1/12/2016,Waikato,Managers,153.7
1/12/2016,Waikato,Manufacturing,223.79
1/12/2016,Waikato,Other,255.03
1/12/2016,Waikato,Primary,246.32
1/12/2016,Waikato,Professionals,131.9
1/12/2016,Waikato,Sales,136.36
1/12/2016,Waikato,Sales Workers,160.1
1/12/2016,Waikato,Semi-Skilled,286.14
1/12/2016,Waikato,Skilled,152.28
1/12/2016,Waikato,SkilledIndex,167.4
1/12/2016,Waikato,Technicians and Trades Workers,255.8
1/12/2016,Waikato,Unskilled,202.96
1/12/2016,Waikato,UnskilledIndex,206.2
1/12/2016,Wellington,Business services,121.79
1/12/2016,Wellington,Clerical and Administrative Workers,114.1
1/12/2016,Wellington,Community and Personal Service Workers,173.2
1/12/2016,Wellington,Construction,237.47
1/12/2016,Wellington,Education,97.66
1/12/2016,Wellington,Health care,128.35
1/12/2016,Wellington,Highly-Skilled,101.04
1/12/2016,Wellington,Hospitality,176.38
1/12/2016,Wellington,IT,64.24
1/12/2016,Wellington,Labourers,316
1/12/2016,Wellington,Low-Skilled,147.32
1/12/2016,Wellington,Machinery Operators and Drivers,312.6
1/12/2016,Wellington,Managers,107.8
1/12/2016,Wellington,Manufacturing,173.57
1/12/2016,Wellington,Other,147.56
1/12/2016,Wellington,Primary,171.64
1/12/2016,Wellington,Professionals,96.8
1/12/2016,Wellington,Sales,108.35
1/12/2016,Wellington,Sales Workers,131.6
1/12/2016,Wellington,Semi-Skilled,235.52
1/12/2016,Wellington,Skilled,121.61
1/12/2016,Wellington,SkilledIndex,113.3
1/12/2016,Wellington,Technicians and Trades Workers,187
1/12/2016,Wellington,Unskilled,196.89
1/12/2016,Wellington,UnskilledIndex,160.2
1/03/2017,Auckland,Business services,188.14
1/03/2017,Auckland,Clerical and Administrative Workers,212
1/03/2017,Auckland,Community and Personal Service Workers,295.9
1/03/2017,Auckland,Construction,365.56
1/03/2017,Auckland,Education,126.37
1/03/2017,Auckland,Health care,163.92
1/03/2017,Auckland,Highly-Skilled,169.91
1/03/2017,Auckland,Hospitality,288.19
1/03/2017,Auckland,IT,95.96
1/03/2017,Auckland,Labourers,470.4
1/03/2017,Auckland,Low-Skilled,246.27
1/03/2017,Auckland,Machinery Operators and Drivers,402
1/03/2017,Auckland,Managers,194.9
1/03/2017,Auckland,Manufacturing,296.09
1/03/2017,Auckland,Other,402.17
1/03/2017,Auckland,Primary,234.69
1/03/2017,Auckland,Professionals,151.4
1/03/2017,Auckland,Sales,201.6
1/03/2017,Auckland,Sales Workers,230.9
1/03/2017,Auckland,Semi-Skilled,382.84
1/03/2017,Auckland,Skilled,215.98
1/03/2017,Auckland,SkilledIndex,195.5
1/03/2017,Auckland,Technicians and Trades Workers,354.3
1/03/2017,Auckland,Unskilled,331.96
1/03/2017,Auckland,UnskilledIndex,264.2
1/03/2017,Bay of Plenty,Business services,304.53
1/03/2017,Bay of Plenty,Clerical and Administrative Workers,281.1
1/03/2017,Bay of Plenty,Community and Personal Service Workers,202.8
1/03/2017,Bay of Plenty,Construction,383.56
1/03/2017,Bay of Plenty,Education,79.67
1/03/2017,Bay of Plenty,Health care,196.96
1/03/2017,Bay of Plenty,Highly-Skilled,252.45
1/03/2017,Bay of Plenty,Hospitality,217.73
1/03/2017,Bay of Plenty,IT,154.22
1/03/2017,Bay of Plenty,Labourers,540.8
1/03/2017,Bay of Plenty,Low-Skilled,295.56
1/03/2017,Bay of Plenty,Machinery Operators and Drivers,489.6
1/03/2017,Bay of Plenty,Managers,247.8
1/03/2017,Bay of Plenty,Manufacturing,428.34
1/03/2017,Bay of Plenty,Other,450
1/03/2017,Bay of Plenty,Primary,518.18
1/03/2017,Bay of Plenty,Professionals,183.2
1/03/2017,Bay of Plenty,Sales,207.84
1/03/2017,Bay of Plenty,Sales Workers,222.4
1/03/2017,Bay of Plenty,Semi-Skilled,442.42
1/03/2017,Bay of Plenty,Skilled,172.35
1/03/2017,Bay of Plenty,SkilledIndex,249.9
1/03/2017,Bay of Plenty,Technicians and Trades Workers,372.7
1/03/2017,Bay of Plenty,Unskilled,327.26
1/03/2017,Bay of Plenty,UnskilledIndex,304.8
1/03/2017,Canterbury,Business services,193.93
1/03/2017,Canterbury,Clerical and Administrative Workers,188.9
1/03/2017,Canterbury,Community and Personal Service Workers,191.8
1/03/2017,Canterbury,Construction,349.11
1/03/2017,Canterbury,Education,86
1/03/2017,Canterbury,Health care,185.11
1/03/2017,Canterbury,Highly-Skilled,194.32
1/03/2017,Canterbury,Hospitality,170.98
1/03/2017,Canterbury,IT,120.34
1/03/2017,Canterbury,Labourers,350.3
1/03/2017,Canterbury,Low-Skilled,237
1/03/2017,Canterbury,Machinery Operators and Drivers,418.1
1/03/2017,Canterbury,Managers,206.8
1/03/2017,Canterbury,Manufacturing,335.52
1/03/2017,Canterbury,Other,473.95
1/03/2017,Canterbury,Primary,225.93
1/03/2017,Canterbury,Professionals,159.7
1/03/2017,Canterbury,Sales,174.73
1/03/2017,Canterbury,Sales Workers,193.9
1/03/2017,Canterbury,Semi-Skilled,415.46
1/03/2017,Canterbury,Skilled,163.85
1/03/2017,Canterbury,SkilledIndex,213.4
1/03/2017,Canterbury,Technicians and Trades Workers,342.7
1/03/2017,Canterbury,Unskilled,241.61
1/03/2017,Canterbury,UnskilledIndex,238.4
1/03/2017,Gisborne/Hawkes Bay,Business services,303.55
1/03/2017,Gisborne/Hawkes Bay,Clerical and Administrative Workers,330.1
1/03/2017,Gisborne/Hawkes Bay,Community and Personal Service Workers,242.6
1/03/2017,Gisborne/Hawkes Bay,Construction,250.38
1/03/2017,Gisborne/Hawkes Bay,Education,88.98
1/03/2017,Gisborne/Hawkes Bay,Health care,174.33
1/03/2017,Gisborne/Hawkes Bay,Highly-Skilled,207.36
1/03/2017,Gisborne/Hawkes Bay,Hospitality,215.2
1/03/2017,Gisborne/Hawkes Bay,IT,144.44
1/03/2017,Gisborne/Hawkes Bay,Labourers,298.9
1/03/2017,Gisborne/Hawkes Bay,Low-Skilled,248.25
1/03/2017,Gisborne/Hawkes Bay,Machinery Operators and Drivers,339.1
1/03/2017,Gisborne/Hawkes Bay,Managers,277.6
1/03/2017,Gisborne/Hawkes Bay,Manufacturing,330.65
1/03/2017,Gisborne/Hawkes Bay,Other,328.95
1/03/2017,Gisborne/Hawkes Bay,Primary,295.24
1/03/2017,Gisborne/Hawkes Bay,Professionals,129.3
1/03/2017,Gisborne/Hawkes Bay,Sales,250.5
1/03/2017,Gisborne/Hawkes Bay,Sales Workers,222.2
1/03/2017,Gisborne/Hawkes Bay,Semi-Skilled,310.81
1/03/2017,Gisborne/Hawkes Bay,Skilled,154.59
1/03/2017,Gisborne/Hawkes Bay,SkilledIndex,203.7
1/03/2017,Gisborne/Hawkes Bay,Technicians and Trades Workers,254.8
1/03/2017,Gisborne/Hawkes Bay,Unskilled,290.4
1/03/2017,Gisborne/Hawkes Bay,UnskilledIndex,259.7
1/03/2017,Manawatu-Whanganui/Taranaki,Business services,231.09
1/03/2017,Manawatu-Whanganui/Taranaki,Clerical and Administrative Workers,200.3
1/03/2017,Manawatu-Whanganui/Taranaki,Community and Personal Service Workers,257.6
1/03/2017,Manawatu-Whanganui/Taranaki,Construction,184.19
1/03/2017,Manawatu-Whanganui/Taranaki,Education,98.64
1/03/2017,Manawatu-Whanganui/Taranaki,Health care,195.38
1/03/2017,Manawatu-Whanganui/Taranaki,Highly-Skilled,185.52
1/03/2017,Manawatu-Whanganui/Taranaki,Hospitality,230.83
1/03/2017,Manawatu-Whanganui/Taranaki,IT,137.65
1/03/2017,Manawatu-Whanganui/Taranaki,Labourers,383.3
1/03/2017,Manawatu-Whanganui/Taranaki,Low-Skilled,233.55
1/03/2017,Manawatu-Whanganui/Taranaki,Machinery Operators and Drivers,258.7
1/03/2017,Manawatu-Whanganui/Taranaki,Managers,184.2
1/03/2017,Manawatu-Whanganui/Taranaki,Manufacturing,227.39
1/03/2017,Manawatu-Whanganui/Taranaki,Other,265.56
1/03/2017,Manawatu-Whanganui/Taranaki,Primary,254.29
1/03/2017,Manawatu-Whanganui/Taranaki,Professionals,129.3
1/03/2017,Manawatu-Whanganui/Taranaki,Sales,181.69
1/03/2017,Manawatu-Whanganui/Taranaki,Sales Workers,194.9
1/03/2017,Manawatu-Whanganui/Taranaki,Semi-Skilled,280.6
1/03/2017,Manawatu-Whanganui/Taranaki,Skilled,114.46
1/03/2017,Manawatu-Whanganui/Taranaki,SkilledIndex,168.9
1/03/2017,Manawatu-Whanganui/Taranaki,Technicians and Trades Workers,229.3
1/03/2017,Manawatu-Whanganui/Taranaki,Unskilled,258.52
1/03/2017,Manawatu-Whanganui/Taranaki,UnskilledIndex,240.6
1/03/2017,Northland,Business services,181.54
1/03/2017,Northland,Clerical and Administrative Workers,251
1/03/2017,Northland,Community and Personal Service Workers,319.8
1/03/2017,Northland,Construction,322.97
1/03/2017,Northland,Education,84.02
1/03/2017,Northland,Health care,161.34
1/03/2017,Northland,Highly-Skilled,196.1
1/03/2017,Northland,Hospitality,284.48
1/03/2017,Northland,IT,78.57
1/03/2017,Northland,Labourers,350
1/03/2017,Northland,Low-Skilled,287.52
1/03/2017,Northland,Machinery Operators and Drivers,430
1/03/2017,Northland,Managers,252.5
1/03/2017,Northland,Manufacturing,357.14
1/03/2017,Northland,Other,720.59
1/03/2017,Northland,Primary,353.85
1/03/2017,Northland,Professionals,124.4
1/03/2017,Northland,Sales,189.23
1/03/2017,Northland,Sales Workers,184.8
1/03/2017,Northland,Semi-Skilled,298.91
1/03/2017,Northland,Skilled,128.67
1/03/2017,Northland,SkilledIndex,181.6
1/03/2017,Northland,Technicians and Trades Workers,297.6
1/03/2017,Northland,Unskilled,278.57
1/03/2017,Northland,UnskilledIndex,285.1
1/03/2017,Otago/Southland,Business services,252.05
1/03/2017,Otago/Southland,Clerical and Administrative Workers,304.7
1/03/2017,Otago/Southland,Community and Personal Service Workers,393.5
1/03/2017,Otago/Southland,Construction,438.79
1/03/2017,Otago/Southland,Education,85.17
1/03/2017,Otago/Southland,Health care,239.95
1/03/2017,Otago/Southland,Highly-Skilled,225.56
1/03/2017,Otago/Southland,Hospitality,321.54
1/03/2017,Otago/Southland,IT,124.73
1/03/2017,Otago/Southland,Labourers,492.8
1/03/2017,Otago/Southland,Low-Skilled,316.88
1/03/2017,Otago/Southland,Machinery Operators and Drivers,335.6
1/03/2017,Otago/Southland,Managers,253.6
1/03/2017,Otago/Southland,Manufacturing,342.5
1/03/2017,Otago/Southland,Other,528.57
1/03/2017,Otago/Southland,Primary,240.37
1/03/2017,Otago/Southland,Professionals,157.6
1/03/2017,Otago/Southland,Sales,230.61
1/03/2017,Otago/Southland,Sales Workers,236.9
1/03/2017,Otago/Southland,Semi-Skilled,464.71
1/03/2017,Otago/Southland,Skilled,200.93
1/03/2017,Otago/Southland,SkilledIndex,249.1
1/03/2017,Otago/Southland,Technicians and Trades Workers,400.6
1/03/2017,Otago/Southland,Unskilled,346.51
1/03/2017,Otago/Southland,UnskilledIndex,326.1
1/03/2017,Tasman/Nelson/Marlborough/West Coast,Business services,247.7
1/03/2017,Tasman/Nelson/Marlborough/West Coast,Clerical and Administrative Workers,326.9
1/03/2017,Tasman/Nelson/Marlborough/West Coast,Community and Personal Service Workers,273.4
1/03/2017,Tasman/Nelson/Marlborough/West Coast,Construction,313.98
1/03/2017,Tasman/Nelson/Marlborough/West Coast,Education,62.61
1/03/2017,Tasman/Nelson/Marlborough/West Coast,Health care,237.67
1/03/2017,Tasman/Nelson/Marlborough/West Coast,Highly-Skilled,190.52
1/03/2017,Tasman/Nelson/Marlborough/West Coast,Hospitality,201.29
1/03/2017,Tasman/Nelson/Marlborough/West Coast,IT,200
1/03/2017,Tasman/Nelson/Marlborough/West Coast,Labourers,395.1
1/03/2017,Tasman/Nelson/Marlborough/West Coast,Low-Skilled,320.4
1/03/2017,Tasman/Nelson/Marlborough/West Coast,Machinery Operators and Drivers,382.6
1/03/2017,Tasman/Nelson/Marlborough/West Coast,Managers,190.4
1/03/2017,Tasman/Nelson/Marlborough/West Coast,Manufacturing,581.52
1/03/2017,Tasman/Nelson/Marlborough/West Coast,Other,327.63
1/03/2017,Tasman/Nelson/Marlborough/West Coast,Primary,237.63
1/03/2017,Tasman/Nelson/Marlborough/West Coast,Professionals,124.4
1/03/2017,Tasman/Nelson/Marlborough/West Coast,Sales,198.66
1/03/2017,Tasman/Nelson/Marlborough/West Coast,Sales Workers,202.6
1/03/2017,Tasman/Nelson/Marlborough/West Coast,Semi-Skilled,350.85
1/03/2017,Tasman/Nelson/Marlborough/West Coast,Skilled,137.77
1/03/2017,Tasman/Nelson/Marlborough/West Coast,SkilledIndex,186.9
1/03/2017,Tasman/Nelson/Marlborough/West Coast,Technicians and Trades Workers,287.9
1/03/2017,Tasman/Nelson/Marlborough/West Coast,Unskilled,286.55
1/03/2017,Tasman/Nelson/Marlborough/West Coast,UnskilledIndex,310.3
1/03/2017,Totals,Auckland,211.34
1/03/2017,Totals,Bay of Plenty,268.25
1/03/2017,Totals,Business services,190.78
1/03/2017,Totals,Canterbury,221.33
1/03/2017,Totals,Clerical and Administrative Workers,210.2
1/03/2017,Totals,Community and Personal Service Workers,260.9
1/03/2017,Totals,Construction,333.66
1/03/2017,Totals,Education,100.28
1/03/2017,Totals,Gisborne/Hawkes Bay,218.47
1/03/2017,Totals,Health care,176.75
1/03/2017,Totals,Highly-Skilled,166.51
1/03/2017,Totals,Hospitality,241.64
1/03/2017,Totals,IT,90.91
1/03/2017,Totals,Labourers,422.8
1/03/2017,Totals,Low-Skilled,246.91
1/03/2017,Totals,Machinery Operators and Drivers,383.7
1/03/2017,Totals,Managers,185.6
1/03/2017,Totals,Manawatu-Whanganui/Taranaki,187.76
1/03/2017,Totals,Manufacturing,307.43
1/03/2017,Totals,Northland,213.23
1/03/2017,Totals,Otago/Southland,270.95
1/03/2017,Totals,Other,350.84
1/03/2017,Totals,Primary,267.37
1/03/2017,Totals,Professionals,144.8
1/03/2017,Totals,Sales,189.75
1/03/2017,Totals,Sales Workers,213.4
1/03/2017,Totals,Semi-Skilled,371.86
1/03/2017,Totals,Skilled,177.3
1/03/2017,Totals,SkilledIndex,187.7
1/03/2017,Totals,Tasman/Nelson/Marlborough/West Coast,227.61
1/03/2017,Totals,Technicians and Trades Workers,323.4
1/03/2017,Totals,TotalsIndex,206.25
1/03/2017,Totals,Unskilled,290.92
1/03/2017,Totals,UnskilledIndex,257.9
1/03/2017,Totals,Waikato,216.95
1/03/2017,Totals,Wellington,149.52
1/03/2017,Waikato,Business services,209.64
1/03/2017,Waikato,Clerical and Administrative Workers,248
1/03/2017,Waikato,Community and Personal Service Workers,256.7
1/03/2017,Waikato,Construction,291.56
1/03/2017,Waikato,Education,88.82
1/03/2017,Waikato,Health care,189.52
1/03/2017,Waikato,Highly-Skilled,171.66
1/03/2017,Waikato,Hospitality,241.07
1/03/2017,Waikato,IT,103.02
1/03/2017,Waikato,Labourers,425
1/03/2017,Waikato,Low-Skilled,280.43
1/03/2017,Waikato,Machinery Operators and Drivers,332.7
1/03/2017,Waikato,Managers,189.3
1/03/2017,Waikato,Manufacturing,302.57
1/03/2017,Waikato,Other,358.73
1/03/2017,Waikato,Primary,348.42
1/03/2017,Waikato,Professionals,130
1/03/2017,Waikato,Sales,179.39
1/03/2017,Waikato,Sales Workers,212
1/03/2017,Waikato,Semi-Skilled,384.16
1/03/2017,Waikato,Skilled,160.63
1/03/2017,Waikato,SkilledIndex,194.2
1/03/2017,Waikato,Technicians and Trades Workers,340.8
1/03/2017,Waikato,Unskilled,255.26
1/03/2017,Waikato,UnskilledIndex,273
1/03/2017,Wellington,Business services,155.98
1/03/2017,Wellington,Clerical and Administrative Workers,155.7
1/03/2017,Wellington,Community and Personal Service Workers,222.1
1/03/2017,Wellington,Construction,277.14
1/03/2017,Wellington,Education,92.98
1/03/2017,Wellington,Health care,164.16
1/03/2017,Wellington,Highly-Skilled,120
1/03/2017,Wellington,Hospitality,200.19
1/03/2017,Wellington,IT,71.29
1/03/2017,Wellington,Labourers,387.9
1/03/2017,Wellington,Low-Skilled,193.41
1/03/2017,Wellington,Machinery Operators and Drivers,353.7
1/03/2017,Wellington,Managers,127.4
1/03/2017,Wellington,Manufacturing,225.61
1/03/2017,Wellington,Other,199.74
1/03/2017,Wellington,Primary,185.07
1/03/2017,Wellington,Professionals,112.1
1/03/2017,Wellington,Sales,147.86
1/03/2017,Wellington,Sales Workers,176.2
1/03/2017,Wellington,Semi-Skilled,287.32
1/03/2017,Wellington,Skilled,144.82
1/03/2017,Wellington,SkilledIndex,135.1
1/03/2017,Wellington,Technicians and Trades Workers,228
1/03/2017,Wellington,Unskilled,240.23
1/03/2017,Wellington,UnskilledIndex,205.5
1/06/2017,Auckland,Business services,187.91
1/06/2017,Auckland,Clerical and Administrative Workers,203.1
1/06/2017,Auckland,Community and Personal Service Workers,292.5
1/06/2017,Auckland,Construction,379.61
1/06/2017,Auckland,Education,123.44
1/06/2017,Auckland,Health care,153.62
1/06/2017,Auckland,Highly-Skilled,174.02
1/06/2017,Auckland,Hospitality,266.22
1/06/2017,Auckland,IT,94.48
1/06/2017,Auckland,Labourers,483.1
1/06/2017,Auckland,Low-Skilled,245.08
1/06/2017,Auckland,Machinery Operators and Drivers,425.7
1/06/2017,Auckland,Managers,196.6
1/06/2017,Auckland,Manufacturing,306.29
1/06/2017,Auckland,Other,389.95
1/06/2017,Auckland,Primary,255.1
1/06/2017,Auckland,Professionals,154.7
1/06/2017,Auckland,Sales,204.02
1/06/2017,Auckland,Sales Workers,221
1/06/2017,Auckland,Semi-Skilled,396.6
1/06/2017,Auckland,Skilled,212.04
1/06/2017,Auckland,SkilledIndex,198.6
1/06/2017,Auckland,Technicians and Trades Workers,364
1/06/2017,Auckland,Unskilled,318.34
1/06/2017,Auckland,UnskilledIndex,260.4
1/06/2017,Bay of Plenty,Business services,320.38
1/06/2017,Bay of Plenty,Clerical and Administrative Workers,280.3
1/06/2017,Bay of Plenty,Community and Personal Service Workers,188.8
1/06/2017,Bay of Plenty,Construction,391.78
1/06/2017,Bay of Plenty,Education,85.57
1/06/2017,Bay of Plenty,Health care,195.32
1/06/2017,Bay of Plenty,Highly-Skilled,248.91
1/06/2017,Bay of Plenty,Hospitality,166.01
1/06/2017,Bay of Plenty,IT,132.53
1/06/2017,Bay of Plenty,Labourers,503.1
1/06/2017,Bay of Plenty,Low-Skilled,279.72
1/06/2017,Bay of Plenty,Machinery Operators and Drivers,455.2
1/06/2017,Bay of Plenty,Managers,243.2
1/06/2017,Bay of Plenty,Manufacturing,397.33
1/06/2017,Bay of Plenty,Other,397.12
1/06/2017,Bay of Plenty,Primary,461.36
1/06/2017,Bay of Plenty,Professionals,181.3
1/06/2017,Bay of Plenty,Sales,205.14
1/06/2017,Bay of Plenty,Sales Workers,227.9
1/06/2017,Bay of Plenty,Semi-Skilled,427.27
1/06/2017,Bay of Plenty,Skilled,166.51
1/06/2017,Bay of Plenty,SkilledIndex,243.9
1/06/2017,Bay of Plenty,Technicians and Trades Workers,358.3
1/06/2017,Bay of Plenty,Unskilled,326.77
1/06/2017,Bay of Plenty,UnskilledIndex,293.4
1/06/2017,Canterbury,Business services,212.05
1/06/2017,Canterbury,Clerical and Administrative Workers,201
1/06/2017,Canterbury,Community and Personal Service Workers,186.4
1/06/2017,Canterbury,Construction,359.62
1/06/2017,Canterbury,Education,94.06
1/06/2017,Canterbury,Health care,188.63
1/06/2017,Canterbury,Highly-Skilled,208.8
1/06/2017,Canterbury,Hospitality,153.38
1/06/2017,Canterbury,IT,115.22
1/06/2017,Canterbury,Labourers,337.9
1/06/2017,Canterbury,Low-Skilled,238.88
1/06/2017,Canterbury,Machinery Operators and Drivers,429.9
1/06/2017,Canterbury,Managers,205
1/06/2017,Canterbury,Manufacturing,331.26
1/06/2017,Canterbury,Other,498.14
1/06/2017,Canterbury,Primary,279.63
1/06/2017,Canterbury,Professionals,177.3
1/06/2017,Canterbury,Sales,174.03
1/06/2017,Canterbury,Sales Workers,177.5
1/06/2017,Canterbury,Semi-Skilled,424.03
1/06/2017,Canterbury,Skilled,163.71
1/06/2017,Canterbury,SkilledIndex,222.8
1/06/2017,Canterbury,Technicians and Trades Workers,346.8
1/06/2017,Canterbury,Unskilled,231.97
1/06/2017,Canterbury,UnskilledIndex,236.9
1/06/2017,Gisborne/Hawkes Bay,Business services,305.67
1/06/2017,Gisborne/Hawkes Bay,Clerical and Administrative Workers,315.9
1/06/2017,Gisborne/Hawkes Bay,Community and Personal Service Workers,169.9
1/06/2017,Gisborne/Hawkes Bay,Construction,223.11
1/06/2017,Gisborne/Hawkes Bay,Education,48.98
1/06/2017,Gisborne/Hawkes Bay,Health care,139.54
1/06/2017,Gisborne/Hawkes Bay,Highly-Skilled,197.99
1/06/2017,Gisborne/Hawkes Bay,Hospitality,160.8
1/06/2017,Gisborne/Hawkes Bay,IT,211.11
1/06/2017,Gisborne/Hawkes Bay,Labourers,271.4
1/06/2017,Gisborne/Hawkes Bay,Low-Skilled,207.18
1/06/2017,Gisborne/Hawkes Bay,Machinery Operators and Drivers,281.2
1/06/2017,Gisborne/Hawkes Bay,Managers,270.1
1/06/2017,Gisborne/Hawkes Bay,Manufacturing,275
1/06/2017,Gisborne/Hawkes Bay,Other,355.26
1/06/2017,Gisborne/Hawkes Bay,Primary,306.35
1/06/2017,Gisborne/Hawkes Bay,Professionals,117
1/06/2017,Gisborne/Hawkes Bay,Sales,233.5
1/06/2017,Gisborne/Hawkes Bay,Sales Workers,195.2
1/06/2017,Gisborne/Hawkes Bay,Semi-Skilled,288.51
1/06/2017,Gisborne/Hawkes Bay,Skilled,125.23
1/06/2017,Gisborne/Hawkes Bay,SkilledIndex,184.9
1/06/2017,Gisborne/Hawkes Bay,Technicians and Trades Workers,230.7
1/06/2017,Gisborne/Hawkes Bay,Unskilled,269.6
1/06/2017,Gisborne/Hawkes Bay,UnskilledIndex,224.1
1/06/2017,Manawatu-Whanganui/Taranaki,Business services,204.49
1/06/2017,Manawatu-Whanganui/Taranaki,Clerical and Administrative Workers,203.1
1/06/2017,Manawatu-Whanganui/Taranaki,Community and Personal Service Workers,249.4
1/06/2017,Manawatu-Whanganui/Taranaki,Construction,195.81
1/06/2017,Manawatu-Whanganui/Taranaki,Education,90.51
1/06/2017,Manawatu-Whanganui/Taranaki,Health care,193.76
1/06/2017,Manawatu-Whanganui/Taranaki,Highly-Skilled,184.67
1/06/2017,Manawatu-Whanganui/Taranaki,Hospitality,184.21
1/06/2017,Manawatu-Whanganui/Taranaki,IT,136.47
1/06/2017,Manawatu-Whanganui/Taranaki,Labourers,406
1/06/2017,Manawatu-Whanganui/Taranaki,Low-Skilled,244.3
1/06/2017,Manawatu-Whanganui/Taranaki,Machinery Operators and Drivers,257.7
1/06/2017,Manawatu-Whanganui/Taranaki,Managers,174.3
1/06/2017,Manawatu-Whanganui/Taranaki,Manufacturing,233.91
1/06/2017,Manawatu-Whanganui/Taranaki,Other,290.07
1/06/2017,Manawatu-Whanganui/Taranaki,Primary,315.71
1/06/2017,Manawatu-Whanganui/Taranaki,Professionals,130.5
1/06/2017,Manawatu-Whanganui/Taranaki,Sales,156.63
1/06/2017,Manawatu-Whanganui/Taranaki,Sales Workers,154.9
1/06/2017,Manawatu-Whanganui/Taranaki,Semi-Skilled,280.6
1/06/2017,Manawatu-Whanganui/Taranaki,Skilled,104.08
1/06/2017,Manawatu-Whanganui/Taranaki,SkilledIndex,164.4
1/06/2017,Manawatu-Whanganui/Taranaki,Technicians and Trades Workers,238.9
1/06/2017,Manawatu-Whanganui/Taranaki,Unskilled,239.33
1/06/2017,Manawatu-Whanganui/Taranaki,UnskilledIndex,242.9
1/06/2017,Northland,Business services,182.31
1/06/2017,Northland,Clerical and Administrative Workers,256.7
1/06/2017,Northland,Community and Personal Service Workers,289.8
1/06/2017,Northland,Construction,307.43
1/06/2017,Northland,Education,60.27
1/06/2017,Northland,Health care,188.01
1/06/2017,Northland,Highly-Skilled,225.63
1/06/2017,Northland,Hospitality,210.34
1/06/2017,Northland,IT,192.86
1/06/2017,Northland,Labourers,335.7
1/06/2017,Northland,Low-Skilled,276.89
1/06/2017,Northland,Machinery Operators and Drivers,410
1/06/2017,Northland,Managers,252.5
1/06/2017,Northland,Manufacturing,392.86
1/06/2017,Northland,Other,791.18
1/06/2017,Northland,Primary,300
1/06/2017,Northland,Professionals,135.1
1/06/2017,Northland,Sales,183.85
1/06/2017,Northland,Sales Workers,181.5
1/06/2017,Northland,Semi-Skilled,301.09
1/06/2017,Northland,Skilled,112.63
1/06/2017,Northland,SkilledIndex,189.3
1/06/2017,Northland,Technicians and Trades Workers,290.5
1/06/2017,Northland,Unskilled,240
1/06/2017,Northland,UnskilledIndex,266.9
1/06/2017,Otago/Southland,Business services,259.25
1/06/2017,Otago/Southland,Clerical and Administrative Workers,280.3
1/06/2017,Otago/Southland,Community and Personal Service Workers,293.5
1/06/2017,Otago/Southland,Construction,432.49
1/06/2017,Otago/Southland,Education,71.92
1/06/2017,Otago/Southland,Health care,214.56
1/06/2017,Otago/Southland,Highly-Skilled,216.42
1/06/2017,Otago/Southland,Hospitality,257.32
1/06/2017,Otago/Southland,IT,132.26
1/06/2017,Otago/Southland,Labourers,443.3
1/06/2017,Otago/Southland,Low-Skilled,286.08
1/06/2017,Otago/Southland,Machinery Operators and Drivers,334.7
1/06/2017,Otago/Southland,Managers,221.8
1/06/2017,Otago/Southland,Manufacturing,316.25
1/06/2017,Otago/Southland,Other,494.05
1/06/2017,Otago/Southland,Primary,242.2
1/06/2017,Otago/Southland,Professionals,154.8
1/06/2017,Otago/Southland,Sales,187.76
1/06/2017,Otago/Southland,Sales Workers,210.4
1/06/2017,Otago/Southland,Semi-Skilled,485.29
1/06/2017,Otago/Southland,Skilled,161.15
1/06/2017,Otago/Southland,SkilledIndex,233.1
1/06/2017,Otago/Southland,Technicians and Trades Workers,379.5
1/06/2017,Otago/Southland,Unskilled,288.84
1/06/2017,Otago/Southland,UnskilledIndex,286.9
1/06/2017,Tasman/Nelson/Marlborough/West Coast,Business services,237.36
1/06/2017,Tasman/Nelson/Marlborough/West Coast,Clerical and Administrative Workers,280.8
1/06/2017,Tasman/Nelson/Marlborough/West Coast,Community and Personal Service Workers,252.1
1/06/2017,Tasman/Nelson/Marlborough/West Coast,Construction,319.49
1/06/2017,Tasman/Nelson/Marlborough/West Coast,Education,51.3
1/06/2017,Tasman/Nelson/Marlborough/West Coast,Health care,264.71
1/06/2017,Tasman/Nelson/Marlborough/West Coast,Highly-Skilled,205.49
1/06/2017,Tasman/Nelson/Marlborough/West Coast,Hospitality,187.1
1/06/2017,Tasman/Nelson/Marlborough/West Coast,IT,146.15
1/06/2017,Tasman/Nelson/Marlborough/West Coast,Labourers,366.5
1/06/2017,Tasman/Nelson/Marlborough/West Coast,Low-Skilled,277.94
1/06/2017,Tasman/Nelson/Marlborough/West Coast,Machinery Operators and Drivers,306.6
1/06/2017,Tasman/Nelson/Marlborough/West Coast,Managers,212.5
1/06/2017,Tasman/Nelson/Marlborough/West Coast,Manufacturing,430.43
1/06/2017,Tasman/Nelson/Marlborough/West Coast,Other,394.74
1/06/2017,Tasman/Nelson/Marlborough/West Coast,Primary,212.9
1/06/2017,Tasman/Nelson/Marlborough/West Coast,Professionals,129.5
1/06/2017,Tasman/Nelson/Marlborough/West Coast,Sales,173.66
1/06/2017,Tasman/Nelson/Marlborough/West Coast,Sales Workers,216.4
1/06/2017,Tasman/Nelson/Marlborough/West Coast,Semi-Skilled,367.8
1/06/2017,Tasman/Nelson/Marlborough/West Coast,Skilled,123.26
1/06/2017,Tasman/Nelson/Marlborough/West Coast,SkilledIndex,189.6
1/06/2017,Tasman/Nelson/Marlborough/West Coast,Technicians and Trades Workers,271
1/06/2017,Tasman/Nelson/Marlborough/West Coast,Unskilled,270.92
1/06/2017,Tasman/Nelson/Marlborough/West Coast,UnskilledIndex,275.8
1/06/2017,Totals,Auckland,211.88
1/06/2017,Totals,Bay of Plenty,260.39
1/06/2017,Totals,Business services,192.1
1/06/2017,Totals,Canterbury,226.87
1/06/2017,Totals,Clerical and Administrative Workers,206.2
1/06/2017,Totals,Community and Personal Service Workers,245.6
1/06/2017,Totals,Construction,339.07
1/06/2017,Totals,Education,95.08
1/06/2017,Totals,Gisborne/Hawkes Bay,194
1/06/2017,Totals,Health care,174.64
1/06/2017,Totals,Highly-Skilled,171.1
1/06/2017,Totals,Hospitality,215.19
1/06/2017,Totals,IT,91.73
1/06/2017,Totals,Labourers,417.5
1/06/2017,Totals,Low-Skilled,241.82
1/06/2017,Totals,Machinery Operators and Drivers,384.7
1/06/2017,Totals,Managers,184
1/06/2017,Totals,Manawatu-Whanganui/Taranaki,183
1/06/2017,Totals,Manufacturing,310.21
1/06/2017,Totals,Northland,211.37
1/06/2017,Totals,Otago/Southland,249.57
1/06/2017,Totals,Other,421.72
1/06/2017,Totals,Primary,286.02
1/06/2017,Totals,Professionals,150.1
1/06/2017,Totals,Sales,185.49
1/06/2017,Totals,Sales Workers,201.1
1/06/2017,Totals,Semi-Skilled,376.4
1/06/2017,Totals,Skilled,171.17
1/06/2017,Totals,SkilledIndex,189.6
1/06/2017,Totals,Tasman/Nelson/Marlborough/West Coast,216.11
1/06/2017,Totals,Technicians and Trades Workers,324.3
1/06/2017,Totals,TotalsIndex,207.76
1/06/2017,Totals,Unskilled,277.25
1/06/2017,Totals,UnskilledIndex,250.7
1/06/2017,Totals,Waikato,219
1/06/2017,Totals,Wellington,149.36
1/06/2017,Waikato,Business services,200.38
1/06/2017,Waikato,Clerical and Administrative Workers,247.3
1/06/2017,Waikato,Community and Personal Service Workers,235.9
1/06/2017,Waikato,Construction,299.3
1/06/2017,Waikato,Education,87.96
1/06/2017,Waikato,Health care,205.48
1/06/2017,Waikato,Highly-Skilled,181.69
1/06/2017,Waikato,Hospitality,192.86
1/06/2017,Waikato,IT,89.95
1/06/2017,Waikato,Labourers,411
1/06/2017,Waikato,Low-Skilled,273.72
1/06/2017,Waikato,Machinery Operators and Drivers,343.9
1/06/2017,Waikato,Managers,190.4
1/06/2017,Waikato,Manufacturing,346.3
1/06/2017,Waikato,Other,356.08
1/06/2017,Waikato,Primary,389.47
1/06/2017,Waikato,Professionals,141.5
1/06/2017,Waikato,Sales,176.36
1/06/2017,Waikato,Sales Workers,198.4
1/06/2017,Waikato,Semi-Skilled,361.06
1/06/2017,Waikato,Skilled,164.56
1/06/2017,Waikato,SkilledIndex,198.2
1/06/2017,Waikato,Technicians and Trades Workers,337.7
1/06/2017,Waikato,Unskilled,255.26
1/06/2017,Waikato,UnskilledIndex,268.3
1/06/2017,Wellington,Business services,156.9
1/06/2017,Wellington,Clerical and Administrative Workers,159.4
1/06/2017,Wellington,Community and Personal Service Workers,213.7
1/06/2017,Wellington,Construction,261.54
1/06/2017,Wellington,Education,87.13
1/06/2017,Wellington,Health care,176.1
1/06/2017,Wellington,Highly-Skilled,122.42
1/06/2017,Wellington,Hospitality,198.67
1/06/2017,Wellington,IT,77.56
1/06/2017,Wellington,Labourers,381.4
1/06/2017,Wellington,Low-Skilled,189.71
1/06/2017,Wellington,Machinery Operators and Drivers,322.1
1/06/2017,Wellington,Managers,122
1/06/2017,Wellington,Manufacturing,240.33
1/06/2017,Wellington,Other,199.74
1/06/2017,Wellington,Primary,180.6
1/06/2017,Wellington,Professionals,118.2
1/06/2017,Wellington,Sales,139.77
1/06/2017,Wellington,Sales Workers,167.2
1/06/2017,Wellington,Semi-Skilled,285.31
1/06/2017,Wellington,Skilled,144.88
1/06/2017,Wellington,SkilledIndex,136.8
1/06/2017,Wellington,Technicians and Trades Workers,225.7
1/06/2017,Wellington,Unskilled,229.48
1/06/2017,Wellington,UnskilledIndex,200
1/09/2017,Auckland,Business services,185.72
1/09/2017,Auckland,Clerical and Administrative Workers,206.5
1/09/2017,Auckland,Community and Personal Service Workers,288.1
1/09/2017,Auckland,Construction,380.55
1/09/2017,Auckland,Education,135.1
1/09/2017,Auckland,Health care,172.62
1/09/2017,Auckland,Highly-Skilled,173.02
1/09/2017,Auckland,Hospitality,263.28
1/09/2017,Auckland,IT,101.52
1/09/2017,Auckland,Labourers,511.5
1/09/2017,Auckland,Low-Skilled,258.05
1/09/2017,Auckland,Machinery Operators and Drivers,458.1
1/09/2017,Auckland,Managers,187.5
1/09/2017,Auckland,Manufacturing,317.19
1/09/2017,Auckland,Other,389.54
1/09/2017,Auckland,Primary,247.62
1/09/2017,Auckland,Professionals,160.5
1/09/2017,Auckland,Sales,198.26
1/09/2017,Auckland,Sales Workers,245.8
1/09/2017,Auckland,Semi-Skilled,379.79
1/09/2017,Auckland,Skilled,217.19
1/09/2017,Auckland,SkilledIndex,197.7
1/09/2017,Auckland,Technicians and Trades Workers,355.3
1/09/2017,Auckland,Unskilled,338.5
1/09/2017,Auckland,UnskilledIndex,274.9
1/09/2017,Bay of Plenty,Business services,286.04
1/09/2017,Bay of Plenty,Clerical and Administrative Workers,266.2
1/09/2017,Bay of Plenty,Community and Personal Service Workers,199.1
1/09/2017,Bay of Plenty,Construction,439.73
1/09/2017,Bay of Plenty,Education,91.48
1/09/2017,Bay of Plenty,Health care,227.46
1/09/2017,Bay of Plenty,Highly-Skilled,268.05
1/09/2017,Bay of Plenty,Hospitality,208.37
1/09/2017,Bay of Plenty,IT,165.06
1/09/2017,Bay of Plenty,Labourers,553.1
1/09/2017,Bay of Plenty,Low-Skilled,311.2
1/09/2017,Bay of Plenty,Machinery Operators and Drivers,592.7
1/09/2017,Bay of Plenty,Managers,255.6
1/09/2017,Bay of Plenty,Manufacturing,436.36
1/09/2017,Bay of Plenty,Other,495.19
1/09/2017,Bay of Plenty,Primary,520.45
1/09/2017,Bay of Plenty,Professionals,202.1
1/09/2017,Bay of Plenty,Sales,220.81
1/09/2017,Bay of Plenty,Sales Workers,261.2
1/09/2017,Bay of Plenty,Semi-Skilled,477.27
1/09/2017,Bay of Plenty,Skilled,189.49
1/09/2017,Bay of Plenty,SkilledIndex,268.8
1/09/2017,Bay of Plenty,Technicians and Trades Workers,399.7
1/09/2017,Bay of Plenty,Unskilled,343.38
1/09/2017,Bay of Plenty,UnskilledIndex,320.6
1/09/2017,Canterbury,Business services,206.94
1/09/2017,Canterbury,Clerical and Administrative Workers,201
1/09/2017,Canterbury,Community and Personal Service Workers,188
1/09/2017,Canterbury,Construction,357.57
1/09/2017,Canterbury,Education,114
1/09/2017,Canterbury,Health care,196.54
1/09/2017,Canterbury,Highly-Skilled,208.09
1/09/2017,Canterbury,Hospitality,185.86
1/09/2017,Canterbury,IT,124.53
1/09/2017,Canterbury,Labourers,376.2
1/09/2017,Canterbury,Low-Skilled,261
1/09/2017,Canterbury,Machinery Operators and Drivers,505.3
1/09/2017,Canterbury,Managers,218.7
1/09/2017,Canterbury,Manufacturing,379.22
1/09/2017,Canterbury,Other,546.98
1/09/2017,Canterbury,Primary,334.57
1/09/2017,Canterbury,Professionals,179.9
1/09/2017,Canterbury,Sales,179.38
1/09/2017,Canterbury,Sales Workers,204.2
1/09/2017,Canterbury,Semi-Skilled,430.93
1/09/2017,Canterbury,Skilled,185.67
1/09/2017,Canterbury,SkilledIndex,229.8
1/09/2017,Canterbury,Technicians and Trades Workers,358.1
1/09/2017,Canterbury,Unskilled,250.22
1/09/2017,Canterbury,UnskilledIndex,257.8
1/09/2017,Gisborne/Hawkes Bay,Business services,299.29
1/09/2017,Gisborne/Hawkes Bay,Clerical and Administrative Workers,296.5
1/09/2017,Gisborne/Hawkes Bay,Community and Personal Service Workers,199.3
1/09/2017,Gisborne/Hawkes Bay,Construction,269.7
1/09/2017,Gisborne/Hawkes Bay,Education,58.37
1/09/2017,Gisborne/Hawkes Bay,Health care,153.21
1/09/2017,Gisborne/Hawkes Bay,Highly-Skilled,204.96
1/09/2017,Gisborne/Hawkes Bay,Hospitality,197.6
1/09/2017,Gisborne/Hawkes Bay,IT,144.44
1/09/2017,Gisborne/Hawkes Bay,Labourers,323.9
1/09/2017,Gisborne/Hawkes Bay,Low-Skilled,236.94
1/09/2017,Gisborne/Hawkes Bay,Machinery Operators and Drivers,342
1/09/2017,Gisborne/Hawkes Bay,Managers,249
1/09/2017,Gisborne/Hawkes Bay,Manufacturing,317.74
1/09/2017,Gisborne/Hawkes Bay,Other,298.68
1/09/2017,Gisborne/Hawkes Bay,Primary,400
1/09/2017,Gisborne/Hawkes Bay,Professionals,127.8
1/09/2017,Gisborne/Hawkes Bay,Sales,220.5
1/09/2017,Gisborne/Hawkes Bay,Sales Workers,202.4
1/09/2017,Gisborne/Hawkes Bay,Semi-Skilled,330.41
1/09/2017,Gisborne/Hawkes Bay,Skilled,133.34
1/09/2017,Gisborne/Hawkes Bay,SkilledIndex,197.6
1/09/2017,Gisborne/Hawkes Bay,Technicians and Trades Workers,272.1
1/09/2017,Gisborne/Hawkes Bay,Unskilled,279.2
1/09/2017,Gisborne/Hawkes Bay,UnskilledIndex,248.4
1/09/2017,Manawatu-Whanganui/Taranaki,Business services,205.62
1/09/2017,Manawatu-Whanganui/Taranaki,Clerical and Administrative Workers,200.7
1/09/2017,Manawatu-Whanganui/Taranaki,Community and Personal Service Workers,257.6
1/09/2017,Manawatu-Whanganui/Taranaki,Construction,201.52
1/09/2017,Manawatu-Whanganui/Taranaki,Education,109.76
1/09/2017,Manawatu-Whanganui/Taranaki,Health care,227.84
1/09/2017,Manawatu-Whanganui/Taranaki,Highly-Skilled,188.57
1/09/2017,Manawatu-Whanganui/Taranaki,Hospitality,235.34
1/09/2017,Manawatu-Whanganui/Taranaki,IT,147.06
1/09/2017,Manawatu-Whanganui/Taranaki,Labourers,439.3
1/09/2017,Manawatu-Whanganui/Taranaki,Low-Skilled,255.68
1/09/2017,Manawatu-Whanganui/Taranaki,Machinery Operators and Drivers,318.3
1/09/2017,Manawatu-Whanganui/Taranaki,Managers,171.9
1/09/2017,Manawatu-Whanganui/Taranaki,Manufacturing,247.83
1/09/2017,Manawatu-Whanganui/Taranaki,Other,308.61
1/09/2017,Manawatu-Whanganui/Taranaki,Primary,390
1/09/2017,Manawatu-Whanganui/Taranaki,Professionals,146.9
1/09/2017,Manawatu-Whanganui/Taranaki,Sales,153.73
1/09/2017,Manawatu-Whanganui/Taranaki,Sales Workers,177.6
1/09/2017,Manawatu-Whanganui/Taranaki,Semi-Skilled,292.24
1/09/2017,Manawatu-Whanganui/Taranaki,Skilled,136.13
1/09/2017,Manawatu-Whanganui/Taranaki,SkilledIndex,180.3
1/09/2017,Manawatu-Whanganui/Taranaki,Technicians and Trades Workers,257.2
1/09/2017,Manawatu-Whanganui/Taranaki,Unskilled,251.06
1/09/2017,Manawatu-Whanganui/Taranaki,UnskilledIndex,254.4
1/09/2017,Northland,Business services,196.92
1/09/2017,Northland,Clerical and Administrative Workers,299.8
1/09/2017,Northland,Community and Personal Service Workers,310.8
1/09/2017,Northland,Construction,343.92
1/09/2017,Northland,Education,72.15
1/09/2017,Northland,Health care,166.5
1/09/2017,Northland,Highly-Skilled,219.9
1/09/2017,Northland,Hospitality,325.86
1/09/2017,Northland,IT,192.86
1/09/2017,Northland,Labourers,388.1
1/09/2017,Northland,Low-Skilled,306.12
1/09/2017,Northland,Machinery Operators and Drivers,533.3
1/09/2017,Northland,Managers,231.7
1/09/2017,Northland,Manufacturing,492.86
1/09/2017,Northland,Other,858.82
1/09/2017,Northland,Primary,305.13
1/09/2017,Northland,Professionals,142.3
1/09/2017,Northland,Sales,217.69
1/09/2017,Northland,Sales Workers,209.8
1/09/2017,Northland,Semi-Skilled,344.57
1/09/2017,Northland,Skilled,137.69
1/09/2017,Northland,SkilledIndex,202.2
1/09/2017,Northland,Technicians and Trades Workers,339.7
1/09/2017,Northland,Unskilled,327.14
1/09/2017,Northland,UnskilledIndex,311.8
1/09/2017,Otago/Southland,Business services,291.1
1/09/2017,Otago/Southland,Clerical and Administrative Workers,323.5
1/09/2017,Otago/Southland,Community and Personal Service Workers,360.4
1/09/2017,Otago/Southland,Construction,492.95
1/09/2017,Otago/Southland,Education,108.2
1/09/2017,Otago/Southland,Health care,229.44
1/09/2017,Otago/Southland,Highly-Skilled,249.05
1/09/2017,Otago/Southland,Hospitality,369.51
1/09/2017,Otago/Southland,IT,153.76
1/09/2017,Otago/Southland,Labourers,545.4
1/09/2017,Otago/Southland,Low-Skilled,360.13
1/09/2017,Otago/Southland,Machinery Operators and Drivers,563.4
1/09/2017,Otago/Southland,Managers,265.2
1/09/2017,Otago/Southland,Manufacturing,440
1/09/2017,Otago/Southland,Other,588.1
1/09/2017,Otago/Southland,Primary,350.46
1/09/2017,Otago/Southland,Professionals,187.5
1/09/2017,Otago/Southland,Sales,244.22
1/09/2017,Otago/Southland,Sales Workers,264
1/09/2017,Otago/Southland,Semi-Skilled,579.41
1/09/2017,Otago/Southland,Skilled,219.89
1/09/2017,Otago/Southland,SkilledIndex,283.3
1/09/2017,Otago/Southland,Technicians and Trades Workers,460.1
1/09/2017,Otago/Southland,Unskilled,383.26
1/09/2017,Otago/Southland,UnskilledIndex,367.3
1/09/2017,Tasman/Nelson/Marlborough/West Coast,Business services,236.21
1/09/2017,Tasman/Nelson/Marlborough/West Coast,Clerical and Administrative Workers,305
1/09/2017,Tasman/Nelson/Marlborough/West Coast,Community and Personal Service Workers,262.7
1/09/2017,Tasman/Nelson/Marlborough/West Coast,Construction,400.85
1/09/2017,Tasman/Nelson/Marlborough/West Coast,Education,83.91
1/09/2017,Tasman/Nelson/Marlborough/West Coast,Health care,297.38
1/09/2017,Tasman/Nelson/Marlborough/West Coast,Highly-Skilled,241.51
1/09/2017,Tasman/Nelson/Marlborough/West Coast,Hospitality,279.35
1/09/2017,Tasman/Nelson/Marlborough/West Coast,IT,157.69
1/09/2017,Tasman/Nelson/Marlborough/West Coast,Labourers,461.7
1/09/2017,Tasman/Nelson/Marlborough/West Coast,Low-Skilled,310.26
1/09/2017,Tasman/Nelson/Marlborough/West Coast,Machinery Operators and Drivers,366.7
1/09/2017,Tasman/Nelson/Marlborough/West Coast,Managers,238.5
1/09/2017,Tasman/Nelson/Marlborough/West Coast,Manufacturing,491.3
1/09/2017,Tasman/Nelson/Marlborough/West Coast,Other,473.68
1/09/2017,Tasman/Nelson/Marlborough/West Coast,Primary,245.16
1/09/2017,Tasman/Nelson/Marlborough/West Coast,Professionals,168
1/09/2017,Tasman/Nelson/Marlborough/West Coast,Sales,221.43
1/09/2017,Tasman/Nelson/Marlborough/West Coast,Sales Workers,246.6
1/09/2017,Tasman/Nelson/Marlborough/West Coast,Semi-Skilled,475.42
1/09/2017,Tasman/Nelson/Marlborough/West Coast,Skilled,168.17
1/09/2017,Tasman/Nelson/Marlborough/West Coast,SkilledIndex,237.8
1/09/2017,Tasman/Nelson/Marlborough/West Coast,Technicians and Trades Workers,372.4
1/09/2017,Tasman/Nelson/Marlborough/West Coast,Unskilled,334.92
1/09/2017,Tasman/Nelson/Marlborough/West Coast,UnskilledIndex,317.6
1/09/2017,Totals,Auckland,214.5
1/09/2017,Totals,Bay of Plenty,286.06
1/09/2017,Totals,Business services,193.55
1/09/2017,Totals,Canterbury,238.71
1/09/2017,Totals,Clerical and Administrative Workers,212
1/09/2017,Totals,Community and Personal Service Workers,252.8
1/09/2017,Totals,Construction,353.16
1/09/2017,Totals,Education,109.68
1/09/2017,Totals,Gisborne/Hawkes Bay,209.16
1/09/2017,Totals,Health care,188.93
1/09/2017,Totals,Highly-Skilled,176.41
1/09/2017,Totals,Hospitality,243.03
1/09/2017,Totals,IT,100.12
1/09/2017,Totals,Labourers,459.4
1/09/2017,Totals,Low-Skilled,261.49
1/09/2017,Totals,Machinery Operators and Drivers,447.3
1/09/2017,Totals,Managers,185.6
1/09/2017,Totals,Manawatu-Whanganui/Taranaki,197.86
1/09/2017,Totals,Manufacturing,336.8
1/09/2017,Totals,Northland,233.83
1/09/2017,Totals,Otago/Southland,309.71
1/09/2017,Totals,Other,365.57
1/09/2017,Totals,Primary,325.53
1/09/2017,Totals,Professionals,160.5
1/09/2017,Totals,Sales,189.32
1/09/2017,Totals,Sales Workers,225.3
1/09/2017,Totals,Semi-Skilled,391.69
1/09/2017,Totals,Skilled,186.07
1/09/2017,Totals,SkilledIndex,198.2
1/09/2017,Totals,Tasman/Nelson/Marlborough/West Coast,262.23
1/09/2017,Totals,Technicians and Trades Workers,339.9
1/09/2017,Totals,TotalsIndex,216.26
1/09/2017,Totals,Unskilled,302.76
1/09/2017,Totals,UnskilledIndex,271.8
1/09/2017,Totals,Waikato,240.77
1/09/2017,Totals,Wellington,161.13
1/09/2017,Waikato,Business services,213.61
1/09/2017,Waikato,Clerical and Administrative Workers,255.1
1/09/2017,Waikato,Community and Personal Service Workers,275.6
1/09/2017,Waikato,Construction,334.32
1/09/2017,Waikato,Education,90.11
1/09/2017,Waikato,Health care,223.19
1/09/2017,Waikato,Highly-Skilled,201.19
1/09/2017,Waikato,Hospitality,232.59
1/09/2017,Waikato,IT,118.59
1/09/2017,Waikato,Labourers,478.7
1/09/2017,Waikato,Low-Skilled,294.13
1/09/2017,Waikato,Machinery Operators and Drivers,398.8
1/09/2017,Waikato,Managers,207.9
1/09/2017,Waikato,Manufacturing,376.53
1/09/2017,Waikato,Other,398.41
1/09/2017,Waikato,Primary,405.26
1/09/2017,Waikato,Professionals,158.1
1/09/2017,Waikato,Sales,190
1/09/2017,Waikato,Sales Workers,210.4
1/09/2017,Waikato,Semi-Skilled,397.69
1/09/2017,Waikato,Skilled,175.82
1/09/2017,Waikato,SkilledIndex,217.2
1/09/2017,Waikato,Technicians and Trades Workers,357.5
1/09/2017,Waikato,Unskilled,296.71
1/09/2017,Waikato,UnskilledIndex,294.9
1/09/2017,Wellington,Business services,170.31
1/09/2017,Wellington,Clerical and Administrative Workers,172.7
1/09/2017,Wellington,Community and Personal Service Workers,212.2
1/09/2017,Wellington,Construction,277.9
1/09/2017,Wellington,Education,100.29
1/09/2017,Wellington,Health care,178.7
1/09/2017,Wellington,Highly-Skilled,135.27
1/09/2017,Wellington,Hospitality,212.76
1/09/2017,Wellington,IT,86.21
1/09/2017,Wellington,Labourers,409.4
1/09/2017,Wellington,Low-Skilled,207.85
1/09/2017,Wellington,Machinery Operators and Drivers,355.3
1/09/2017,Wellington,Managers,132.7
1/09/2017,Wellington,Manufacturing,258.31
1/09/2017,Wellington,Other,226.35
1/09/2017,Wellington,Primary,202.99
1/09/2017,Wellington,Professionals,130.9
1/09/2017,Wellington,Sales,146.46
1/09/2017,Wellington,Sales Workers,182.3
1/09/2017,Wellington,Semi-Skilled,309.41
1/09/2017,Wellington,Skilled,148.12
1/09/2017,Wellington,SkilledIndex,148.3
1/09/2017,Wellington,Technicians and Trades Workers,240.7
1/09/2017,Wellington,Unskilled,243.13
1/09/2017,Wellington,UnskilledIndex,217
1/12/2017,Auckland,Business services,147.87
1/12/2017,Auckland,Clerical and Administrative Workers,159.6
1/12/2017,Auckland,Community and Personal Service Workers,237
1/12/2017,Auckland,Construction,323.41
1/12/2017,Auckland,Education,104.17
1/12/2017,Auckland,Health care,138.88
1/12/2017,Auckland,Highly-Skilled,144.95
1/12/2017,Auckland,Hospitality,247.25
1/12/2017,Auckland,IT,81.72
1/12/2017,Auckland,Labourers,420.4
1/12/2017,Auckland,Low-Skilled,204.76
1/12/2017,Auckland,Machinery Operators and Drivers,391.1
1/12/2017,Auckland,Managers,162.3
1/12/2017,Auckland,Manufacturing,275.26
1/12/2017,Auckland,Other,310.46
1/12/2017,Auckland,Primary,230.61
1/12/2017,Auckland,Professionals,130.9
1/12/2017,Auckland,Sales,157.2
1/12/2017,Auckland,Sales Workers,187.3
1/12/2017,Auckland,Semi-Skilled,329.01
1/12/2017,Auckland,Skilled,176.52
1/12/2017,Auckland,SkilledIndex,165.3
1/12/2017,Auckland,Technicians and Trades Workers,306.3
1/12/2017,Auckland,Unskilled,274.71
1/12/2017,Auckland,UnskilledIndex,219.4
1/12/2017,Bay of Plenty,Business services,273.96
1/12/2017,Bay of Plenty,Clerical and Administrative Workers,257.2
1/12/2017,Bay of Plenty,Community and Personal Service Workers,189.2
1/12/2017,Bay of Plenty,Construction,406.62
1/12/2017,Bay of Plenty,Education,106.23
1/12/2017,Bay of Plenty,Health care,218.8
1/12/2017,Bay of Plenty,Highly-Skilled,270.7
1/12/2017,Bay of Plenty,Hospitality,198.03
1/12/2017,Bay of Plenty,IT,143.37
1/12/2017,Bay of Plenty,Labourers,491.8
1/12/2017,Bay of Plenty,Low-Skilled,277.92
1/12/2017,Bay of Plenty,Machinery Operators and Drivers,504.2
1/12/2017,Bay of Plenty,Managers,270.5
1/12/2017,Bay of Plenty,Manufacturing,428.34
1/12/2017,Bay of Plenty,Other,438.46
1/12/2017,Bay of Plenty,Primary,440.91
1/12/2017,Bay of Plenty,Professionals,205
1/12/2017,Bay of Plenty,Sales,190
1/12/2017,Bay of Plenty,Sales Workers,200.5
1/12/2017,Bay of Plenty,Semi-Skilled,424.24
1/12/2017,Bay of Plenty,Skilled,176.44
1/12/2017,Bay of Plenty,SkilledIndex,257.8
1/12/2017,Bay of Plenty,Technicians and Trades Workers,351.4
1/12/2017,Bay of Plenty,Unskilled,309.19
1/12/2017,Bay of Plenty,UnskilledIndex,287
1/12/2017,Canterbury,Business services,175.74
1/12/2017,Canterbury,Clerical and Administrative Workers,162.6
1/12/2017,Canterbury,Community and Personal Service Workers,173.2
1/12/2017,Canterbury,Construction,311.37
1/12/2017,Canterbury,Education,100.91
1/12/2017,Canterbury,Health care,170.7
1/12/2017,Canterbury,Highly-Skilled,188.49
1/12/2017,Canterbury,Hospitality,161.2
1/12/2017,Canterbury,IT,106.21
1/12/2017,Canterbury,Labourers,344.1
1/12/2017,Canterbury,Low-Skilled,221.49
1/12/2017,Canterbury,Machinery Operators and Drivers,433.1
1/12/2017,Canterbury,Managers,194.6
1/12/2017,Canterbury,Manufacturing,366.61
1/12/2017,Canterbury,Other,465.12
1/12/2017,Canterbury,Primary,266.05
1/12/2017,Canterbury,Professionals,163.9
1/12/2017,Canterbury,Sales,146.59
1/12/2017,Canterbury,Sales Workers,146.5
1/12/2017,Canterbury,Semi-Skilled,373.42
1/12/2017,Canterbury,Skilled,148.88
1/12/2017,Canterbury,SkilledIndex,200.2
1/12/2017,Canterbury,Technicians and Trades Workers,306.3
1/12/2017,Canterbury,Unskilled,221.61
1/12/2017,Canterbury,UnskilledIndex,221.5
1/12/2017,Gisborne/Hawkes Bay,Business services,252.48
1/12/2017,Gisborne/Hawkes Bay,Clerical and Administrative Workers,249.6
1/12/2017,Gisborne/Hawkes Bay,Community and Personal Service Workers,155.1
1/12/2017,Gisborne/Hawkes Bay,Construction,212.5
1/12/2017,Gisborne/Hawkes Bay,Education,99.18
1/12/2017,Gisborne/Hawkes Bay,Health care,120.08
1/12/2017,Gisborne/Hawkes Bay,Highly-Skilled,191.23
1/12/2017,Gisborne/Hawkes Bay,Hospitality,195.2
1/12/2017,Gisborne/Hawkes Bay,IT,225.93
1/12/2017,Gisborne/Hawkes Bay,Labourers,288.9
1/12/2017,Gisborne/Hawkes Bay,Low-Skilled,196.76
1/12/2017,Gisborne/Hawkes Bay,Machinery Operators and Drivers,342
1/12/2017,Gisborne/Hawkes Bay,Managers,255.1
1/12/2017,Gisborne/Hawkes Bay,Manufacturing,362.1
1/12/2017,Gisborne/Hawkes Bay,Other,271.05
1/12/2017,Gisborne/Hawkes Bay,Primary,320.63
1/12/2017,Gisborne/Hawkes Bay,Professionals,129.5
1/12/2017,Gisborne/Hawkes Bay,Sales,189.5
1/12/2017,Gisborne/Hawkes Bay,Sales Workers,173.8
1/12/2017,Gisborne/Hawkes Bay,Semi-Skilled,258.78
1/12/2017,Gisborne/Hawkes Bay,Skilled,142.85
1/12/2017,Gisborne/Hawkes Bay,SkilledIndex,183.6
1/12/2017,Gisborne/Hawkes Bay,Technicians and Trades Workers,214.3
1/12/2017,Gisborne/Hawkes Bay,Unskilled,260.8
1/12/2017,Gisborne/Hawkes Bay,UnskilledIndex,214.1
1/12/2017,Manawatu-Whanganui/Taranaki,Business services,194.01
1/12/2017,Manawatu-Whanganui/Taranaki,Clerical and Administrative Workers,171.6
1/12/2017,Manawatu-Whanganui/Taranaki,Community and Personal Service Workers,220.3
1/12/2017,Manawatu-Whanganui/Taranaki,Construction,180.38
1/12/2017,Manawatu-Whanganui/Taranaki,Education,96.48
1/12/2017,Manawatu-Whanganui/Taranaki,Health care,211.61
1/12/2017,Manawatu-Whanganui/Taranaki,Highly-Skilled,184.55
1/12/2017,Manawatu-Whanganui/Taranaki,Hospitality,208.27
1/12/2017,Manawatu-Whanganui/Taranaki,IT,142.35
1/12/2017,Manawatu-Whanganui/Taranaki,Labourers,354.8
1/12/2017,Manawatu-Whanganui/Taranaki,Low-Skilled,206.36
1/12/2017,Manawatu-Whanganui/Taranaki,Machinery Operators and Drivers,262.5
1/12/2017,Manawatu-Whanganui/Taranaki,Managers,168.5
1/12/2017,Manawatu-Whanganui/Taranaki,Manufacturing,234.35
1/12/2017,Manawatu-Whanganui/Taranaki,Other,251.66
1/12/2017,Manawatu-Whanganui/Taranaki,Primary,265.71
1/12/2017,Manawatu-Whanganui/Taranaki,Professionals,137.2
1/12/2017,Manawatu-Whanganui/Taranaki,Sales,124.82
1/12/2017,Manawatu-Whanganui/Taranaki,Sales Workers,136.7
1/12/2017,Manawatu-Whanganui/Taranaki,Semi-Skilled,251.73
1/12/2017,Manawatu-Whanganui/Taranaki,Skilled,111.1
1/12/2017,Manawatu-Whanganui/Taranaki,SkilledIndex,163.7
1/12/2017,Manawatu-Whanganui/Taranaki,Technicians and Trades Workers,218.5
1/12/2017,Manawatu-Whanganui/Taranaki,Unskilled,218.54
1/12/2017,Manawatu-Whanganui/Taranaki,UnskilledIndex,209.8
1/12/2017,Northland,Business services,159.23
1/12/2017,Northland,Clerical and Administrative Workers,228.3
1/12/2017,Northland,Community and Personal Service Workers,249.2
1/12/2017,Northland,Construction,306.08
1/12/2017,Northland,Education,80.82
1/12/2017,Northland,Health care,157.47
1/12/2017,Northland,Highly-Skilled,217.6
1/12/2017,Northland,Hospitality,268.97
1/12/2017,Northland,IT,192.86
1/12/2017,Northland,Labourers,333.3
1/12/2017,Northland,Low-Skilled,257.22
1/12/2017,Northland,Machinery Operators and Drivers,416.7
1/12/2017,Northland,Managers,228.7
1/12/2017,Northland,Manufacturing,355.36
1/12/2017,Northland,Other,758.82
1/12/2017,Northland,Primary,210.26
1/12/2017,Northland,Professionals,151.9
1/12/2017,Northland,Sales,183.08
1/12/2017,Northland,Sales Workers,133.7
1/12/2017,Northland,Semi-Skilled,230.43
1/12/2017,Northland,Skilled,135.02
1/12/2017,Northland,SkilledIndex,185.8
1/12/2017,Northland,Technicians and Trades Workers,261.1
1/12/2017,Northland,Unskilled,217.14
1/12/2017,Northland,UnskilledIndex,246.4
1/12/2017,Otago/Southland,Business services,264.73
1/12/2017,Otago/Southland,Clerical and Administrative Workers,302.3
1/12/2017,Otago/Southland,Community and Personal Service Workers,349.4
1/12/2017,Otago/Southland,Construction,485.14
1/12/2017,Otago/Southland,Education,91.8
1/12/2017,Otago/Southland,Health care,229.44
1/12/2017,Otago/Southland,Highly-Skilled,242.52
1/12/2017,Otago/Southland,Hospitality,373.58
1/12/2017,Otago/Southland,IT,151.61
1/12/2017,Otago/Southland,Labourers,550.5
1/12/2017,Otago/Southland,Low-Skilled,333.54
1/12/2017,Otago/Southland,Machinery Operators and Drivers,446.5
1/12/2017,Otago/Southland,Managers,260
1/12/2017,Otago/Southland,Manufacturing,446.25
1/12/2017,Otago/Southland,Other,507.14
1/12/2017,Otago/Southland,Primary,258.72
1/12/2017,Otago/Southland,Professionals,177.4
1/12/2017,Otago/Southland,Sales,205.22
1/12/2017,Otago/Southland,Sales Workers,234.2
1/12/2017,Otago/Southland,Semi-Skilled,497.55
1/12/2017,Otago/Southland,Skilled,205.58
1/12/2017,Otago/Southland,SkilledIndex,263.8
1/12/2017,Otago/Southland,Technicians and Trades Workers,427.5
1/12/2017,Otago/Southland,Unskilled,370.7
1/12/2017,Otago/Southland,UnskilledIndex,345.1
1/12/2017,Tasman/Nelson/Marlborough/West Coast,Business services,238.51
1/12/2017,Tasman/Nelson/Marlborough/West Coast,Clerical and Administrative Workers,289.6
1/12/2017,Tasman/Nelson/Marlborough/West Coast,Community and Personal Service Workers,245.2
1/12/2017,Tasman/Nelson/Marlborough/West Coast,Construction,389.41
1/12/2017,Tasman/Nelson/Marlborough/West Coast,Education,102.17
1/12/2017,Tasman/Nelson/Marlborough/West Coast,Health care,282.73
1/12/2017,Tasman/Nelson/Marlborough/West Coast,Highly-Skilled,230.01
1/12/2017,Tasman/Nelson/Marlborough/West Coast,Hospitality,276.13
1/12/2017,Tasman/Nelson/Marlborough/West Coast,IT,130.77
1/12/2017,Tasman/Nelson/Marlborough/West Coast,Labourers,481.2
1/12/2017,Tasman/Nelson/Marlborough/West Coast,Low-Skilled,310.26
1/12/2017,Tasman/Nelson/Marlborough/West Coast,Machinery Operators and Drivers,378.9
1/12/2017,Tasman/Nelson/Marlborough/West Coast,Managers,235.7
1/12/2017,Tasman/Nelson/Marlborough/West Coast,Manufacturing,493.48
1/12/2017,Tasman/Nelson/Marlborough/West Coast,Other,372.37
1/12/2017,Tasman/Nelson/Marlborough/West Coast,Primary,260.22
1/12/2017,Tasman/Nelson/Marlborough/West Coast,Professionals,160.3
1/12/2017,Tasman/Nelson/Marlborough/West Coast,Sales,190.63
1/12/2017,Tasman/Nelson/Marlborough/West Coast,Sales Workers,213.8
1/12/2017,Tasman/Nelson/Marlborough/West Coast,Semi-Skilled,425.42
1/12/2017,Tasman/Nelson/Marlborough/West Coast,Skilled,159.05
1/12/2017,Tasman/Nelson/Marlborough/West Coast,SkilledIndex,222.8
1/12/2017,Tasman/Nelson/Marlborough/West Coast,Technicians and Trades Workers,350.5
1/12/2017,Tasman/Nelson/Marlborough/West Coast,Unskilled,335.67
1/12/2017,Tasman/Nelson/Marlborough/West Coast,UnskilledIndex,317.8
1/12/2017,Totals,Auckland,177.01
1/12/2017,Totals,Bay of Plenty,267.68
1/12/2017,Totals,Business services,158.01
1/12/2017,Totals,Canterbury,206.89
1/12/2017,Totals,Clerical and Administrative Workers,168.3
1/12/2017,Totals,Community and Personal Service Workers,217.9
1/12/2017,Totals,Construction,305.04
1/12/2017,Totals,Education,100.25
1/12/2017,Totals,Gisborne/Hawkes Bay,192.84
1/12/2017,Totals,Health care,165.63
1/12/2017,Totals,Highly-Skilled,153.17
1/12/2017,Totals,Hospitality,225.69
1/12/2017,Totals,IT,80.7
1/12/2017,Totals,Labourers,400.4
1/12/2017,Totals,Low-Skilled,216.56
1/12/2017,Totals,Machinery Operators and Drivers,385
1/12/2017,Totals,Managers,165.5
1/12/2017,Totals,Manawatu-Whanganui/Taranaki,174.71
1/12/2017,Totals,Manufacturing,307.55
1/12/2017,Totals,Northland,202.61
1/12/2017,Totals,Otago/Southland,289.54
1/12/2017,Totals,Other,302.14
1/12/2017,Totals,Primary,264.59
1/12/2017,Totals,Professionals,138.3
1/12/2017,Totals,Sales,151.83
1/12/2017,Totals,Sales Workers,172.3
1/12/2017,Totals,Semi-Skilled,329.86
1/12/2017,Totals,Skilled,157.17
1/12/2017,Totals,SkilledIndex,170.1
1/12/2017,Totals,Tasman/Nelson/Marlborough/West Coast,252.78
1/12/2017,Totals,Technicians and Trades Workers,289.8
1/12/2017,Totals,TotalsIndex,184.17
1/12/2017,Totals,Unskilled,254.67
1/12/2017,Totals,UnskilledIndex,226.1
1/12/2017,Totals,Waikato,205.68
1/12/2017,Totals,Wellington,131.15
1/12/2017,Waikato,Business services,169.94
1/12/2017,Waikato,Clerical and Administrative Workers,183.1
1/12/2017,Waikato,Community and Personal Service Workers,246.1
1/12/2017,Waikato,Construction,281.01
1/12/2017,Waikato,Education,105.38
1/12/2017,Waikato,Health care,214.21
1/12/2017,Waikato,Highly-Skilled,175.29
1/12/2017,Waikato,Hospitality,221.43
1/12/2017,Waikato,IT,83.92
1/12/2017,Waikato,Labourers,427.9
1/12/2017,Waikato,Low-Skilled,248.51
1/12/2017,Waikato,Machinery Operators and Drivers,357.3
1/12/2017,Waikato,Managers,199.6
1/12/2017,Waikato,Manufacturing,333.12
1/12/2017,Waikato,Other,342.86
1/12/2017,Waikato,Primary,285.26
1/12/2017,Waikato,Professionals,136.9
1/12/2017,Waikato,Sales,143.18
1/12/2017,Waikato,Sales Workers,150.3
1/12/2017,Waikato,Semi-Skilled,334.65
1/12/2017,Waikato,Skilled,153.04
1/12/2017,Waikato,SkilledIndex,187.7
1/12/2017,Waikato,Technicians and Trades Workers,302.8
1/12/2017,Waikato,Unskilled,236.84
1/12/2017,Waikato,UnskilledIndex,245.1
1/12/2017,Wellington,Business services,131.89
1/12/2017,Wellington,Clerical and Administrative Workers,132
1/12/2017,Wellington,Community and Personal Service Workers,175.1
1/12/2017,Wellington,Construction,224.3
1/12/2017,Wellington,Education,94.74
1/12/2017,Wellington,Health care,160.97
1/12/2017,Wellington,Highly-Skilled,111.37
1/12/2017,Wellington,Hospitality,184
1/12/2017,Wellington,IT,66.28
1/12/2017,Wellington,Labourers,336.1
1/12/2017,Wellington,Low-Skilled,168.81
1/12/2017,Wellington,Machinery Operators and Drivers,298.4
1/12/2017,Wellington,Managers,110.8
1/12/2017,Wellington,Manufacturing,237.06
1/12/2017,Wellington,Other,184.06
1/12/2017,Wellington,Primary,200
1/12/2017,Wellington,Professionals,108.5
1/12/2017,Wellington,Sales,114.21
1/12/2017,Wellington,Sales Workers,136.7
1/12/2017,Wellington,Semi-Skilled,218.45
1/12/2017,Wellington,Skilled,122.69
1/12/2017,Wellington,SkilledIndex,120.1
1/12/2017,Wellington,Technicians and Trades Workers,182.2
1/12/2017,Wellington,Unskilled,185.46
1/12/2017,Wellington,UnskilledIndex,173.1
1/03/2018,Auckland,Business services,186.61
1/03/2018,Auckland,Clerical and Administrative Workers,205.2
1/03/2018,Auckland,Community and Personal Service Workers,316.3
1/03/2018,Auckland,Construction,365.32
1/03/2018,Auckland,Education,107.44
1/03/2018,Auckland,Health care,177.37
1/03/2018,Auckland,Highly-Skilled,171.23
1/03/2018,Auckland,Hospitality,293.38
1/03/2018,Auckland,IT,100.55
1/03/2018,Auckland,Labourers,533.2
1/03/2018,Auckland,Low-Skilled,254.5
1/03/2018,Auckland,Machinery Operators and Drivers,459.5
1/03/2018,Auckland,Managers,187.4
1/03/2018,Auckland,Manufacturing,322.83
1/03/2018,Auckland,Other,363.59
1/03/2018,Auckland,Primary,257.14
1/03/2018,Auckland,Professionals,152.4
1/03/2018,Auckland,Sales,193.36
1/03/2018,Auckland,Sales Workers,227.7
1/03/2018,Auckland,Semi-Skilled,389.01
1/03/2018,Auckland,Skilled,203.72
1/03/2018,Auckland,SkilledIndex,194.3
1/03/2018,Auckland,Technicians and Trades Workers,350.1
1/03/2018,Auckland,Unskilled,337.22
1/03/2018,Auckland,UnskilledIndex,271.8
1/03/2018,Bay of Plenty,Business services,336.98
1/03/2018,Bay of Plenty,Clerical and Administrative Workers,316.2
1/03/2018,Bay of Plenty,Community and Personal Service Workers,226.3
1/03/2018,Bay of Plenty,Construction,449.77
1/03/2018,Bay of Plenty,Education,92.13
1/03/2018,Bay of Plenty,Health care,240.23
1/03/2018,Bay of Plenty,Highly-Skilled,286.3
1/03/2018,Bay of Plenty,Hospitality,250.25
1/03/2018,Bay of Plenty,IT,169.88
1/03/2018,Bay of Plenty,Labourers,614.3
1/03/2018,Bay of Plenty,Low-Skilled,348.7
1/03/2018,Bay of Plenty,Machinery Operators and Drivers,604.2
1/03/2018,Bay of Plenty,Managers,293.9
1/03/2018,Bay of Plenty,Manufacturing,482.35
1/03/2018,Bay of Plenty,Other,480.77
1/03/2018,Bay of Plenty,Primary,654.55
1/03/2018,Bay of Plenty,Professionals,201.6
1/03/2018,Bay of Plenty,Sales,237.03
1/03/2018,Bay of Plenty,Sales Workers,268.3
1/03/2018,Bay of Plenty,Semi-Skilled,517.17
1/03/2018,Bay of Plenty,Skilled,186.76
1/03/2018,Bay of Plenty,SkilledIndex,282.4
1/03/2018,Bay of Plenty,Technicians and Trades Workers,429.4
1/03/2018,Bay of Plenty,Unskilled,383.92
1/03/2018,Bay of Plenty,UnskilledIndex,358.9
1/03/2018,Canterbury,Business services,218.68
1/03/2018,Canterbury,Clerical and Administrative Workers,201.8
1/03/2018,Canterbury,Community and Personal Service Workers,206.4
1/03/2018,Canterbury,Construction,333.71
1/03/2018,Canterbury,Education,74.28
1/03/2018,Canterbury,Health care,207.26
1/03/2018,Canterbury,Highly-Skilled,207.35
1/03/2018,Canterbury,Hospitality,199.4
1/03/2018,Canterbury,IT,111.02
1/03/2018,Canterbury,Labourers,390.6
1/03/2018,Canterbury,Low-Skilled,256.58
1/03/2018,Canterbury,Machinery Operators and Drivers,458.4
1/03/2018,Canterbury,Managers,215.9
1/03/2018,Canterbury,Manufacturing,386.15
1/03/2018,Canterbury,Other,488.84
1/03/2018,Canterbury,Primary,302.47
1/03/2018,Canterbury,Professionals,171.8
1/03/2018,Canterbury,Sales,181.71
1/03/2018,Canterbury,Sales Workers,191.2
1/03/2018,Canterbury,Semi-Skilled,405.2
1/03/2018,Canterbury,Skilled,166.16
1/03/2018,Canterbury,SkilledIndex,220.3
1/03/2018,Canterbury,Technicians and Trades Workers,339.7
1/03/2018,Canterbury,Unskilled,261.31
1/03/2018,Canterbury,UnskilledIndex,258
1/03/2018,Gisborne/Hawkes Bay,Business services,306.38
1/03/2018,Gisborne/Hawkes Bay,Clerical and Administrative Workers,360.2
1/03/2018,Gisborne/Hawkes Bay,Community and Personal Service Workers,230.9
1/03/2018,Gisborne/Hawkes Bay,Construction,284.47
1/03/2018,Gisborne/Hawkes Bay,Education,59.59
1/03/2018,Gisborne/Hawkes Bay,Health care,192.13
1/03/2018,Gisborne/Hawkes Bay,Highly-Skilled,218.92
1/03/2018,Gisborne/Hawkes Bay,Hospitality,227.2
1/03/2018,Gisborne/Hawkes Bay,IT,203.7
1/03/2018,Gisborne/Hawkes Bay,Labourers,365.2
1/03/2018,Gisborne/Hawkes Bay,Low-Skilled,294.69
1/03/2018,Gisborne/Hawkes Bay,Machinery Operators and Drivers,444.9
1/03/2018,Gisborne/Hawkes Bay,Managers,257.8
1/03/2018,Gisborne/Hawkes Bay,Manufacturing,440.32
1/03/2018,Gisborne/Hawkes Bay,Other,306.58
1/03/2018,Gisborne/Hawkes Bay,Primary,377.78
1/03/2018,Gisborne/Hawkes Bay,Professionals,138.8
1/03/2018,Gisborne/Hawkes Bay,Sales,276
1/03/2018,Gisborne/Hawkes Bay,Sales Workers,250.8
1/03/2018,Gisborne/Hawkes Bay,Semi-Skilled,322.3
1/03/2018,Gisborne/Hawkes Bay,Skilled,139.21
1/03/2018,Gisborne/Hawkes Bay,SkilledIndex,205.2
1/03/2018,Gisborne/Hawkes Bay,Technicians and Trades Workers,272.9
1/03/2018,Gisborne/Hawkes Bay,Unskilled,349.6
1/03/2018,Gisborne/Hawkes Bay,UnskilledIndex,309.6
1/03/2018,Manawatu-Whanganui/Taranaki,Business services,220.22
1/03/2018,Manawatu-Whanganui/Taranaki,Clerical and Administrative Workers,219.9
1/03/2018,Manawatu-Whanganui/Taranaki,Community and Personal Service Workers,284.9
1/03/2018,Manawatu-Whanganui/Taranaki,Construction,230.67
1/03/2018,Manawatu-Whanganui/Taranaki,Education,78.86
1/03/2018,Manawatu-Whanganui/Taranaki,Health care,245.04
1/03/2018,Manawatu-Whanganui/Taranaki,Highly-Skilled,187.11
1/03/2018,Manawatu-Whanganui/Taranaki,Hospitality,286.47
1/03/2018,Manawatu-Whanganui/Taranaki,IT,136.47
1/03/2018,Manawatu-Whanganui/Taranaki,Labourers,542.9
1/03/2018,Manawatu-Whanganui/Taranaki,Low-Skilled,288.36
1/03/2018,Manawatu-Whanganui/Taranaki,Machinery Operators and Drivers,357.7
1/03/2018,Manawatu-Whanganui/Taranaki,Managers,199.6
1/03/2018,Manawatu-Whanganui/Taranaki,Manufacturing,296.96
1/03/2018,Manawatu-Whanganui/Taranaki,Other,285.43
1/03/2018,Manawatu-Whanganui/Taranaki,Primary,300
1/03/2018,Manawatu-Whanganui/Taranaki,Professionals,125.3
1/03/2018,Manawatu-Whanganui/Taranaki,Sales,167.95
1/03/2018,Manawatu-Whanganui/Taranaki,Sales Workers,187.5
1/03/2018,Manawatu-Whanganui/Taranaki,Semi-Skilled,324.66
1/03/2018,Manawatu-Whanganui/Taranaki,Skilled,129.88
1/03/2018,Manawatu-Whanganui/Taranaki,SkilledIndex,180.9
1/03/2018,Manawatu-Whanganui/Taranaki,Technicians and Trades Workers,291.3
1/03/2018,Manawatu-Whanganui/Taranaki,Unskilled,300.63
1/03/2018,Manawatu-Whanganui/Taranaki,UnskilledIndex,291.8
1/03/2018,Northland,Business services,201.54
1/03/2018,Northland,Clerical and Administrative Workers,252.1
1/03/2018,Northland,Community and Personal Service Workers,366.4
1/03/2018,Northland,Construction,386.49
1/03/2018,Northland,Education,69.41
1/03/2018,Northland,Health care,184.14
1/03/2018,Northland,Highly-Skilled,238.53
1/03/2018,Northland,Hospitality,358.62
1/03/2018,Northland,IT,171.43
1/03/2018,Northland,Labourers,445.2
1/03/2018,Northland,Low-Skilled,283.27
1/03/2018,Northland,Machinery Operators and Drivers,446.7
1/03/2018,Northland,Managers,282.2
1/03/2018,Northland,Manufacturing,419.64
1/03/2018,Northland,Other,835.29
1/03/2018,Northland,Primary,369.23
1/03/2018,Northland,Professionals,143.8
1/03/2018,Northland,Sales,233.85
1/03/2018,Northland,Sales Workers,187
1/03/2018,Northland,Semi-Skilled,398.91
1/03/2018,Northland,Skilled,143.38
1/03/2018,Northland,SkilledIndex,220
1/03/2018,Northland,Technicians and Trades Workers,404.8
1/03/2018,Northland,Unskilled,360
1/03/2018,Northland,UnskilledIndex,304.1
1/03/2018,Otago/Southland,Business services,313.01
1/03/2018,Otago/Southland,Clerical and Administrative Workers,370.9
1/03/2018,Otago/Southland,Community and Personal Service Workers,391.6
1/03/2018,Otago/Southland,Construction,538.04
1/03/2018,Otago/Southland,Education,62.15
1/03/2018,Otago/Southland,Health care,274.98
1/03/2018,Otago/Southland,Highly-Skilled,253.1
1/03/2018,Otago/Southland,Hospitality,384.55
1/03/2018,Otago/Southland,IT,143.01
1/03/2018,Otago/Southland,Labourers,648.5
1/03/2018,Otago/Southland,Low-Skilled,384.39
1/03/2018,Otago/Southland,Machinery Operators and Drivers,542.6
1/03/2018,Otago/Southland,Managers,276.2
1/03/2018,Otago/Southland,Manufacturing,490.63
1/03/2018,Otago/Southland,Other,558.33
1/03/2018,Otago/Southland,Primary,239.45
1/03/2018,Otago/Southland,Professionals,176.5
1/03/2018,Otago/Southland,Sales,240.36
1/03/2018,Otago/Southland,Sales Workers,286.9
1/03/2018,Otago/Southland,Semi-Skilled,550.98
1/03/2018,Otago/Southland,Skilled,218.22
1/03/2018,Otago/Southland,SkilledIndex,280.9
1/03/2018,Otago/Southland,Technicians and Trades Workers,450.3
1/03/2018,Otago/Southland,Unskilled,438.6
1/03/2018,Otago/Southland,UnskilledIndex,401.3
1/03/2018,Tasman/Nelson/Marlborough/West Coast,Business services,227.01
1/03/2018,Tasman/Nelson/Marlborough/West Coast,Clerical and Administrative Workers,296.9
1/03/2018,Tasman/Nelson/Marlborough/West Coast,Community and Personal Service Workers,277.9
1/03/2018,Tasman/Nelson/Marlborough/West Coast,Construction,396.19
1/03/2018,Tasman/Nelson/Marlborough/West Coast,Education,60.87
1/03/2018,Tasman/Nelson/Marlborough/West Coast,Health care,271.47
1/03/2018,Tasman/Nelson/Marlborough/West Coast,Highly-Skilled,230.01
1/03/2018,Tasman/Nelson/Marlborough/West Coast,Hospitality,221.94
1/03/2018,Tasman/Nelson/Marlborough/West Coast,IT,150
1/03/2018,Tasman/Nelson/Marlborough/West Coast,Labourers,477.3
1/03/2018,Tasman/Nelson/Marlborough/West Coast,Low-Skilled,340.37
1/03/2018,Tasman/Nelson/Marlborough/West Coast,Machinery Operators and Drivers,432.9
1/03/2018,Tasman/Nelson/Marlborough/West Coast,Managers,238.5
1/03/2018,Tasman/Nelson/Marlborough/West Coast,Manufacturing,627.17
1/03/2018,Tasman/Nelson/Marlborough/West Coast,Other,443.42
1/03/2018,Tasman/Nelson/Marlborough/West Coast,Primary,230.11
1/03/2018,Tasman/Nelson/Marlborough/West Coast,Professionals,138.9
1/03/2018,Tasman/Nelson/Marlborough/West Coast,Sales,220.09
1/03/2018,Tasman/Nelson/Marlborough/West Coast,Sales Workers,251.7
1/03/2018,Tasman/Nelson/Marlborough/West Coast,Semi-Skilled,450
1/03/2018,Tasman/Nelson/Marlborough/West Coast,Skilled,124.43
1/03/2018,Tasman/Nelson/Marlborough/West Coast,SkilledIndex,211
1/03/2018,Tasman/Nelson/Marlborough/West Coast,Technicians and Trades Workers,327.6
1/03/2018,Tasman/Nelson/Marlborough/West Coast,Unskilled,338.65
1/03/2018,Tasman/Nelson/Marlborough/West Coast,UnskilledIndex,339.9
1/03/2018,Totals,Auckland,211.51
1/03/2018,Totals,Bay of Plenty,308.05
1/03/2018,Totals,Business services,195.31
1/03/2018,Totals,Canterbury,231.56
1/03/2018,Totals,Clerical and Administrative Workers,213.4
1/03/2018,Totals,Community and Personal Service Workers,282.5
1/03/2018,Totals,Construction,347.92
1/03/2018,Totals,Education,88.48
1/03/2018,Totals,Gisborne/Hawkes Bay,238.25
1/03/2018,Totals,Health care,199.18
1/03/2018,Totals,Highly-Skilled,175.81
1/03/2018,Totals,Hospitality,266.98
1/03/2018,Totals,IT,95.62
1/03/2018,Totals,Labourers,490.4
1/03/2018,Totals,Low-Skilled,266.67
1/03/2018,Totals,Machinery Operators and Drivers,447.5
1/03/2018,Totals,Managers,188.6
1/03/2018,Totals,Manawatu-Whanganui/Taranaki,208.35
1/03/2018,Totals,Manufacturing,356.15
1/03/2018,Totals,Northland,244.17
1/03/2018,Totals,Otago/Southland,315.27
1/03/2018,Totals,Other,346.94
1/03/2018,Totals,Primary,301.89
1/03/2018,Totals,Professionals,152.6
1/03/2018,Totals,Sales,190.54
1/03/2018,Totals,Sales Workers,218.4
1/03/2018,Totals,Semi-Skilled,391.59
1/03/2018,Totals,Skilled,175.99
1/03/2018,Totals,SkilledIndex,195.2
1/03/2018,Totals,Tasman/Nelson/Marlborough/West Coast,253.35
1/03/2018,Totals,Technicians and Trades Workers,338.3
1/03/2018,Totals,TotalsIndex,216.05
1/03/2018,Totals,Unskilled,314.65
1/03/2018,Totals,UnskilledIndex,278.7
1/03/2018,Totals,Waikato,249.65
1/03/2018,Totals,Wellington,158.02
1/03/2018,Waikato,Business services,216.82
1/03/2018,Waikato,Clerical and Administrative Workers,271.7
1/03/2018,Waikato,Community and Personal Service Workers,331.8
1/03/2018,Waikato,Construction,349.51
1/03/2018,Waikato,Education,86.45
1/03/2018,Waikato,Health care,263.09
1/03/2018,Waikato,Highly-Skilled,212.02
1/03/2018,Waikato,Hospitality,257.59
1/03/2018,Waikato,IT,109.55
1/03/2018,Waikato,Labourers,514
1/03/2018,Waikato,Low-Skilled,307.01
1/03/2018,Waikato,Machinery Operators and Drivers,391.8
1/03/2018,Waikato,Managers,235.8
1/03/2018,Waikato,Manufacturing,402.57
1/03/2018,Waikato,Other,387.83
1/03/2018,Waikato,Primary,337.89
1/03/2018,Waikato,Professionals,155.5
1/03/2018,Waikato,Sales,193.33
1/03/2018,Waikato,Sales Workers,199.4
1/03/2018,Waikato,Semi-Skilled,408.58
1/03/2018,Waikato,Skilled,183.04
1/03/2018,Waikato,SkilledIndex,226.9
1/03/2018,Waikato,Technicians and Trades Workers,367.7
1/03/2018,Waikato,Unskilled,302.3
1/03/2018,Waikato,UnskilledIndex,305.6
1/03/2018,Wellington,Business services,159.33
1/03/2018,Wellington,Clerical and Administrative Workers,159.9
1/03/2018,Wellington,Community and Personal Service Workers,244.9
1/03/2018,Wellington,Construction,270.48
1/03/2018,Wellington,Education,95.32
1/03/2018,Wellington,Health care,174.44
1/03/2018,Wellington,Highly-Skilled,131.01
1/03/2018,Wellington,Hospitality,246.86
1/03/2018,Wellington,IT,77.97
1/03/2018,Wellington,Labourers,408.9
1/03/2018,Wellington,Low-Skilled,213.52
1/03/2018,Wellington,Machinery Operators and Drivers,357.4
1/03/2018,Wellington,Managers,128
1/03/2018,Wellington,Manufacturing,274.66
1/03/2018,Wellington,Other,224.77
1/03/2018,Wellington,Primary,213.43
1/03/2018,Wellington,Professionals,124.5
1/03/2018,Wellington,Sales,152.01
1/03/2018,Wellington,Sales Workers,186.3
1/03/2018,Wellington,Semi-Skilled,289.13
1/03/2018,Wellington,Skilled,141.86
1/03/2018,Wellington,SkilledIndex,142.6
1/03/2018,Wellington,Technicians and Trades Workers,240.5
1/03/2018,Wellington,Unskilled,240.91
1/03/2018,Wellington,UnskilledIndex,220.6
1/06/2018,Auckland,Business services,193.44
1/06/2018,Auckland,Clerical and Administrative Workers,213.9
1/06/2018,Auckland,Community and Personal Service Workers,291.8
1/06/2018,Auckland,Construction,370.16
1/06/2018,Auckland,Education,127.32
1/06/2018,Auckland,Health care,196.86
1/06/2018,Auckland,Highly-Skilled,179.73
1/06/2018,Auckland,Hospitality,261.7
1/06/2018,Auckland,IT,109.64
1/06/2018,Auckland,Labourers,508.5
1/06/2018,Auckland,Low-Skilled,252.88
1/06/2018,Auckland,Machinery Operators and Drivers,449.7
1/06/2018,Auckland,Managers,190.2
1/06/2018,Auckland,Manufacturing,326.47
1/06/2018,Auckland,Other,347.96
1/06/2018,Auckland,Primary,253.06
1/06/2018,Auckland,Professionals,163.6
1/06/2018,Auckland,Sales,195.5
1/06/2018,Auckland,Sales Workers,225.7
1/06/2018,Auckland,Semi-Skilled,392.2
1/06/2018,Auckland,Skilled,211.05
1/06/2018,Auckland,SkilledIndex,202.1
1/06/2018,Auckland,Technicians and Trades Workers,357.3
1/06/2018,Auckland,Unskilled,328.79
1/06/2018,Auckland,UnskilledIndex,268.7
1/06/2018,Bay of Plenty,Business services,349.43
1/06/2018,Bay of Plenty,Clerical and Administrative Workers,331.1
1/06/2018,Bay of Plenty,Community and Personal Service Workers,240.4
1/06/2018,Bay of Plenty,Construction,453.88
1/06/2018,Bay of Plenty,Education,105.9
1/06/2018,Bay of Plenty,Health care,277.32
1/06/2018,Bay of Plenty,Highly-Skilled,314.71
1/06/2018,Bay of Plenty,Hospitality,215.76
1/06/2018,Bay of Plenty,IT,218.07
1/06/2018,Bay of Plenty,Labourers,582.7
1/06/2018,Bay of Plenty,Low-Skilled,345.69
1/06/2018,Bay of Plenty,Machinery Operators and Drivers,587.5
1/06/2018,Bay of Plenty,Managers,316.2
1/06/2018,Bay of Plenty,Manufacturing,500.53
1/06/2018,Bay of Plenty,Other,483.65
1/06/2018,Bay of Plenty,Primary,538.64
1/06/2018,Bay of Plenty,Professionals,221.8
1/06/2018,Bay of Plenty,Sales,245.95
1/06/2018,Bay of Plenty,Sales Workers,281.4
1/06/2018,Bay of Plenty,Semi-Skilled,514.14
1/06/2018,Bay of Plenty,Skilled,201.17
1/06/2018,Bay of Plenty,SkilledIndex,301.2
1/06/2018,Bay of Plenty,Technicians and Trades Workers,423.5
1/06/2018,Bay of Plenty,Unskilled,372.2
1/06/2018,Bay of Plenty,UnskilledIndex,353.4
1/06/2018,Canterbury,Business services,236.71
1/06/2018,Canterbury,Clerical and Administrative Workers,218.9
1/06/2018,Canterbury,Community and Personal Service Workers,197.4
1/06/2018,Canterbury,Construction,334.5
1/06/2018,Canterbury,Education,86.76
1/06/2018,Canterbury,Health care,228.71
1/06/2018,Canterbury,Highly-Skilled,220.38
1/06/2018,Canterbury,Hospitality,182.41
1/06/2018,Canterbury,IT,120.19
1/06/2018,Canterbury,Labourers,378.5
1/06/2018,Canterbury,Low-Skilled,248.46
1/06/2018,Canterbury,Machinery Operators and Drivers,399.3
1/06/2018,Canterbury,Managers,230.1
1/06/2018,Canterbury,Manufacturing,330.73
1/06/2018,Canterbury,Other,514.88
1/06/2018,Canterbury,Primary,323.46
1/06/2018,Canterbury,Professionals,182.1
1/06/2018,Canterbury,Sales,177.13
1/06/2018,Canterbury,Sales Workers,169.2
1/06/2018,Canterbury,Semi-Skilled,405.87
1/06/2018,Canterbury,Skilled,172.28
1/06/2018,Canterbury,SkilledIndex,229.7
1/06/2018,Canterbury,Technicians and Trades Workers,338.4
1/06/2018,Canterbury,Unskilled,239.42
1/06/2018,Canterbury,UnskilledIndex,245.8
1/06/2018,Gisborne/Hawkes Bay,Business services,317.73
1/06/2018,Gisborne/Hawkes Bay,Clerical and Administrative Workers,337.2
1/06/2018,Gisborne/Hawkes Bay,Community and Personal Service Workers,182.4
1/06/2018,Gisborne/Hawkes Bay,Construction,276.14
1/06/2018,Gisborne/Hawkes Bay,Education,66.94
1/06/2018,Gisborne/Hawkes Bay,Health care,196.27
1/06/2018,Gisborne/Hawkes Bay,Highly-Skilled,239.85
1/06/2018,Gisborne/Hawkes Bay,Hospitality,169.6
1/06/2018,Gisborne/Hawkes Bay,IT,244.44
1/06/2018,Gisborne/Hawkes Bay,Labourers,313.9
1/06/2018,Gisborne/Hawkes Bay,Low-Skilled,234.26
1/06/2018,Gisborne/Hawkes Bay,Machinery Operators and Drivers,326.1
1/06/2018,Gisborne/Hawkes Bay,Managers,304.8
1/06/2018,Gisborne/Hawkes Bay,Manufacturing,325.81
1/06/2018,Gisborne/Hawkes Bay,Other,402.63
1/06/2018,Gisborne/Hawkes Bay,Primary,425.4
1/06/2018,Gisborne/Hawkes Bay,Professionals,142.8
1/06/2018,Gisborne/Hawkes Bay,Sales,262
1/06/2018,Gisborne/Hawkes Bay,Sales Workers,233.3
1/06/2018,Gisborne/Hawkes Bay,Semi-Skilled,332.43
1/06/2018,Gisborne/Hawkes Bay,Skilled,148.72
1/06/2018,Gisborne/Hawkes Bay,SkilledIndex,220.3
1/06/2018,Gisborne/Hawkes Bay,Technicians and Trades Workers,294.5
1/06/2018,Gisborne/Hawkes Bay,Unskilled,319.2
1/06/2018,Gisborne/Hawkes Bay,UnskilledIndex,257.3
1/06/2018,Manawatu-Whanganui/Taranaki,Business services,256.93
1/06/2018,Manawatu-Whanganui/Taranaki,Clerical and Administrative Workers,251.5
1/06/2018,Manawatu-Whanganui/Taranaki,Community and Personal Service Workers,284.9
1/06/2018,Manawatu-Whanganui/Taranaki,Construction,222.86
1/06/2018,Manawatu-Whanganui/Taranaki,Education,92.41
1/06/2018,Manawatu-Whanganui/Taranaki,Health care,266.46
1/06/2018,Manawatu-Whanganui/Taranaki,Highly-Skilled,204.89
1/06/2018,Manawatu-Whanganui/Taranaki,Hospitality,260.15
1/06/2018,Manawatu-Whanganui/Taranaki,IT,156.47
1/06/2018,Manawatu-Whanganui/Taranaki,Labourers,498.8
1/06/2018,Manawatu-Whanganui/Taranaki,Low-Skilled,285.83
1/06/2018,Manawatu-Whanganui/Taranaki,Machinery Operators and Drivers,346.2
1/06/2018,Manawatu-Whanganui/Taranaki,Managers,190.3
1/06/2018,Manawatu-Whanganui/Taranaki,Manufacturing,293.48
1/06/2018,Manawatu-Whanganui/Taranaki,Other,308.61
1/06/2018,Manawatu-Whanganui/Taranaki,Primary,314.29
1/06/2018,Manawatu-Whanganui/Taranaki,Professionals,146.1
1/06/2018,Manawatu-Whanganui/Taranaki,Sales,171.33
1/06/2018,Manawatu-Whanganui/Taranaki,Sales Workers,195.4
1/06/2018,Manawatu-Whanganui/Taranaki,Semi-Skilled,351
1/06/2018,Manawatu-Whanganui/Taranaki,Skilled,134.15
1/06/2018,Manawatu-Whanganui/Taranaki,SkilledIndex,194.4
1/06/2018,Manawatu-Whanganui/Taranaki,Technicians and Trades Workers,288
1/06/2018,Manawatu-Whanganui/Taranaki,Unskilled,284.64
1/06/2018,Manawatu-Whanganui/Taranaki,UnskilledIndex,285.5
1/06/2018,Northland,Business services,238.46
1/06/2018,Northland,Clerical and Administrative Workers,316.9
1/06/2018,Northland,Community and Personal Service Workers,325.8
1/06/2018,Northland,Construction,366.22
1/06/2018,Northland,Education,71.23
1/06/2018,Northland,Health care,210.81
1/06/2018,Northland,Highly-Skilled,253.44
1/06/2018,Northland,Hospitality,258.62
1/06/2018,Northland,IT,192.86
1/06/2018,Northland,Labourers,359.5
1/06/2018,Northland,Low-Skilled,291.24
1/06/2018,Northland,Machinery Operators and Drivers,396.7
1/06/2018,Northland,Managers,300
1/06/2018,Northland,Manufacturing,392.86
1/06/2018,Northland,Other,811.76
1/06/2018,Northland,Primary,287.18
1/06/2018,Northland,Professionals,155.4
1/06/2018,Northland,Sales,249.23
1/06/2018,Northland,Sales Workers,201.1
1/06/2018,Northland,Semi-Skilled,356.52
1/06/2018,Northland,Skilled,151.73
1/06/2018,Northland,SkilledIndex,225.1
1/06/2018,Northland,Technicians and Trades Workers,360.3
1/06/2018,Northland,Unskilled,294.29
1/06/2018,Northland,UnskilledIndex,292.1
1/06/2018,Otago/Southland,Business services,299.32
1/06/2018,Otago/Southland,Clerical and Administrative Workers,317.4
1/06/2018,Otago/Southland,Community and Personal Service Workers,322.1
1/06/2018,Otago/Southland,Construction,487.41
1/06/2018,Otago/Southland,Education,62.46
1/06/2018,Otago/Southland,Health care,296.44
1/06/2018,Otago/Southland,Highly-Skilled,277.38
1/06/2018,Otago/Southland,Hospitality,283.33
1/06/2018,Otago/Southland,IT,196.77
1/06/2018,Otago/Southland,Labourers,543.3
1/06/2018,Otago/Southland,Low-Skilled,337.97
1/06/2018,Otago/Southland,Machinery Operators and Drivers,480.2
1/06/2018,Otago/Southland,Managers,275
1/06/2018,Otago/Southland,Manufacturing,430
1/06/2018,Otago/Southland,Other,595.24
1/06/2018,Otago/Southland,Primary,263.3
1/06/2018,Otago/Southland,Professionals,195.8
1/06/2018,Otago/Southland,Sales,249.21
1/06/2018,Otago/Southland,Sales Workers,250.5
1/06/2018,Otago/Southland,Semi-Skilled,531.37
1/06/2018,Otago/Southland,Skilled,193.12
1/06/2018,Otago/Southland,SkilledIndex,281.7
1/06/2018,Otago/Southland,Technicians and Trades Workers,434.7
1/06/2018,Otago/Southland,Unskilled,359.53
1/06/2018,Otago/Southland,UnskilledIndex,344.7
1/06/2018,Tasman/Nelson/Marlborough/West Coast,Business services,251.72
1/06/2018,Tasman/Nelson/Marlborough/West Coast,Clerical and Administrative Workers,302
1/06/2018,Tasman/Nelson/Marlborough/West Coast,Community and Personal Service Workers,225.4
1/06/2018,Tasman/Nelson/Marlborough/West Coast,Construction,419.92
1/06/2018,Tasman/Nelson/Marlborough/West Coast,Education,53.48
1/06/2018,Tasman/Nelson/Marlborough/West Coast,Health care,328.91
1/06/2018,Tasman/Nelson/Marlborough/West Coast,Highly-Skilled,254.53
1/06/2018,Tasman/Nelson/Marlborough/West Coast,Hospitality,190.97
1/06/2018,Tasman/Nelson/Marlborough/West Coast,IT,226.92
1/06/2018,Tasman/Nelson/Marlborough/West Coast,Labourers,466.9
1/06/2018,Tasman/Nelson/Marlborough/West Coast,Low-Skilled,294.42
1/06/2018,Tasman/Nelson/Marlborough/West Coast,Machinery Operators and Drivers,310.3
1/06/2018,Tasman/Nelson/Marlborough/West Coast,Managers,246.8
1/06/2018,Tasman/Nelson/Marlborough/West Coast,Manufacturing,447.83
1/06/2018,Tasman/Nelson/Marlborough/West Coast,Other,427.63
1/06/2018,Tasman/Nelson/Marlborough/West Coast,Primary,278.49
1/06/2018,Tasman/Nelson/Marlborough/West Coast,Professionals,161.8
1/06/2018,Tasman/Nelson/Marlborough/West Coast,Sales,208.93
1/06/2018,Tasman/Nelson/Marlborough/West Coast,Sales Workers,226.7
1/06/2018,Tasman/Nelson/Marlborough/West Coast,Semi-Skilled,470.34
1/06/2018,Tasman/Nelson/Marlborough/West Coast,Skilled,134.26
1/06/2018,Tasman/Nelson/Marlborough/West Coast,SkilledIndex,228.7
1/06/2018,Tasman/Nelson/Marlborough/West Coast,Technicians and Trades Workers,373.4
1/06/2018,Tasman/Nelson/Marlborough/West Coast,Unskilled,340.13
1/06/2018,Tasman/Nelson/Marlborough/West Coast,UnskilledIndex,308.1
1/06/2018,Totals,Auckland,216.69
1/06/2018,Totals,Bay of Plenty,315.74
1/06/2018,Totals,Business services,206.61
1/06/2018,Totals,Canterbury,233.19
1/06/2018,Totals,Clerical and Administrative Workers,223.1
1/06/2018,Totals,Community and Personal Service Workers,260.9
1/06/2018,Totals,Construction,351.65
1/06/2018,Totals,Education,99.72
1/06/2018,Totals,Gisborne/Hawkes Bay,231.57
1/06/2018,Totals,Health care,220.6
1/06/2018,Totals,Highly-Skilled,187.51
1/06/2018,Totals,Hospitality,234.2
1/06/2018,Totals,IT,105.16
1/06/2018,Totals,Labourers,466.2
1/06/2018,Totals,Low-Skilled,261.08
1/06/2018,Totals,Machinery Operators and Drivers,425
1/06/2018,Totals,Managers,196.8
1/06/2018,Totals,Manawatu-Whanganui/Taranaki,215.9
1/06/2018,Totals,Manufacturing,340.15
1/06/2018,Totals,Northland,243.98
1/06/2018,Totals,Otago/Southland,298.85
1/06/2018,Totals,Other,354.22
1/06/2018,Totals,Primary,310.32
1/06/2018,Totals,Professionals,164.6
1/06/2018,Totals,Sales,192
1/06/2018,Totals,Sales Workers,214.2
1/06/2018,Totals,Semi-Skilled,395.06
1/06/2018,Totals,Skilled,181.46
1/06/2018,Totals,SkilledIndex,204.6
1/06/2018,Totals,Tasman/Nelson/Marlborough/West Coast,253.74
1/06/2018,Totals,Technicians and Trades Workers,341.7
1/06/2018,Totals,TotalsIndex,220.59
1/06/2018,Totals,Unskilled,301.68
1/06/2018,Totals,UnskilledIndex,271.2
1/06/2018,Totals,Waikato,258.63
1/06/2018,Totals,Wellington,167.98
1/06/2018,Waikato,Business services,238
1/06/2018,Waikato,Clerical and Administrative Workers,270.1
1/06/2018,Waikato,Community and Personal Service Workers,296.3
1/06/2018,Waikato,Construction,368.21
1/06/2018,Waikato,Education,88.39
1/06/2018,Waikato,Health care,297.75
1/06/2018,Waikato,Highly-Skilled,234.21
1/06/2018,Waikato,Hospitality,223.21
1/06/2018,Waikato,IT,132.66
1/06/2018,Waikato,Labourers,505.9
1/06/2018,Waikato,Low-Skilled,307.56
1/06/2018,Waikato,Machinery Operators and Drivers,384.2
1/06/2018,Waikato,Managers,254.9
1/06/2018,Waikato,Manufacturing,370.42
1/06/2018,Waikato,Other,390.48
1/06/2018,Waikato,Primary,386.32
1/06/2018,Waikato,Professionals,173.4
1/06/2018,Waikato,Sales,198.18
1/06/2018,Waikato,Sales Workers,228.6
1/06/2018,Waikato,Semi-Skilled,412.21
1/06/2018,Waikato,Skilled,183.29
1/06/2018,Waikato,SkilledIndex,239.8
1/06/2018,Waikato,Technicians and Trades Workers,373.6
1/06/2018,Waikato,Unskilled,310.2
1/06/2018,Waikato,UnskilledIndex,308.3
1/06/2018,Wellington,Business services,175.69
1/06/2018,Wellington,Clerical and Administrative Workers,175.5
1/06/2018,Wellington,Community and Personal Service Workers,235
1/06/2018,Wellington,Construction,290.16
1/06/2018,Wellington,Education,102.78
1/06/2018,Wellington,Health care,188.39
1/06/2018,Wellington,Highly-Skilled,141.32
1/06/2018,Wellington,Hospitality,239.62
1/06/2018,Wellington,IT,84.05
1/06/2018,Wellington,Labourers,426.7
1/06/2018,Wellington,Low-Skilled,222.78
1/06/2018,Wellington,Machinery Operators and Drivers,423.7
1/06/2018,Wellington,Managers,143.1
1/06/2018,Wellington,Manufacturing,289.92
1/06/2018,Wellington,Other,240.71
1/06/2018,Wellington,Primary,223.88
1/06/2018,Wellington,Professionals,132.3
1/06/2018,Wellington,Sales,153.66
1/06/2018,Wellington,Sales Workers,182.8
1/06/2018,Wellington,Semi-Skilled,304.39
1/06/2018,Wellington,Skilled,150.34
1/06/2018,Wellington,SkilledIndex,152.9
1/06/2018,Wellington,Technicians and Trades Workers,245
1/06/2018,Wellington,Unskilled,249.27
1/06/2018,Wellington,UnskilledIndex,229.6
1/09/2018,Auckland,Business services,185.8
1/09/2018,Auckland,Clerical and Administrative Workers,209.4
1/09/2018,Auckland,Community and Personal Service Workers,292.7
1/09/2018,Auckland,Construction,375.76
1/09/2018,Auckland,Education,123.04
1/09/2018,Auckland,Health care,208.09
1/09/2018,Auckland,Highly-Skilled,182.49
1/09/2018,Auckland,Hospitality,268.62
1/09/2018,Auckland,IT,115.84
1/09/2018,Auckland,Labourers,530.9
1/09/2018,Auckland,Low-Skilled,255.02
1/09/2018,Auckland,Machinery Operators and Drivers,483.8
1/09/2018,Auckland,Managers,193.3
1/09/2018,Auckland,Manufacturing,338.26
1/09/2018,Auckland,Other,362.64
1/09/2018,Auckland,Primary,260.54
1/09/2018,Auckland,Professionals,166.7
1/09/2018,Auckland,Sales,197.7
1/09/2018,Auckland,Sales Workers,232.1
1/09/2018,Auckland,Semi-Skilled,399.72
1/09/2018,Auckland,Skilled,207.84
1/09/2018,Auckland,SkilledIndex,204
1/09/2018,Auckland,Technicians and Trades Workers,356.5
1/09/2018,Auckland,Unskilled,349.56
1/09/2018,Auckland,UnskilledIndex,274.8
1/09/2018,Bay of Plenty,Business services,334.72
1/09/2018,Bay of Plenty,Clerical and Administrative Workers,322.6
1/09/2018,Bay of Plenty,Community and Personal Service Workers,264.8
1/09/2018,Bay of Plenty,Construction,470.55
1/09/2018,Bay of Plenty,Education,112.13
1/09/2018,Bay of Plenty,Health care,362.2
1/09/2018,Bay of Plenty,Highly-Skilled,331.64
1/09/2018,Bay of Plenty,Hospitality,272.41
1/09/2018,Bay of Plenty,IT,206.02
1/09/2018,Bay of Plenty,Labourers,603.1
1/09/2018,Bay of Plenty,Low-Skilled,349.9
1/09/2018,Bay of Plenty,Machinery Operators and Drivers,622.9
1/09/2018,Bay of Plenty,Managers,322.9
1/09/2018,Bay of Plenty,Manufacturing,483.42
1/09/2018,Bay of Plenty,Other,512.5
1/09/2018,Bay of Plenty,Primary,613.64
1/09/2018,Bay of Plenty,Professionals,246.3
1/09/2018,Bay of Plenty,Sales,257.03
1/09/2018,Bay of Plenty,Sales Workers,297.3
1/09/2018,Bay of Plenty,Semi-Skilled,536.36
1/09/2018,Bay of Plenty,Skilled,224.54
1/09/2018,Bay of Plenty,SkilledIndex,321.2
1/09/2018,Bay of Plenty,Technicians and Trades Workers,449.2
1/09/2018,Bay of Plenty,Unskilled,411.76
1/09/2018,Bay of Plenty,UnskilledIndex,367.9
1/09/2018,Canterbury,Business services,212.37
1/09/2018,Canterbury,Clerical and Administrative Workers,204.6
1/09/2018,Canterbury,Community and Personal Service Workers,215
1/09/2018,Canterbury,Construction,326.7
1/09/2018,Canterbury,Education,99.7
1/09/2018,Canterbury,Health care,247.34
1/09/2018,Canterbury,Highly-Skilled,207.72
1/09/2018,Canterbury,Hospitality,215.19
1/09/2018,Canterbury,IT,124.07
1/09/2018,Canterbury,Labourers,399.4
1/09/2018,Canterbury,Low-Skilled,250.88
1/09/2018,Canterbury,Machinery Operators and Drivers,422.8
1/09/2018,Canterbury,Managers,207.6
1/09/2018,Canterbury,Manufacturing,348.31
1/09/2018,Canterbury,Other,523.26
1/09/2018,Canterbury,Primary,350.62
1/09/2018,Canterbury,Professionals,181.6
1/09/2018,Canterbury,Sales,166.74
1/09/2018,Canterbury,Sales Workers,187.9
1/09/2018,Canterbury,Semi-Skilled,397.13
1/09/2018,Canterbury,Skilled,188.26
1/09/2018,Canterbury,SkilledIndex,226
1/09/2018,Canterbury,Technicians and Trades Workers,345.2
1/09/2018,Canterbury,Unskilled,261.46
1/09/2018,Canterbury,UnskilledIndex,254
1/09/2018,Gisborne/Hawkes Bay,Business services,352.48
1/09/2018,Gisborne/Hawkes Bay,Clerical and Administrative Workers,358.4
1/09/2018,Gisborne/Hawkes Bay,Community and Personal Service Workers,213.2
1/09/2018,Gisborne/Hawkes Bay,Construction,307.2
1/09/2018,Gisborne/Hawkes Bay,Education,78.78
1/09/2018,Gisborne/Hawkes Bay,Health care,235.2
1/09/2018,Gisborne/Hawkes Bay,Highly-Skilled,273.86
1/09/2018,Gisborne/Hawkes Bay,Hospitality,231.2
1/09/2018,Gisborne/Hawkes Bay,IT,229.63
1/09/2018,Gisborne/Hawkes Bay,Labourers,388.9
1/09/2018,Gisborne/Hawkes Bay,Low-Skilled,274.45
1/09/2018,Gisborne/Hawkes Bay,Machinery Operators and Drivers,407.2
1/09/2018,Gisborne/Hawkes Bay,Managers,307.5
1/09/2018,Gisborne/Hawkes Bay,Manufacturing,365.32
1/09/2018,Gisborne/Hawkes Bay,Other,401.32
1/09/2018,Gisborne/Hawkes Bay,Primary,538.1
1/09/2018,Gisborne/Hawkes Bay,Professionals,178
1/09/2018,Gisborne/Hawkes Bay,Sales,259
1/09/2018,Gisborne/Hawkes Bay,Sales Workers,242.1
1/09/2018,Gisborne/Hawkes Bay,Semi-Skilled,382.43
1/09/2018,Gisborne/Hawkes Bay,Skilled,157.66
1/09/2018,Gisborne/Hawkes Bay,SkilledIndex,247.4
1/09/2018,Gisborne/Hawkes Bay,Technicians and Trades Workers,319.1
1/09/2018,Gisborne/Hawkes Bay,Unskilled,358.4
1/09/2018,Gisborne/Hawkes Bay,UnskilledIndex,297.2
1/09/2018,Manawatu-Whanganui/Taranaki,Business services,252.43
1/09/2018,Manawatu-Whanganui/Taranaki,Clerical and Administrative Workers,260.5
1/09/2018,Manawatu-Whanganui/Taranaki,Community and Personal Service Workers,307
1/09/2018,Manawatu-Whanganui/Taranaki,Construction,242.86
1/09/2018,Manawatu-Whanganui/Taranaki,Education,109.21
1/09/2018,Manawatu-Whanganui/Taranaki,Health care,299.56
1/09/2018,Manawatu-Whanganui/Taranaki,Highly-Skilled,228.64
1/09/2018,Manawatu-Whanganui/Taranaki,Hospitality,277.44
1/09/2018,Manawatu-Whanganui/Taranaki,IT,191.76
1/09/2018,Manawatu-Whanganui/Taranaki,Labourers,594
1/09/2018,Manawatu-Whanganui/Taranaki,Low-Skilled,311.54
1/09/2018,Manawatu-Whanganui/Taranaki,Machinery Operators and Drivers,402.9
1/09/2018,Manawatu-Whanganui/Taranaki,Managers,183.6
1/09/2018,Manawatu-Whanganui/Taranaki,Manufacturing,335.65
1/09/2018,Manawatu-Whanganui/Taranaki,Other,323.18
1/09/2018,Manawatu-Whanganui/Taranaki,Primary,370
1/09/2018,Manawatu-Whanganui/Taranaki,Professionals,174.6
1/09/2018,Manawatu-Whanganui/Taranaki,Sales,180
1/09/2018,Manawatu-Whanganui/Taranaki,Sales Workers,211.1
1/09/2018,Manawatu-Whanganui/Taranaki,Semi-Skilled,346.95
1/09/2018,Manawatu-Whanganui/Taranaki,Skilled,135.98
1/09/2018,Manawatu-Whanganui/Taranaki,SkilledIndex,206.3
1/09/2018,Manawatu-Whanganui/Taranaki,Technicians and Trades Workers,287.4
1/09/2018,Manawatu-Whanganui/Taranaki,Unskilled,356.07
1/09/2018,Manawatu-Whanganui/Taranaki,UnskilledIndex,324.2
1/09/2018,Northland,Business services,230
1/09/2018,Northland,Clerical and Administrative Workers,294.2
1/09/2018,Northland,Community and Personal Service Workers,346.8
1/09/2018,Northland,Construction,391.22
1/09/2018,Northland,Education,85.39
1/09/2018,Northland,Health care,232.76
1/09/2018,Northland,Highly-Skilled,264.62
1/09/2018,Northland,Hospitality,336.21
1/09/2018,Northland,IT,185.71
1/09/2018,Northland,Labourers,454.8
1/09/2018,Northland,Low-Skilled,310.37
1/09/2018,Northland,Machinery Operators and Drivers,533.3
1/09/2018,Northland,Managers,304
1/09/2018,Northland,Manufacturing,382.14
1/09/2018,Northland,Other,947.06
1/09/2018,Northland,Primary,325.64
1/09/2018,Northland,Professionals,172.4
1/09/2018,Northland,Sales,222.31
1/09/2018,Northland,Sales Workers,194.6
1/09/2018,Northland,Semi-Skilled,392.39
1/09/2018,Northland,Skilled,157.08
1/09/2018,Northland,SkilledIndex,237
1/09/2018,Northland,Technicians and Trades Workers,372.2
1/09/2018,Northland,Unskilled,354.29
1/09/2018,Northland,UnskilledIndex,322.3
1/09/2018,Otago/Southland,Business services,332.53
1/09/2018,Otago/Southland,Clerical and Administrative Workers,369
1/09/2018,Otago/Southland,Community and Personal Service Workers,402.6
1/09/2018,Otago/Southland,Construction,590.93
1/09/2018,Otago/Southland,Education,99.68
1/09/2018,Otago/Southland,Health care,328.84
1/09/2018,Otago/Southland,Highly-Skilled,294.87
1/09/2018,Otago/Southland,Hospitality,378.46
1/09/2018,Otago/Southland,IT,164.52
1/09/2018,Otago/Southland,Labourers,655.7
1/09/2018,Otago/Southland,Low-Skilled,416.46
1/09/2018,Otago/Southland,Machinery Operators and Drivers,632.7
1/09/2018,Otago/Southland,Managers,290.6
1/09/2018,Otago/Southland,Manufacturing,519.38
1/09/2018,Otago/Southland,Other,644.05
1/09/2018,Otago/Southland,Primary,338.53
1/09/2018,Otago/Southland,Professionals,223.2
1/09/2018,Otago/Southland,Sales,264.85
1/09/2018,Otago/Southland,Sales Workers,307.2
1/09/2018,Otago/Southland,Semi-Skilled,662.25
1/09/2018,Otago/Southland,Skilled,237.36
1/09/2018,Otago/Southland,SkilledIndex,324
1/09/2018,Otago/Southland,Technicians and Trades Workers,523.4
1/09/2018,Otago/Southland,Unskilled,441.86
1/09/2018,Otago/Southland,UnskilledIndex,424.4
1/09/2018,Tasman/Nelson/Marlborough/West Coast,Business services,250.57
1/09/2018,Tasman/Nelson/Marlborough/West Coast,Clerical and Administrative Workers,321.1
1/09/2018,Tasman/Nelson/Marlborough/West Coast,Community and Personal Service Workers,296.2
1/09/2018,Tasman/Nelson/Marlborough/West Coast,Construction,428.81
1/09/2018,Tasman/Nelson/Marlborough/West Coast,Education,75.65
1/09/2018,Tasman/Nelson/Marlborough/West Coast,Health care,377.91
1/09/2018,Tasman/Nelson/Marlborough/West Coast,Highly-Skilled,273.19
1/09/2018,Tasman/Nelson/Marlborough/West Coast,Hospitality,293.55
1/09/2018,Tasman/Nelson/Marlborough/West Coast,IT,165.38
1/09/2018,Tasman/Nelson/Marlborough/West Coast,Labourers,509.9
1/09/2018,Tasman/Nelson/Marlborough/West Coast,Low-Skilled,331.18
1/09/2018,Tasman/Nelson/Marlborough/West Coast,Machinery Operators and Drivers,381.4
1/09/2018,Tasman/Nelson/Marlborough/West Coast,Managers,282.6
1/09/2018,Tasman/Nelson/Marlborough/West Coast,Manufacturing,511.96
1/09/2018,Tasman/Nelson/Marlborough/West Coast,Other,493.42
1/09/2018,Tasman/Nelson/Marlborough/West Coast,Primary,386.02
1/09/2018,Tasman/Nelson/Marlborough/West Coast,Professionals,179.3
1/09/2018,Tasman/Nelson/Marlborough/West Coast,Sales,216.07
1/09/2018,Tasman/Nelson/Marlborough/West Coast,Sales Workers,239.7
1/09/2018,Tasman/Nelson/Marlborough/West Coast,Semi-Skilled,512.71
1/09/2018,Tasman/Nelson/Marlborough/West Coast,Skilled,168.17
1/09/2018,Tasman/Nelson/Marlborough/West Coast,SkilledIndex,256.7
1/09/2018,Tasman/Nelson/Marlborough/West Coast,Technicians and Trades Workers,399.5
1/09/2018,Tasman/Nelson/Marlborough/West Coast,Unskilled,371.39
1/09/2018,Tasman/Nelson/Marlborough/West Coast,UnskilledIndex,343.2
1/09/2018,Totals,Auckland,219.44
1/09/2018,Totals,Bay of Plenty,335.04
1/09/2018,Totals,Business services,203
1/09/2018,Totals,Canterbury,233.73
1/09/2018,Totals,Clerical and Administrative Workers,220.4
1/09/2018,Totals,Community and Personal Service Workers,278.3
1/09/2018,Totals,Construction,358.81
1/09/2018,Totals,Education,108.64
1/09/2018,Totals,Gisborne/Hawkes Bay,260.74
1/09/2018,Totals,Health care,241.4
1/09/2018,Totals,Highly-Skilled,192.99
1/09/2018,Totals,Hospitality,264.52
1/09/2018,Totals,IT,110.63
1/09/2018,Totals,Labourers,503.6
1/09/2018,Totals,Low-Skilled,269.85
1/09/2018,Totals,Machinery Operators and Drivers,466.8
1/09/2018,Totals,Managers,198
1/09/2018,Totals,Manawatu-Whanganui/Taranaki,235.76
1/09/2018,Totals,Manufacturing,358.95
1/09/2018,Totals,Northland,260.57
1/09/2018,Totals,Otago/Southland,350.69
1/09/2018,Totals,Other,378.32
1/09/2018,Totals,Primary,360.27
1/09/2018,Totals,Professionals,174.4
1/09/2018,Totals,Sales,193.85
1/09/2018,Totals,Sales Workers,227.6
1/09/2018,Totals,Semi-Skilled,411.9
1/09/2018,Totals,Skilled,189.89
1/09/2018,Totals,SkilledIndex,211.9
1/09/2018,Totals,Tasman/Nelson/Marlborough/West Coast,287.34
1/09/2018,Totals,Technicians and Trades Workers,352.8
1/09/2018,Totals,TotalsIndex,229.4
1/09/2018,Totals,Unskilled,330.79
1/09/2018,Totals,UnskilledIndex,285.1
1/09/2018,Totals,Waikato,271.82
1/09/2018,Totals,Wellington,175.64
1/09/2018,Waikato,Business services,238.37
1/09/2018,Waikato,Clerical and Administrative Workers,276.2
1/09/2018,Waikato,Community and Personal Service Workers,325.3
1/09/2018,Waikato,Construction,368.92
1/09/2018,Waikato,Education,103.66
1/09/2018,Waikato,Health care,304.98
1/09/2018,Waikato,Highly-Skilled,238.86
1/09/2018,Waikato,Hospitality,266.96
1/09/2018,Waikato,IT,148.74
1/09/2018,Waikato,Labourers,556.6
1/09/2018,Waikato,Low-Skilled,323.45
1/09/2018,Waikato,Machinery Operators and Drivers,418.7
1/09/2018,Waikato,Managers,247.9
1/09/2018,Waikato,Manufacturing,412.86
1/09/2018,Waikato,Other,440.21
1/09/2018,Waikato,Primary,383.16
1/09/2018,Waikato,Professionals,185.5
1/09/2018,Waikato,Sales,203.94
1/09/2018,Waikato,Sales Workers,227.3
1/09/2018,Waikato,Semi-Skilled,446.2
1/09/2018,Waikato,Skilled,195.07
1/09/2018,Waikato,SkilledIndex,250.3
1/09/2018,Waikato,Technicians and Trades Workers,400.9
1/09/2018,Waikato,Unskilled,337.5
1/09/2018,Waikato,UnskilledIndex,327.6
1/09/2018,Wellington,Business services,188.66
1/09/2018,Wellington,Clerical and Administrative Workers,171.5
1/09/2018,Wellington,Community and Personal Service Workers,242.2
1/09/2018,Wellington,Construction,278.12
1/09/2018,Wellington,Education,114.91
1/09/2018,Wellington,Health care,206.82
1/09/2018,Wellington,Highly-Skilled,152.41
1/09/2018,Wellington,Hospitality,249.33
1/09/2018,Wellington,IT,89.56
1/09/2018,Wellington,Labourers,447.7
1/09/2018,Wellington,Low-Skilled,221.1
1/09/2018,Wellington,Machinery Operators and Drivers,423.7
1/09/2018,Wellington,Managers,148.1
1/09/2018,Wellington,Manufacturing,290.74
1/09/2018,Wellington,Other,264.43
1/09/2018,Wellington,Primary,310.45
1/09/2018,Wellington,Professionals,147.2
1/09/2018,Wellington,Sales,157.17
1/09/2018,Wellington,Sales Workers,203.4
1/09/2018,Wellington,Semi-Skilled,308
1/09/2018,Wellington,Skilled,159.72
1/09/2018,Wellington,SkilledIndex,163.1
1/09/2018,Wellington,Technicians and Trades Workers,246
1/09/2018,Wellington,Unskilled,265.65
1/09/2018,Wellington,UnskilledIndex,232.7
1/12/2018,Auckland,Business services,149.13
1/12/2018,Auckland,Clerical and Administrative Workers,166.4
1/12/2018,Auckland,Community and Personal Service Workers,257.4
1/12/2018,Auckland,Construction,326.63
1/12/2018,Auckland,Education,122.48
1/12/2018,Auckland,Health care,181.76
1/12/2018,Auckland,Highly-Skilled,152.91
1/12/2018,Auckland,Hospitality,241.91
1/12/2018,Auckland,IT,98.16
1/12/2018,Auckland,Labourers,459.8
1/12/2018,Auckland,Low-Skilled,216.47
1/12/2018,Auckland,Machinery Operators and Drivers,426.6
1/12/2018,Auckland,Managers,160.3
1/12/2018,Auckland,Manufacturing,278.61
1/12/2018,Auckland,Other,297.69
1/12/2018,Auckland,Primary,231.97
1/12/2018,Auckland,Professionals,143.8
1/12/2018,Auckland,Sales,157.32
1/12/2018,Auckland,Sales Workers,191.1
1/12/2018,Auckland,Semi-Skilled,319.36
1/12/2018,Auckland,Skilled,183.94
1/12/2018,Auckland,SkilledIndex,171.8
1/12/2018,Auckland,Technicians and Trades Workers,298.1
1/12/2018,Auckland,Unskilled,288.47
1/12/2018,Auckland,UnskilledIndex,231.5
1/12/2018,Bay of Plenty,Business services,295.85
1/12/2018,Bay of Plenty,Clerical and Administrative Workers,318.3
1/12/2018,Bay of Plenty,Community and Personal Service Workers,256.8
1/12/2018,Bay of Plenty,Construction,400.23
1/12/2018,Bay of Plenty,Education,111.15
1/12/2018,Bay of Plenty,Health care,335.42
1/12/2018,Bay of Plenty,Highly-Skilled,302.5
1/12/2018,Bay of Plenty,Hospitality,258.13
1/12/2018,Bay of Plenty,IT,226.51
1/12/2018,Bay of Plenty,Labourers,569.4
1/12/2018,Bay of Plenty,Low-Skilled,319.42
1/12/2018,Bay of Plenty,Machinery Operators and Drivers,540.6
1/12/2018,Bay of Plenty,Managers,296
1/12/2018,Bay of Plenty,Manufacturing,468.98
1/12/2018,Bay of Plenty,Other,437.5
1/12/2018,Bay of Plenty,Primary,538.64
1/12/2018,Bay of Plenty,Professionals,234
1/12/2018,Bay of Plenty,Sales,237.03
1/12/2018,Bay of Plenty,Sales Workers,248.6
1/12/2018,Bay of Plenty,Semi-Skilled,420.2
1/12/2018,Bay of Plenty,Skilled,219.67
1/12/2018,Bay of Plenty,SkilledIndex,288.7
1/12/2018,Bay of Plenty,Technicians and Trades Workers,363.3
1/12/2018,Bay of Plenty,Unskilled,384.41
1/12/2018,Bay of Plenty,UnskilledIndex,338.3
1/12/2018,Canterbury,Business services,168.08
1/12/2018,Canterbury,Clerical and Administrative Workers,157.3
1/12/2018,Canterbury,Community and Personal Service Workers,184
1/12/2018,Canterbury,Construction,278.26
1/12/2018,Canterbury,Education,104.41
1/12/2018,Canterbury,Health care,226.77
1/12/2018,Canterbury,Highly-Skilled,177.95
1/12/2018,Canterbury,Hospitality,174.89
1/12/2018,Canterbury,IT,106.68
1/12/2018,Canterbury,Labourers,352.9
1/12/2018,Canterbury,Low-Skilled,218.34
1/12/2018,Canterbury,Machinery Operators and Drivers,417.8
1/12/2018,Canterbury,Managers,176.7
1/12/2018,Canterbury,Manufacturing,317.58
1/12/2018,Canterbury,Other,449.77
1/12/2018,Canterbury,Primary,264.2
1/12/2018,Canterbury,Professionals,158.6
1/12/2018,Canterbury,Sales,134.96
1/12/2018,Canterbury,Sales Workers,151.6
1/12/2018,Canterbury,Semi-Skilled,333.58
1/12/2018,Canterbury,Skilled,150.61
1/12/2018,Canterbury,SkilledIndex,189.6
1/12/2018,Canterbury,Technicians and Trades Workers,282.8
1/12/2018,Canterbury,Unskilled,226.57
1/12/2018,Canterbury,UnskilledIndex,220.8
1/12/2018,Gisborne/Hawkes Bay,Business services,312.06
1/12/2018,Gisborne/Hawkes Bay,Clerical and Administrative Workers,392
1/12/2018,Gisborne/Hawkes Bay,Community and Personal Service Workers,227.2
1/12/2018,Gisborne/Hawkes Bay,Construction,290.91
1/12/2018,Gisborne/Hawkes Bay,Education,100.41
1/12/2018,Gisborne/Hawkes Bay,Health care,210.77
1/12/2018,Gisborne/Hawkes Bay,Highly-Skilled,229.38
1/12/2018,Gisborne/Hawkes Bay,Hospitality,221.6
1/12/2018,Gisborne/Hawkes Bay,IT,266.67
1/12/2018,Gisborne/Hawkes Bay,Labourers,462.7
1/12/2018,Gisborne/Hawkes Bay,Low-Skilled,285.46
1/12/2018,Gisborne/Hawkes Bay,Machinery Operators and Drivers,440.6
1/12/2018,Gisborne/Hawkes Bay,Managers,272.8
1/12/2018,Gisborne/Hawkes Bay,Manufacturing,457.26
1/12/2018,Gisborne/Hawkes Bay,Other,350
1/12/2018,Gisborne/Hawkes Bay,Primary,401.59
1/12/2018,Gisborne/Hawkes Bay,Professionals,156.7
1/12/2018,Gisborne/Hawkes Bay,Sales,210.5
1/12/2018,Gisborne/Hawkes Bay,Sales Workers,196
1/12/2018,Gisborne/Hawkes Bay,Semi-Skilled,310.81
1/12/2018,Gisborne/Hawkes Bay,Skilled,159.9
1/12/2018,Gisborne/Hawkes Bay,SkilledIndex,216.1
1/12/2018,Gisborne/Hawkes Bay,Technicians and Trades Workers,260.4
1/12/2018,Gisborne/Hawkes Bay,Unskilled,392.8
1/12/2018,Gisborne/Hawkes Bay,UnskilledIndex,314.6
1/12/2018,Manawatu-Whanganui/Taranaki,Business services,223.97
1/12/2018,Manawatu-Whanganui/Taranaki,Clerical and Administrative Workers,224.4
1/12/2018,Manawatu-Whanganui/Taranaki,Community and Personal Service Workers,265.7
1/12/2018,Manawatu-Whanganui/Taranaki,Construction,211.81
1/12/2018,Manawatu-Whanganui/Taranaki,Education,124.12
1/12/2018,Manawatu-Whanganui/Taranaki,Health care,281.39
1/12/2018,Manawatu-Whanganui/Taranaki,Highly-Skilled,204.53
1/12/2018,Manawatu-Whanganui/Taranaki,Hospitality,224.06
1/12/2018,Manawatu-Whanganui/Taranaki,IT,130.59
1/12/2018,Manawatu-Whanganui/Taranaki,Labourers,503.6
1/12/2018,Manawatu-Whanganui/Taranaki,Low-Skilled,265.8
1/12/2018,Manawatu-Whanganui/Taranaki,Machinery Operators and Drivers,339.4
1/12/2018,Manawatu-Whanganui/Taranaki,Managers,183.3
1/12/2018,Manawatu-Whanganui/Taranaki,Manufacturing,289.57
1/12/2018,Manawatu-Whanganui/Taranaki,Other,271.52
1/12/2018,Manawatu-Whanganui/Taranaki,Primary,294.29
1/12/2018,Manawatu-Whanganui/Taranaki,Professionals,159.2
1/12/2018,Manawatu-Whanganui/Taranaki,Sales,158.8
1/12/2018,Manawatu-Whanganui/Taranaki,Sales Workers,191.9
1/12/2018,Manawatu-Whanganui/Taranaki,Semi-Skilled,292.75
1/12/2018,Manawatu-Whanganui/Taranaki,Skilled,133.54
1/12/2018,Manawatu-Whanganui/Taranaki,SkilledIndex,187.1
1/12/2018,Manawatu-Whanganui/Taranaki,Technicians and Trades Workers,253.9
1/12/2018,Manawatu-Whanganui/Taranaki,Unskilled,329.95
1/12/2018,Manawatu-Whanganui/Taranaki,UnskilledIndex,284
1/12/2018,Northland,Business services,196.92
1/12/2018,Northland,Clerical and Administrative Workers,295.3
1/12/2018,Northland,Community and Personal Service Workers,339.3
1/12/2018,Northland,Construction,370.95
1/12/2018,Northland,Education,110.05
1/12/2018,Northland,Health care,227.59
1/12/2018,Northland,Highly-Skilled,248.57
1/12/2018,Northland,Hospitality,374.14
1/12/2018,Northland,IT,150
1/12/2018,Northland,Labourers,407.1
1/12/2018,Northland,Low-Skilled,316.75
1/12/2018,Northland,Machinery Operators and Drivers,496.7
1/12/2018,Northland,Managers,249.5
1/12/2018,Northland,Manufacturing,367.86
1/12/2018,Northland,Other,802.94
1/12/2018,Northland,Primary,238.46
1/12/2018,Northland,Professionals,188.1
1/12/2018,Northland,Sales,223.85
1/12/2018,Northland,Sales Workers,188
1/12/2018,Northland,Semi-Skilled,303.26
1/12/2018,Northland,Skilled,180.14
1/12/2018,Northland,SkilledIndex,227.7
1/12/2018,Northland,Technicians and Trades Workers,332.5
1/12/2018,Northland,Unskilled,330
1/12/2018,Northland,UnskilledIndex,320.3
1/12/2018,Otago/Southland,Business services,328.77
1/12/2018,Otago/Southland,Clerical and Administrative Workers,360.6
1/12/2018,Otago/Southland,Community and Personal Service Workers,392.2
1/12/2018,Otago/Southland,Construction,541.81
1/12/2018,Otago/Southland,Education,90.22
1/12/2018,Otago/Southland,Health care,301.69
1/12/2018,Otago/Southland,Highly-Skilled,280.25
1/12/2018,Otago/Southland,Hospitality,390.65
1/12/2018,Otago/Southland,IT,156.99
1/12/2018,Otago/Southland,Labourers,669.1
1/12/2018,Otago/Southland,Low-Skilled,376.58
1/12/2018,Otago/Southland,Machinery Operators and Drivers,478.2
1/12/2018,Otago/Southland,Managers,278.1
1/12/2018,Otago/Southland,Manufacturing,443.13
1/12/2018,Otago/Southland,Other,633.33
1/12/2018,Otago/Southland,Primary,247.71
1/12/2018,Otago/Southland,Professionals,210.5
1/12/2018,Otago/Southland,Sales,239
1/12/2018,Otago/Southland,Sales Workers,272.5
1/12/2018,Otago/Southland,Semi-Skilled,534.31
1/12/2018,Otago/Southland,Skilled,227.32
1/12/2018,Otago/Southland,SkilledIndex,295.7
1/12/2018,Otago/Southland,Technicians and Trades Workers,461.6
1/12/2018,Otago/Southland,Unskilled,446.98
1/12/2018,Otago/Southland,UnskilledIndex,398.5
1/12/2018,Tasman/Nelson/Marlborough/West Coast,Business services,222.99
1/12/2018,Tasman/Nelson/Marlborough/West Coast,Clerical and Administrative Workers,290.3
1/12/2018,Tasman/Nelson/Marlborough/West Coast,Community and Personal Service Workers,286.3
1/12/2018,Tasman/Nelson/Marlborough/West Coast,Construction,386.86
1/12/2018,Tasman/Nelson/Marlborough/West Coast,Education,88.7
1/12/2018,Tasman/Nelson/Marlborough/West Coast,Health care,334.55
1/12/2018,Tasman/Nelson/Marlborough/West Coast,Highly-Skilled,227.41
1/12/2018,Tasman/Nelson/Marlborough/West Coast,Hospitality,269.03
1/12/2018,Tasman/Nelson/Marlborough/West Coast,IT,173.08
1/12/2018,Tasman/Nelson/Marlborough/West Coast,Labourers,524.3
1/12/2018,Tasman/Nelson/Marlborough/West Coast,Low-Skilled,327.69
1/12/2018,Tasman/Nelson/Marlborough/West Coast,Machinery Operators and Drivers,390
1/12/2018,Tasman/Nelson/Marlborough/West Coast,Managers,215.8
1/12/2018,Tasman/Nelson/Marlborough/West Coast,Manufacturing,490.22
1/12/2018,Tasman/Nelson/Marlborough/West Coast,Other,340.79
1/12/2018,Tasman/Nelson/Marlborough/West Coast,Primary,301.08
1/12/2018,Tasman/Nelson/Marlborough/West Coast,Professionals,161.1
1/12/2018,Tasman/Nelson/Marlborough/West Coast,Sales,211.16
1/12/2018,Tasman/Nelson/Marlborough/West Coast,Sales Workers,236.2
1/12/2018,Tasman/Nelson/Marlborough/West Coast,Semi-Skilled,453.39
1/12/2018,Tasman/Nelson/Marlborough/West Coast,Skilled,142.91
1/12/2018,Tasman/Nelson/Marlborough/West Coast,SkilledIndex,218
1/12/2018,Tasman/Nelson/Marlborough/West Coast,Technicians and Trades Workers,342.5
1/12/2018,Tasman/Nelson/Marlborough/West Coast,Unskilled,385.53
1/12/2018,Tasman/Nelson/Marlborough/West Coast,UnskilledIndex,345
1/12/2018,Totals,Auckland,184.72
1/12/2018,Totals,Bay of Plenty,303.68
1/12/2018,Totals,Business services,165.42
1/12/2018,Totals,Canterbury,199.04
1/12/2018,Totals,Clerical and Administrative Workers,184.5
1/12/2018,Totals,Community and Personal Service Workers,250.6
1/12/2018,Totals,Construction,314.21
1/12/2018,Totals,Education,114.32
1/12/2018,Totals,Gisborne/Hawkes Bay,246.54
1/12/2018,Totals,Health care,214.02
1/12/2018,Totals,Highly-Skilled,162.98
1/12/2018,Totals,Hospitality,239.41
1/12/2018,Totals,IT,92.76
1/12/2018,Totals,Labourers,454.2
1/12/2018,Totals,Low-Skilled,235.62
1/12/2018,Totals,Machinery Operators and Drivers,416.4
1/12/2018,Totals,Managers,167.3
1/12/2018,Totals,Manawatu-Whanganui/Taranaki,209.17
1/12/2018,Totals,Manufacturing,310.59
1/12/2018,Totals,Northland,250.13
1/12/2018,Totals,Otago/Southland,325.04
1/12/2018,Totals,Other,317.28
1/12/2018,Totals,Primary,285.13
1/12/2018,Totals,Professionals,151.8
1/12/2018,Totals,Sales,159.71
1/12/2018,Totals,Sales Workers,190.7
1/12/2018,Totals,Semi-Skilled,334.56
1/12/2018,Totals,Skilled,171.32
1/12/2018,Totals,SkilledIndex,180.5
1/12/2018,Totals,Tasman/Nelson/Marlborough/West Coast,258.08
1/12/2018,Totals,Technicians and Trades Workers,297.1
1/12/2018,Totals,TotalsIndex,197.38
1/12/2018,Totals,Unskilled,293.94
1/12/2018,Totals,UnskilledIndex,250.2
1/12/2018,Totals,Waikato,232.84
1/12/2018,Totals,Wellington,146.83
1/12/2018,Waikato,Business services,192.44
1/12/2018,Waikato,Clerical and Administrative Workers,238.8
1/12/2018,Waikato,Community and Personal Service Workers,283.4
1/12/2018,Waikato,Construction,324.75
1/12/2018,Waikato,Education,123.44
1/12/2018,Waikato,Health care,249.62
1/12/2018,Waikato,Highly-Skilled,196.97
1/12/2018,Waikato,Hospitality,251.34
1/12/2018,Waikato,IT,149.25
1/12/2018,Waikato,Labourers,495.6
1/12/2018,Waikato,Low-Skilled,277.42
1/12/2018,Waikato,Machinery Operators and Drivers,359.1
1/12/2018,Waikato,Managers,212.3
1/12/2018,Waikato,Manufacturing,313.5
1/12/2018,Waikato,Other,345.5
1/12/2018,Waikato,Primary,307.37
1/12/2018,Waikato,Professionals,159
1/12/2018,Waikato,Sales,174.39
1/12/2018,Waikato,Sales Workers,210.7
1/12/2018,Waikato,Semi-Skilled,357.43
1/12/2018,Waikato,Skilled,180
1/12/2018,Waikato,SkilledIndex,211.2
1/12/2018,Waikato,Technicians and Trades Workers,327.5
1/12/2018,Waikato,Unskilled,320.72
1/12/2018,Waikato,UnskilledIndex,290.2
1/12/2018,Wellington,Business services,147.73
1/12/2018,Wellington,Clerical and Administrative Workers,148.1
1/12/2018,Wellington,Community and Personal Service Workers,215.3
1/12/2018,Wellington,Construction,245.8
1/12/2018,Wellington,Education,118.86
1/12/2018,Wellington,Health care,176.45
1/12/2018,Wellington,Highly-Skilled,122.34
1/12/2018,Wellington,Hospitality,217.9
1/12/2018,Wellington,IT,69.41
1/12/2018,Wellington,Labourers,375.8
1/12/2018,Wellington,Low-Skilled,189.11
1/12/2018,Wellington,Machinery Operators and Drivers,360.5
1/12/2018,Wellington,Managers,120.6
1/12/2018,Wellington,Manufacturing,258.31
1/12/2018,Wellington,Other,224.9
1/12/2018,Wellington,Primary,252.24
1/12/2018,Wellington,Professionals,119.5
1/12/2018,Wellington,Sales,124.22
1/12/2018,Wellington,Sales Workers,158
1/12/2018,Wellington,Semi-Skilled,252.38
1/12/2018,Wellington,Skilled,144.65
1/12/2018,Wellington,SkilledIndex,134.7
1/12/2018,Wellington,Technicians and Trades Workers,217.5
1/12/2018,Wellington,Unskilled,226.92
1/12/2018,Wellington,UnskilledIndex,198.9
1/03/2019,Auckland,Business services,184.12
1/03/2019,Auckland,Clerical and Administrative Workers,202.8
1/03/2019,Auckland,Community and Personal Service Workers,310.3
1/03/2019,Auckland,Construction,371.61
1/03/2019,Auckland,Education,116.68
1/03/2019,Auckland,Health care,217.68
1/03/2019,Auckland,Highly-Skilled,184.95
1/03/2019,Auckland,Hospitality,285.18
1/03/2019,Auckland,IT,115.82
1/03/2019,Auckland,Labourers,539.1
1/03/2019,Auckland,Low-Skilled,248.07
1/03/2019,Auckland,Machinery Operators and Drivers,458.4
1/03/2019,Auckland,Managers,199.1
1/03/2019,Auckland,Manufacturing,318.92
1/03/2019,Auckland,Other,386.82
1/03/2019,Auckland,Primary,293.2
1/03/2019,Auckland,Professionals,165.6
1/03/2019,Auckland,Sales,188.54
1/03/2019,Auckland,Sales Workers,215.7
1/03/2019,Auckland,Semi-Skilled,397.87
1/03/2019,Auckland,Skilled,203.57
1/03/2019,Auckland,SkilledIndex,204.7
1/03/2019,Auckland,Technicians and Trades Workers,353.1
1/03/2019,Auckland,Unskilled,339.58
1/03/2019,Auckland,UnskilledIndex,267.2
1/03/2019,Bay of Plenty,Business services,388.3
1/03/2019,Bay of Plenty,Clerical and Administrative Workers,367.4
1/03/2019,Bay of Plenty,Community and Personal Service Workers,297.7
1/03/2019,Bay of Plenty,Construction,491.32
1/03/2019,Bay of Plenty,Education,102.3
1/03/2019,Bay of Plenty,Health care,372.91
1/03/2019,Bay of Plenty,Highly-Skilled,358.87
1/03/2019,Bay of Plenty,Hospitality,328.08
1/03/2019,Bay of Plenty,IT,228.92
1/03/2019,Bay of Plenty,Labourers,678.6
1/03/2019,Bay of Plenty,Low-Skilled,397.62
1/03/2019,Bay of Plenty,Machinery Operators and Drivers,683.3
1/03/2019,Bay of Plenty,Managers,339.9
1/03/2019,Bay of Plenty,Manufacturing,573.26
1/03/2019,Bay of Plenty,Other,528.85
1/03/2019,Bay of Plenty,Primary,611.36
1/03/2019,Bay of Plenty,Professionals,265.5
1/03/2019,Bay of Plenty,Sales,299.46
1/03/2019,Bay of Plenty,Sales Workers,351.4
1/03/2019,Bay of Plenty,Semi-Skilled,568.18
1/03/2019,Bay of Plenty,Skilled,229.41
1/03/2019,Bay of Plenty,SkilledIndex,340.9
1/03/2019,Bay of Plenty,Technicians and Trades Workers,479.2
1/03/2019,Bay of Plenty,Unskilled,493.82
1/03/2019,Bay of Plenty,UnskilledIndex,425.6
1/03/2019,Canterbury,Business services,195.85
1/03/2019,Canterbury,Clerical and Administrative Workers,192.4
1/03/2019,Canterbury,Community and Personal Service Workers,226.4
1/03/2019,Canterbury,Construction,308.2
1/03/2019,Canterbury,Education,93
1/03/2019,Canterbury,Health care,265.8
1/03/2019,Canterbury,Highly-Skilled,200.33
1/03/2019,Canterbury,Hospitality,204.21
1/03/2019,Canterbury,IT,121.74
1/03/2019,Canterbury,Labourers,424.1
1/03/2019,Canterbury,Low-Skilled,257.3
1/03/2019,Canterbury,Machinery Operators and Drivers,459.4
1/03/2019,Canterbury,Managers,208.8
1/03/2019,Canterbury,Manufacturing,372.29
1/03/2019,Canterbury,Other,499.53
1/03/2019,Canterbury,Primary,299.38
1/03/2019,Canterbury,Professionals,168.5
1/03/2019,Canterbury,Sales,165.35
1/03/2019,Canterbury,Sales Workers,181.5
1/03/2019,Canterbury,Semi-Skilled,371.41
1/03/2019,Canterbury,Skilled,166.59
1/03/2019,Canterbury,SkilledIndex,212.1
1/03/2019,Canterbury,Technicians and Trades Workers,312.3
1/03/2019,Canterbury,Unskilled,266.13
1/03/2019,Canterbury,UnskilledIndex,259.9
1/03/2019,Gisborne/Hawkes Bay,Business services,384.4
1/03/2019,Gisborne/Hawkes Bay,Clerical and Administrative Workers,446.9
1/03/2019,Gisborne/Hawkes Bay,Community and Personal Service Workers,283.8
1/03/2019,Gisborne/Hawkes Bay,Construction,363.26
1/03/2019,Gisborne/Hawkes Bay,Education,81.22
1/03/2019,Gisborne/Hawkes Bay,Health care,252.59
1/03/2019,Gisborne/Hawkes Bay,Highly-Skilled,288.69
1/03/2019,Gisborne/Hawkes Bay,Hospitality,251.2
1/03/2019,Gisborne/Hawkes Bay,IT,244.44
1/03/2019,Gisborne/Hawkes Bay,Labourers,530.3
1/03/2019,Gisborne/Hawkes Bay,Low-Skilled,366.43
1/03/2019,Gisborne/Hawkes Bay,Machinery Operators and Drivers,531.9
1/03/2019,Gisborne/Hawkes Bay,Managers,334.7
1/03/2019,Gisborne/Hawkes Bay,Manufacturing,579.84
1/03/2019,Gisborne/Hawkes Bay,Other,435.53
1/03/2019,Gisborne/Hawkes Bay,Primary,404.76
1/03/2019,Gisborne/Hawkes Bay,Professionals,184.8
1/03/2019,Gisborne/Hawkes Bay,Sales,329
1/03/2019,Gisborne/Hawkes Bay,Sales Workers,311.1
1/03/2019,Gisborne/Hawkes Bay,Semi-Skilled,391.22
1/03/2019,Gisborne/Hawkes Bay,Skilled,178.91
1/03/2019,Gisborne/Hawkes Bay,SkilledIndex,263.7
1/03/2019,Gisborne/Hawkes Bay,Technicians and Trades Workers,332.9
1/03/2019,Gisborne/Hawkes Bay,Unskilled,458.4
1/03/2019,Gisborne/Hawkes Bay,UnskilledIndex,391.4
1/03/2019,Manawatu-Whanganui/Taranaki,Business services,254.68
1/03/2019,Manawatu-Whanganui/Taranaki,Clerical and Administrative Workers,246.1
1/03/2019,Manawatu-Whanganui/Taranaki,Community and Personal Service Workers,314
1/03/2019,Manawatu-Whanganui/Taranaki,Construction,245.14
1/03/2019,Manawatu-Whanganui/Taranaki,Education,88.35
1/03/2019,Manawatu-Whanganui/Taranaki,Health care,308.32
1/03/2019,Manawatu-Whanganui/Taranaki,Highly-Skilled,229.74
1/03/2019,Manawatu-Whanganui/Taranaki,Hospitality,273.68
1/03/2019,Manawatu-Whanganui/Taranaki,IT,123.53
1/03/2019,Manawatu-Whanganui/Taranaki,Labourers,588.1
1/03/2019,Manawatu-Whanganui/Taranaki,Low-Skilled,314.28
1/03/2019,Manawatu-Whanganui/Taranaki,Machinery Operators and Drivers,368.3
1/03/2019,Manawatu-Whanganui/Taranaki,Managers,208.7
1/03/2019,Manawatu-Whanganui/Taranaki,Manufacturing,324.78
1/03/2019,Manawatu-Whanganui/Taranaki,Other,339.74
1/03/2019,Manawatu-Whanganui/Taranaki,Primary,342.86
1/03/2019,Manawatu-Whanganui/Taranaki,Professionals,165.2
1/03/2019,Manawatu-Whanganui/Taranaki,Sales,194.7
1/03/2019,Manawatu-Whanganui/Taranaki,Sales Workers,223
1/03/2019,Manawatu-Whanganui/Taranaki,Semi-Skilled,336.31
1/03/2019,Manawatu-Whanganui/Taranaki,Skilled,128.81
1/03/2019,Manawatu-Whanganui/Taranaki,SkilledIndex,202.8
1/03/2019,Manawatu-Whanganui/Taranaki,Technicians and Trades Workers,286.8
1/03/2019,Manawatu-Whanganui/Taranaki,Unskilled,358.73
1/03/2019,Manawatu-Whanganui/Taranaki,UnskilledIndex,326.9
1/03/2019,Northland,Business services,232.31
1/03/2019,Northland,Clerical and Administrative Workers,319.1
1/03/2019,Northland,Community and Personal Service Workers,340.8
1/03/2019,Northland,Construction,408.78
1/03/2019,Northland,Education,55.71
1/03/2019,Northland,Health care,227.59
1/03/2019,Northland,Highly-Skilled,262.9
1/03/2019,Northland,Hospitality,293.1
1/03/2019,Northland,IT,185.71
1/03/2019,Northland,Labourers,400
1/03/2019,Northland,Low-Skilled,334.28
1/03/2019,Northland,Machinery Operators and Drivers,596.7
1/03/2019,Northland,Managers,295
1/03/2019,Northland,Manufacturing,469.64
1/03/2019,Northland,Other,829.41
1/03/2019,Northland,Primary,276.92
1/03/2019,Northland,Professionals,160.2
1/03/2019,Northland,Sales,260
1/03/2019,Northland,Sales Workers,229.3
1/03/2019,Northland,Semi-Skilled,353.26
1/03/2019,Northland,Skilled,134.69
1/03/2019,Northland,SkilledIndex,222.3
1/03/2019,Northland,Technicians and Trades Workers,351.6
1/03/2019,Northland,Unskilled,381.43
1/03/2019,Northland,UnskilledIndex,347.1
1/03/2019,Otago/Southland,Business services,326.37
1/03/2019,Otago/Southland,Clerical and Administrative Workers,409.4
1/03/2019,Otago/Southland,Community and Personal Service Workers,466.9
1/03/2019,Otago/Southland,Construction,642.57
1/03/2019,Otago/Southland,Education,78.55
1/03/2019,Otago/Southland,Health care,373.94
1/03/2019,Otago/Southland,Highly-Skilled,311.44
1/03/2019,Otago/Southland,Hospitality,396.75
1/03/2019,Otago/Southland,IT,186.02
1/03/2019,Otago/Southland,Labourers,742.3
1/03/2019,Otago/Southland,Low-Skilled,420.46
1/03/2019,Otago/Southland,Machinery Operators and Drivers,585.1
1/03/2019,Otago/Southland,Managers,308.9
1/03/2019,Otago/Southland,Manufacturing,518.75
1/03/2019,Otago/Southland,Other,694.05
1/03/2019,Otago/Southland,Primary,328.44
1/03/2019,Otago/Southland,Professionals,223.3
1/03/2019,Otago/Southland,Sales,264.4
1/03/2019,Otago/Southland,Sales Workers,287.4
1/03/2019,Otago/Southland,Semi-Skilled,635.29
1/03/2019,Otago/Southland,Skilled,241.45
1/03/2019,Otago/Southland,SkilledIndex,330.3
1/03/2019,Otago/Southland,Technicians and Trades Workers,518.5
1/03/2019,Otago/Southland,Unskilled,492.09
1/03/2019,Otago/Southland,UnskilledIndex,442.8
1/03/2019,Tasman/Nelson/Marlborough/West Coast,Business services,278.74
1/03/2019,Tasman/Nelson/Marlborough/West Coast,Clerical and Administrative Workers,334.3
1/03/2019,Tasman/Nelson/Marlborough/West Coast,Community and Personal Service Workers,319.8
1/03/2019,Tasman/Nelson/Marlborough/West Coast,Construction,451.69
1/03/2019,Tasman/Nelson/Marlborough/West Coast,Education,59.13
1/03/2019,Tasman/Nelson/Marlborough/West Coast,Health care,388.05
1/03/2019,Tasman/Nelson/Marlborough/West Coast,Highly-Skilled,269.07
1/03/2019,Tasman/Nelson/Marlborough/West Coast,Hospitality,253.55
1/03/2019,Tasman/Nelson/Marlborough/West Coast,IT,223.08
1/03/2019,Tasman/Nelson/Marlborough/West Coast,Labourers,590.8
1/03/2019,Tasman/Nelson/Marlborough/West Coast,Low-Skilled,354.95
1/03/2019,Tasman/Nelson/Marlborough/West Coast,Machinery Operators and Drivers,431.7
1/03/2019,Tasman/Nelson/Marlborough/West Coast,Managers,268.8
1/03/2019,Tasman/Nelson/Marlborough/West Coast,Manufacturing,609.78
1/03/2019,Tasman/Nelson/Marlborough/West Coast,Other,439.47
1/03/2019,Tasman/Nelson/Marlborough/West Coast,Primary,304.3
1/03/2019,Tasman/Nelson/Marlborough/West Coast,Professionals,172.9
1/03/2019,Tasman/Nelson/Marlborough/West Coast,Sales,229.46
1/03/2019,Tasman/Nelson/Marlborough/West Coast,Sales Workers,275.9
1/03/2019,Tasman/Nelson/Marlborough/West Coast,Semi-Skilled,516.95
1/03/2019,Tasman/Nelson/Marlborough/West Coast,Skilled,152.03
1/03/2019,Tasman/Nelson/Marlborough/West Coast,SkilledIndex,248.4
1/03/2019,Tasman/Nelson/Marlborough/West Coast,Technicians and Trades Workers,379.4
1/03/2019,Tasman/Nelson/Marlborough/West Coast,Unskilled,445.82
1/03/2019,Tasman/Nelson/Marlborough/West Coast,UnskilledIndex,382.1
1/03/2019,Totals,Auckland,217.25
1/03/2019,Totals,Bay of Plenty,365.87
1/03/2019,Totals,Business services,203.24
1/03/2019,Totals,Canterbury,226.94
1/03/2019,Totals,Clerical and Administrative Workers,222.6
1/03/2019,Totals,Community and Personal Service Workers,301.6
1/03/2019,Totals,Construction,363.79
1/03/2019,Totals,Education,98.84
1/03/2019,Totals,Gisborne/Hawkes Bay,300.18
1/03/2019,Totals,Health care,252.99
1/03/2019,Totals,Highly-Skilled,195.19
1/03/2019,Totals,Hospitality,273.47
1/03/2019,Totals,IT,110.72
1/03/2019,Totals,Labourers,529.5
1/03/2019,Totals,Low-Skilled,273.64
1/03/2019,Totals,Machinery Operators and Drivers,468.1
1/03/2019,Totals,Managers,204.4
1/03/2019,Totals,Manawatu-Whanganui/Taranaki,233.67
1/03/2019,Totals,Manufacturing,363.79
1/03/2019,Totals,Northland,256.84
1/03/2019,Totals,Otago/Southland,363.93
1/03/2019,Totals,Other,384.45
1/03/2019,Totals,Primary,327.08
1/03/2019,Totals,Professionals,171.9
1/03/2019,Totals,Sales,192.21
1/03/2019,Totals,Sales Workers,221.3
1/03/2019,Totals,Semi-Skilled,407.73
1/03/2019,Totals,Skilled,187.14
1/03/2019,Totals,SkilledIndex,212.2
1/03/2019,Totals,Tasman/Nelson/Marlborough/West Coast,289.89
1/03/2019,Totals,Technicians and Trades Workers,349.4
1/03/2019,Totals,TotalsIndex,230.68
1/03/2019,Totals,Unskilled,342.46
1/03/2019,Totals,UnskilledIndex,290.9
1/03/2019,Totals,Waikato,275.89
1/03/2019,Totals,Wellington,177.54
1/03/2019,Waikato,Business services,241.97
1/03/2019,Waikato,Clerical and Administrative Workers,299.5
1/03/2019,Waikato,Community and Personal Service Workers,330.4
1/03/2019,Waikato,Construction,404.64
1/03/2019,Waikato,Education,97.2
1/03/2019,Waikato,Health care,308.47
1/03/2019,Waikato,Highly-Skilled,246.79
1/03/2019,Waikato,Hospitality,266.07
1/03/2019,Waikato,IT,159.8
1/03/2019,Waikato,Labourers,605.1
1/03/2019,Waikato,Low-Skilled,325.37
1/03/2019,Waikato,Machinery Operators and Drivers,414
1/03/2019,Waikato,Managers,266.5
1/03/2019,Waikato,Manufacturing,381.67
1/03/2019,Waikato,Other,419.58
1/03/2019,Waikato,Primary,341.05
1/03/2019,Waikato,Professionals,183.8
1/03/2019,Waikato,Sales,213.94
1/03/2019,Waikato,Sales Workers,219.2
1/03/2019,Waikato,Semi-Skilled,454.13
1/03/2019,Waikato,Skilled,196.58
1/03/2019,Waikato,SkilledIndex,256.2
1/03/2019,Waikato,Technicians and Trades Workers,403.4
1/03/2019,Waikato,Unskilled,358.22
1/03/2019,Waikato,UnskilledIndex,335
1/03/2019,Wellington,Business services,193.12
1/03/2019,Wellington,Clerical and Administrative Workers,185.1
1/03/2019,Wellington,Community and Personal Service Workers,277.5
1/03/2019,Wellington,Construction,286.3
1/03/2019,Wellington,Education,106.43
1/03/2019,Wellington,Health care,219.11
1/03/2019,Wellington,Highly-Skilled,152.28
1/03/2019,Wellington,Hospitality,266.86
1/03/2019,Wellington,IT,89.66
1/03/2019,Wellington,Labourers,428.6
1/03/2019,Wellington,Low-Skilled,222.6
1/03/2019,Wellington,Machinery Operators and Drivers,418.9
1/03/2019,Wellington,Managers,150.7
1/03/2019,Wellington,Manufacturing,300.27
1/03/2019,Wellington,Other,268.64
1/03/2019,Wellington,Primary,289.55
1/03/2019,Wellington,Professionals,144.3
1/03/2019,Wellington,Sales,144.81
1/03/2019,Wellington,Sales Workers,181.6
1/03/2019,Wellington,Semi-Skilled,313.82
1/03/2019,Wellington,Skilled,172.52
1/03/2019,Wellington,SkilledIndex,166.1
1/03/2019,Wellington,Technicians and Trades Workers,259.8
1/03/2019,Wellington,Unskilled,264.63
1/03/2019,Wellington,UnskilledIndex,233.5
1/06/2019,Auckland,Business services,179.2
1/06/2019,Auckland,Clerical and Administrative Workers,197
1/06/2019,Auckland,Community and Personal Service Workers,292.4
1/06/2019,Auckland,Construction,343.94
1/06/2019,Auckland,Education,112.79
1/06/2019,Auckland,Health care,208.49
1/06/2019,Auckland,Highly-Skilled,177.4
1/06/2019,Auckland,Hospitality,240.11
1/06/2019,Auckland,IT,114.3
1/06/2019,Auckland,Labourers,507.4
1/06/2019,Auckland,Low-Skilled,234.26
1/06/2019,Auckland,Machinery Operators and Drivers,405.8
1/06/2019,Auckland,Managers,187.9
1/06/2019,Auckland,Manufacturing,293.85
1/06/2019,Auckland,Other,377.99
1/06/2019,Auckland,Primary,257.82
1/06/2019,Auckland,Professionals,161
1/06/2019,Auckland,Sales,182.93
1/06/2019,Auckland,Sales Workers,211.8
1/06/2019,Auckland,Semi-Skilled,371.63
1/06/2019,Auckland,Skilled,192.75
1/06/2019,Auckland,SkilledIndex,195
1/06/2019,Auckland,Technicians and Trades Workers,322.4
1/06/2019,Auckland,Unskilled,322.72
1/06/2019,Auckland,UnskilledIndex,252.8
1/06/2019,Bay of Plenty,Business services,361.51
1/06/2019,Bay of Plenty,Clerical and Administrative Workers,365.7
1/06/2019,Bay of Plenty,Community and Personal Service Workers,275.2
1/06/2019,Bay of Plenty,Construction,427.85
1/06/2019,Bay of Plenty,Education,98.36
1/06/2019,Bay of Plenty,Health care,425.66
1/06/2019,Bay of Plenty,Highly-Skilled,343.12
1/06/2019,Bay of Plenty,Hospitality,233.5
1/06/2019,Bay of Plenty,IT,234.94
1/06/2019,Bay of Plenty,Labourers,645.9
1/06/2019,Bay of Plenty,Low-Skilled,355.72
1/06/2019,Bay of Plenty,Machinery Operators and Drivers,540.6
1/06/2019,Bay of Plenty,Managers,312.3
1/06/2019,Bay of Plenty,Manufacturing,459.89
1/06/2019,Bay of Plenty,Other,485.58
1/06/2019,Bay of Plenty,Primary,531.82
1/06/2019,Bay of Plenty,Professionals,258.5
1/06/2019,Bay of Plenty,Sales,263.24
1/06/2019,Bay of Plenty,Sales Workers,302.7
1/06/2019,Bay of Plenty,Semi-Skilled,468.18
1/06/2019,Bay of Plenty,Skilled,206.82
1/06/2019,Bay of Plenty,SkilledIndex,310.6
1/06/2019,Bay of Plenty,Technicians and Trades Workers,375.2
1/06/2019,Bay of Plenty,Unskilled,426.9
1/06/2019,Bay of Plenty,UnskilledIndex,376.4
1/06/2019,Canterbury,Business services,196.73
1/06/2019,Canterbury,Clerical and Administrative Workers,173.6
1/06/2019,Canterbury,Community and Personal Service Workers,198.6
1/06/2019,Canterbury,Construction,269.27
1/06/2019,Canterbury,Education,92.24
1/06/2019,Canterbury,Health care,265.63
1/06/2019,Canterbury,Highly-Skilled,198.11
1/06/2019,Canterbury,Hospitality,157.59
1/06/2019,Canterbury,IT,127.17
1/06/2019,Canterbury,Labourers,357.4
1/06/2019,Canterbury,Low-Skilled,220.4
1/06/2019,Canterbury,Machinery Operators and Drivers,361.6
1/06/2019,Canterbury,Managers,183.2
1/06/2019,Canterbury,Manufacturing,306.93
1/06/2019,Canterbury,Other,493.95
1/06/2019,Canterbury,Primary,308.02
1/06/2019,Canterbury,Professionals,173.6
1/06/2019,Canterbury,Sales,142.64
1/06/2019,Canterbury,Sales Workers,160.4
1/06/2019,Canterbury,Semi-Skilled,335.76
1/06/2019,Canterbury,Skilled,146.07
1/06/2019,Canterbury,SkilledIndex,200.2
1/06/2019,Canterbury,Technicians and Trades Workers,279.7
1/06/2019,Canterbury,Unskilled,226.42
1/06/2019,Canterbury,UnskilledIndex,222.2
1/06/2019,Gisborne/Hawkes Bay,Business services,383.69
1/06/2019,Gisborne/Hawkes Bay,Clerical and Administrative Workers,420.4
1/06/2019,Gisborne/Hawkes Bay,Community and Personal Service Workers,258.1
1/06/2019,Gisborne/Hawkes Bay,Construction,298.48
1/06/2019,Gisborne/Hawkes Bay,Education,63.27
1/06/2019,Gisborne/Hawkes Bay,Health care,293.17
1/06/2019,Gisborne/Hawkes Bay,Highly-Skilled,291.96
1/06/2019,Gisborne/Hawkes Bay,Hospitality,195.2
1/06/2019,Gisborne/Hawkes Bay,IT,248.15
1/06/2019,Gisborne/Hawkes Bay,Labourers,434
1/06/2019,Gisborne/Hawkes Bay,Low-Skilled,309.27
1/06/2019,Gisborne/Hawkes Bay,Machinery Operators and Drivers,405.8
1/06/2019,Gisborne/Hawkes Bay,Managers,300.7
1/06/2019,Gisborne/Hawkes Bay,Manufacturing,415.32
1/06/2019,Gisborne/Hawkes Bay,Other,431.58
1/06/2019,Gisborne/Hawkes Bay,Primary,395.24
1/06/2019,Gisborne/Hawkes Bay,Professionals,185.1
1/06/2019,Gisborne/Hawkes Bay,Sales,311
1/06/2019,Gisborne/Hawkes Bay,Sales Workers,307.9
1/06/2019,Gisborne/Hawkes Bay,Semi-Skilled,339.86
1/06/2019,Gisborne/Hawkes Bay,Skilled,152.07
1/06/2019,Gisborne/Hawkes Bay,SkilledIndex,247.4
1/06/2019,Gisborne/Hawkes Bay,Technicians and Trades Workers,288.5
1/06/2019,Gisborne/Hawkes Bay,Unskilled,430.4
1/06/2019,Gisborne/Hawkes Bay,UnskilledIndex,342.1
1/06/2019,Manawatu-Whanganui/Taranaki,Business services,257.3
1/06/2019,Manawatu-Whanganui/Taranaki,Clerical and Administrative Workers,267.4
1/06/2019,Manawatu-Whanganui/Taranaki,Community and Personal Service Workers,318
1/06/2019,Manawatu-Whanganui/Taranaki,Construction,240.76
1/06/2019,Manawatu-Whanganui/Taranaki,Education,80.76
1/06/2019,Manawatu-Whanganui/Taranaki,Health care,323.58
1/06/2019,Manawatu-Whanganui/Taranaki,Highly-Skilled,225.11
1/06/2019,Manawatu-Whanganui/Taranaki,Hospitality,266.17
1/06/2019,Manawatu-Whanganui/Taranaki,IT,140
1/06/2019,Manawatu-Whanganui/Taranaki,Labourers,581
1/06/2019,Manawatu-Whanganui/Taranaki,Low-Skilled,310.91
1/06/2019,Manawatu-Whanganui/Taranaki,Machinery Operators and Drivers,372.1
1/06/2019,Manawatu-Whanganui/Taranaki,Managers,188.2
1/06/2019,Manawatu-Whanganui/Taranaki,Manufacturing,302.17
1/06/2019,Manawatu-Whanganui/Taranaki,Other,293.38
1/06/2019,Manawatu-Whanganui/Taranaki,Primary,338.57
1/06/2019,Manawatu-Whanganui/Taranaki,Professionals,164.5
1/06/2019,Manawatu-Whanganui/Taranaki,Sales,182.41
1/06/2019,Manawatu-Whanganui/Taranaki,Sales Workers,215.6
1/06/2019,Manawatu-Whanganui/Taranaki,Semi-Skilled,314.53
1/06/2019,Manawatu-Whanganui/Taranaki,Skilled,127.59
1/06/2019,Manawatu-Whanganui/Taranaki,SkilledIndex,197.5
1/06/2019,Manawatu-Whanganui/Taranaki,Technicians and Trades Workers,259.9
1/06/2019,Manawatu-Whanganui/Taranaki,Unskilled,349.67
1/06/2019,Manawatu-Whanganui/Taranaki,UnskilledIndex,321.9
1/06/2019,Northland,Business services,217.69
1/06/2019,Northland,Clerical and Administrative Workers,335
1/06/2019,Northland,Community and Personal Service Workers,340.8
1/06/2019,Northland,Construction,381.08
1/06/2019,Northland,Education,55.71
1/06/2019,Northland,Health care,227.16
1/06/2019,Northland,Highly-Skilled,266.92
1/06/2019,Northland,Hospitality,227.59
1/06/2019,Northland,IT,278.57
1/06/2019,Northland,Labourers,361.9
1/06/2019,Northland,Low-Skilled,288.58
1/06/2019,Northland,Machinery Operators and Drivers,536.7
1/06/2019,Northland,Managers,291.1
1/06/2019,Northland,Manufacturing,423.21
1/06/2019,Northland,Other,902.94
1/06/2019,Northland,Primary,246.15
1/06/2019,Northland,Professionals,162.6
1/06/2019,Northland,Sales,227.69
1/06/2019,Northland,Sales Workers,200
1/06/2019,Northland,Semi-Skilled,303.26
1/06/2019,Northland,Skilled,149.73
1/06/2019,Northland,SkilledIndex,224
1/06/2019,Northland,Technicians and Trades Workers,295.2
1/06/2019,Northland,Unskilled,327.14
1/06/2019,Northland,UnskilledIndex,299
1/06/2019,Otago/Southland,Business services,305.82
1/06/2019,Otago/Southland,Clerical and Administrative Workers,361
1/06/2019,Otago/Southland,Community and Personal Service Workers,335.1
1/06/2019,Otago/Southland,Construction,539.04
1/06/2019,Otago/Southland,Education,76.66
1/06/2019,Otago/Southland,Health care,387.08
1/06/2019,Otago/Southland,Highly-Skilled,289.25
1/06/2019,Otago/Southland,Hospitality,243.9
1/06/2019,Otago/Southland,IT,169.89
1/06/2019,Otago/Southland,Labourers,580.4
1/06/2019,Otago/Southland,Low-Skilled,340.3
1/06/2019,Otago/Southland,Machinery Operators and Drivers,473.3
1/06/2019,Otago/Southland,Managers,275.6
1/06/2019,Otago/Southland,Manufacturing,433.13
1/06/2019,Otago/Southland,Other,646.43
1/06/2019,Otago/Southland,Primary,313.76
1/06/2019,Otago/Southland,Professionals,213.8
1/06/2019,Otago/Southland,Sales,206.12
1/06/2019,Otago/Southland,Sales Workers,233.8
1/06/2019,Otago/Southland,Semi-Skilled,577.45
1/06/2019,Otago/Southland,Skilled,210.41
1/06/2019,Otago/Southland,SkilledIndex,300.1
1/06/2019,Otago/Southland,Technicians and Trades Workers,451.2
1/06/2019,Otago/Southland,Unskilled,364.65
1/06/2019,Otago/Southland,UnskilledIndex,347.9
1/06/2019,Tasman/Nelson/Marlborough/West Coast,Business services,270.69
1/06/2019,Tasman/Nelson/Marlborough/West Coast,Clerical and Administrative Workers,298.4
1/06/2019,Tasman/Nelson/Marlborough/West Coast,Community and Personal Service Workers,271.9
1/06/2019,Tasman/Nelson/Marlborough/West Coast,Construction,369.49
1/06/2019,Tasman/Nelson/Marlborough/West Coast,Education,61.74
1/06/2019,Tasman/Nelson/Marlborough/West Coast,Health care,376.79
1/06/2019,Tasman/Nelson/Marlborough/West Coast,Highly-Skilled,253.44
1/06/2019,Tasman/Nelson/Marlborough/West Coast,Hospitality,180
1/06/2019,Tasman/Nelson/Marlborough/West Coast,IT,180.77
1/06/2019,Tasman/Nelson/Marlborough/West Coast,Labourers,470.8
1/06/2019,Tasman/Nelson/Marlborough/West Coast,Low-Skilled,304.24
1/06/2019,Tasman/Nelson/Marlborough/West Coast,Machinery Operators and Drivers,323.7
1/06/2019,Tasman/Nelson/Marlborough/West Coast,Managers,233
1/06/2019,Tasman/Nelson/Marlborough/West Coast,Manufacturing,435.87
1/06/2019,Tasman/Nelson/Marlborough/West Coast,Other,380.26
1/06/2019,Tasman/Nelson/Marlborough/West Coast,Primary,266.67
1/06/2019,Tasman/Nelson/Marlborough/West Coast,Professionals,168
1/06/2019,Tasman/Nelson/Marlborough/West Coast,Sales,190.18
1/06/2019,Tasman/Nelson/Marlborough/West Coast,Sales Workers,238.8
1/06/2019,Tasman/Nelson/Marlborough/West Coast,Semi-Skilled,422.03
1/06/2019,Tasman/Nelson/Marlborough/West Coast,Skilled,127.71
1/06/2019,Tasman/Nelson/Marlborough/West Coast,SkilledIndex,219.8
1/06/2019,Tasman/Nelson/Marlborough/West Coast,Technicians and Trades Workers,291.1
1/06/2019,Tasman/Nelson/Marlborough/West Coast,Unskilled,321.53
1/06/2019,Tasman/Nelson/Marlborough/West Coast,UnskilledIndex,309.4
1/06/2019,Totals,Auckland,205.89
1/06/2019,Totals,Bay of Plenty,328.15
1/06/2019,Totals,Business services,200.14
1/06/2019,Totals,Canterbury,206.6
1/06/2019,Totals,Clerical and Administrative Workers,215.3
1/06/2019,Totals,Community and Personal Service Workers,277
1/06/2019,Totals,Construction,326.57
1/06/2019,Totals,Education,95.1
1/06/2019,Totals,Gisborne/Hawkes Bay,272.04
1/06/2019,Totals,Health care,254.72
1/06/2019,Totals,Highly-Skilled,189.55
1/06/2019,Totals,Hospitality,218.24
1/06/2019,Totals,IT,112.51
1/06/2019,Totals,Labourers,482
1/06/2019,Totals,Low-Skilled,253.24
1/06/2019,Totals,Machinery Operators and Drivers,404.3
1/06/2019,Totals,Managers,190.2
1/06/2019,Totals,Manawatu-Whanganui/Taranaki,227.09
1/06/2019,Totals,Manufacturing,321.8
1/06/2019,Totals,Northland,243.52
1/06/2019,Totals,Otago/Southland,310.01
1/06/2019,Totals,Other,374.37
1/06/2019,Totals,Primary,313.87
1/06/2019,Totals,Professionals,170.1
1/06/2019,Totals,Sales,180.99
1/06/2019,Totals,Sales Workers,211.5
1/06/2019,Totals,Semi-Skilled,369.92
1/06/2019,Totals,Skilled,173.38
1/06/2019,Totals,SkilledIndex,201.6
1/06/2019,Totals,Tasman/Nelson/Marlborough/West Coast,246.71
1/06/2019,Totals,Technicians and Trades Workers,309
1/06/2019,Totals,TotalsIndex,216.23
1/06/2019,Totals,Unskilled,309.62
1/06/2019,Totals,UnskilledIndex,267.4
1/06/2019,Totals,Waikato,254.88
1/06/2019,Totals,Wellington,177.88
1/06/2019,Waikato,Business services,254.25
1/06/2019,Waikato,Clerical and Administrative Workers,285.6
1/06/2019,Waikato,Community and Personal Service Workers,306.9
1/06/2019,Waikato,Construction,353.45
1/06/2019,Waikato,Education,89.89
1/06/2019,Waikato,Health care,284.04
1/06/2019,Waikato,Highly-Skilled,225.99
1/06/2019,Waikato,Hospitality,200.45
1/06/2019,Waikato,IT,154.77
1/06/2019,Waikato,Labourers,538.2
1/06/2019,Waikato,Low-Skilled,303.31
1/06/2019,Waikato,Machinery Operators and Drivers,361.4
1/06/2019,Waikato,Managers,233.5
1/06/2019,Waikato,Manufacturing,356.59
1/06/2019,Waikato,Other,397.35
1/06/2019,Waikato,Primary,391.58
1/06/2019,Waikato,Professionals,173.5
1/06/2019,Waikato,Sales,193.03
1/06/2019,Waikato,Sales Workers,228.9
1/06/2019,Waikato,Semi-Skilled,413.86
1/06/2019,Waikato,Skilled,177.47
1/06/2019,Waikato,SkilledIndex,233.5
1/06/2019,Waikato,Technicians and Trades Workers,354.4
1/06/2019,Waikato,Unskilled,332.89
1/06/2019,Waikato,UnskilledIndex,312
1/06/2019,Wellington,Business services,194.75
1/06/2019,Wellington,Clerical and Administrative Workers,186.5
1/06/2019,Wellington,Community and Personal Service Workers,267.2
1/06/2019,Wellington,Construction,259.35
1/06/2019,Wellington,Education,105.12
1/06/2019,Wellington,Health care,233.3
1/06/2019,Wellington,Highly-Skilled,155.28
1/06/2019,Wellington,Hospitality,234.67
1/06/2019,Wellington,IT,96.21
1/06/2019,Wellington,Labourers,451.9
1/06/2019,Wellington,Low-Skilled,231.43
1/06/2019,Wellington,Machinery Operators and Drivers,422.6
1/06/2019,Wellington,Managers,146.9
1/06/2019,Wellington,Manufacturing,298.91
1/06/2019,Wellington,Other,275.49
1/06/2019,Wellington,Primary,256.72
1/06/2019,Wellington,Professionals,150.1
1/06/2019,Wellington,Sales,155.13
1/06/2019,Wellington,Sales Workers,190.4
1/06/2019,Wellington,Semi-Skilled,288.32
1/06/2019,Wellington,Skilled,163.13
1/06/2019,Wellington,SkilledIndex,164.8
1/06/2019,Wellington,Technicians and Trades Workers,233.4
1/06/2019,Wellington,Unskilled,256.95
1/06/2019,Wellington,UnskilledIndex,238
1/09/2019,Auckland,Business services,175.42
1/09/2019,Auckland,Clerical and Administrative Workers,192.1
1/09/2019,Auckland,Community and Personal Service Workers,288.9
1/09/2019,Auckland,Construction,349.99
1/09/2019,Auckland,Education,118.76
1/09/2019,Auckland,Health care,206.76
1/09/2019,Auckland,Highly-Skilled,180.17
1/09/2019,Auckland,Hospitality,271.11
1/09/2019,Auckland,IT,114.67
1/09/2019,Auckland,Labourers,542.2
1/09/2019,Auckland,Low-Skilled,229.01
1/09/2019,Auckland,Machinery Operators and Drivers,396.8
1/09/2019,Auckland,Managers,190.6
1/09/2019,Auckland,Manufacturing,297.39
1/09/2019,Auckland,Other,410.46
1/09/2019,Auckland,Primary,246.26
1/09/2019,Auckland,Professionals,165
1/09/2019,Auckland,Sales,189.78
1/09/2019,Auckland,Sales Workers,215.3
1/09/2019,Auckland,Semi-Skilled,375.96
1/09/2019,Auckland,Skilled,205.23
1/09/2019,Auckland,SkilledIndex,200
1/09/2019,Auckland,Technicians and Trades Workers,343.6
1/09/2019,Auckland,Unskilled,347.74
1/09/2019,Auckland,UnskilledIndex,253.8
1/09/2019,Bay of Plenty,Business services,357.74
1/09/2019,Bay of Plenty,Clerical and Administrative Workers,347.8
1/09/2019,Bay of Plenty,Community and Personal Service Workers,290.7
1/09/2019,Bay of Plenty,Construction,435.16
1/09/2019,Bay of Plenty,Education,104.92
1/09/2019,Bay of Plenty,Health care,407.11
1/09/2019,Bay of Plenty,Highly-Skilled,347.24
1/09/2019,Bay of Plenty,Hospitality,273.89
1/09/2019,Bay of Plenty,IT,290.36
1/09/2019,Bay of Plenty,Labourers,578.6
1/09/2019,Bay of Plenty,Low-Skilled,348.7
1/09/2019,Bay of Plenty,Machinery Operators and Drivers,528.1
1/09/2019,Bay of Plenty,Managers,321.5
1/09/2019,Bay of Plenty,Manufacturing,440.64
1/09/2019,Bay of Plenty,Other,482.69
1/09/2019,Bay of Plenty,Primary,606.82
1/09/2019,Bay of Plenty,Professionals,268.2
1/09/2019,Bay of Plenty,Sales,270.27
1/09/2019,Bay of Plenty,Sales Workers,297.8
1/09/2019,Bay of Plenty,Semi-Skilled,481.82
1/09/2019,Bay of Plenty,Skilled,226.68
1/09/2019,Bay of Plenty,SkilledIndex,321.9
1/09/2019,Bay of Plenty,Technicians and Trades Workers,400.6
1/09/2019,Bay of Plenty,Unskilled,404.44
1/09/2019,Bay of Plenty,UnskilledIndex,364.9
1/09/2019,Canterbury,Business services,192.42
1/09/2019,Canterbury,Clerical and Administrative Workers,170.7
1/09/2019,Canterbury,Community and Personal Service Workers,210.5
1/09/2019,Canterbury,Construction,277.59
1/09/2019,Canterbury,Education,118.57
1/09/2019,Canterbury,Health care,251.21
1/09/2019,Canterbury,Highly-Skilled,201.82
1/09/2019,Canterbury,Hospitality,201.05
1/09/2019,Canterbury,IT,141.3
1/09/2019,Canterbury,Labourers,375
1/09/2019,Canterbury,Low-Skilled,224.82
1/09/2019,Canterbury,Machinery Operators and Drivers,386.8
1/09/2019,Canterbury,Managers,199.5
1/09/2019,Canterbury,Manufacturing,338.72
1/09/2019,Canterbury,Other,505.12
1/09/2019,Canterbury,Primary,328.4
1/09/2019,Canterbury,Professionals,176.8
1/09/2019,Canterbury,Sales,152.48
1/09/2019,Canterbury,Sales Workers,168
1/09/2019,Canterbury,Semi-Skilled,358.29
1/09/2019,Canterbury,Skilled,167.74
1/09/2019,Canterbury,SkilledIndex,211.6
1/09/2019,Canterbury,Technicians and Trades Workers,309.3
1/09/2019,Canterbury,Unskilled,246.57
1/09/2019,Canterbury,UnskilledIndex,231.2
1/09/2019,Gisborne/Hawkes Bay,Business services,348.94
1/09/2019,Gisborne/Hawkes Bay,Clerical and Administrative Workers,412.4
1/09/2019,Gisborne/Hawkes Bay,Community and Personal Service Workers,256.6
1/09/2019,Gisborne/Hawkes Bay,Construction,370.08
1/09/2019,Gisborne/Hawkes Bay,Education,72.24
1/09/2019,Gisborne/Hawkes Bay,Health care,281.57
1/09/2019,Gisborne/Hawkes Bay,Highly-Skilled,290.87
1/09/2019,Gisborne/Hawkes Bay,Hospitality,231.2
1/09/2019,Gisborne/Hawkes Bay,IT,229.63
1/09/2019,Gisborne/Hawkes Bay,Labourers,517.7
1/09/2019,Gisborne/Hawkes Bay,Low-Skilled,288.44
1/09/2019,Gisborne/Hawkes Bay,Machinery Operators and Drivers,385.5
1/09/2019,Gisborne/Hawkes Bay,Managers,324.5
1/09/2019,Gisborne/Hawkes Bay,Manufacturing,408.06
1/09/2019,Gisborne/Hawkes Bay,Other,444.74
1/09/2019,Gisborne/Hawkes Bay,Primary,439.68
1/09/2019,Gisborne/Hawkes Bay,Professionals,186.8
1/09/2019,Gisborne/Hawkes Bay,Sales,277.5
1/09/2019,Gisborne/Hawkes Bay,Sales Workers,261.9
1/09/2019,Gisborne/Hawkes Bay,Semi-Skilled,346.62
1/09/2019,Gisborne/Hawkes Bay,Skilled,184.22
1/09/2019,Gisborne/Hawkes Bay,SkilledIndex,259.9
1/09/2019,Gisborne/Hawkes Bay,Technicians and Trades Workers,319.1
1/09/2019,Gisborne/Hawkes Bay,Unskilled,469.6
1/09/2019,Gisborne/Hawkes Bay,UnskilledIndex,337.6
1/09/2019,Manawatu-Whanganui/Taranaki,Business services,256.18
1/09/2019,Manawatu-Whanganui/Taranaki,Clerical and Administrative Workers,245.7
1/09/2019,Manawatu-Whanganui/Taranaki,Community and Personal Service Workers,321.5
1/09/2019,Manawatu-Whanganui/Taranaki,Construction,251.81
1/09/2019,Manawatu-Whanganui/Taranaki,Education,111.38
1/09/2019,Manawatu-Whanganui/Taranaki,Health care,347.92
1/09/2019,Manawatu-Whanganui/Taranaki,Highly-Skilled,250.45
1/09/2019,Manawatu-Whanganui/Taranaki,Hospitality,261.65
1/09/2019,Manawatu-Whanganui/Taranaki,IT,152.94
1/09/2019,Manawatu-Whanganui/Taranaki,Labourers,548.8
1/09/2019,Manawatu-Whanganui/Taranaki,Low-Skilled,308.59
1/09/2019,Manawatu-Whanganui/Taranaki,Machinery Operators and Drivers,353.8
1/09/2019,Manawatu-Whanganui/Taranaki,Managers,221.1
1/09/2019,Manawatu-Whanganui/Taranaki,Manufacturing,313.04
1/09/2019,Manawatu-Whanganui/Taranaki,Other,347.68
1/09/2019,Manawatu-Whanganui/Taranaki,Primary,348.57
1/09/2019,Manawatu-Whanganui/Taranaki,Professionals,179.4
1/09/2019,Manawatu-Whanganui/Taranaki,Sales,176.63
1/09/2019,Manawatu-Whanganui/Taranaki,Sales Workers,224.5
1/09/2019,Manawatu-Whanganui/Taranaki,Semi-Skilled,343.4
1/09/2019,Manawatu-Whanganui/Taranaki,Skilled,140.71
1/09/2019,Manawatu-Whanganui/Taranaki,SkilledIndex,218.5
1/09/2019,Manawatu-Whanganui/Taranaki,Technicians and Trades Workers,300.9
1/09/2019,Manawatu-Whanganui/Taranaki,Unskilled,328.88
1/09/2019,Manawatu-Whanganui/Taranaki,UnskilledIndex,314.3
1/09/2019,Northland,Business services,215.38
1/09/2019,Northland,Clerical and Administrative Workers,306.7
1/09/2019,Northland,Community and Personal Service Workers,397.9
1/09/2019,Northland,Construction,363.51
1/09/2019,Northland,Education,72.6
1/09/2019,Northland,Health care,238.78
1/09/2019,Northland,Highly-Skilled,270.07
1/09/2019,Northland,Hospitality,377.59
1/09/2019,Northland,IT,321.43
1/09/2019,Northland,Labourers,359.5
1/09/2019,Northland,Low-Skilled,290.17
1/09/2019,Northland,Machinery Operators and Drivers,406.7
1/09/2019,Northland,Managers,301
1/09/2019,Northland,Manufacturing,337.5
1/09/2019,Northland,Other,935.29
1/09/2019,Northland,Primary,256.41
1/09/2019,Northland,Professionals,175.3
1/09/2019,Northland,Sales,230
1/09/2019,Northland,Sales Workers,205.4
1/09/2019,Northland,Semi-Skilled,298.91
1/09/2019,Northland,Skilled,170.45
1/09/2019,Northland,SkilledIndex,233.4
1/09/2019,Northland,Technicians and Trades Workers,321.4
1/09/2019,Northland,Unskilled,337.14
1/09/2019,Northland,UnskilledIndex,302.9
1/09/2019,Otago/Southland,Business services,350.34
1/09/2019,Otago/Southland,Clerical and Administrative Workers,395.8
1/09/2019,Otago/Southland,Community and Personal Service Workers,442.2
1/09/2019,Otago/Southland,Construction,634.26
1/09/2019,Otago/Southland,Education,100.32
1/09/2019,Otago/Southland,Health care,384.01
1/09/2019,Otago/Southland,Highly-Skilled,322.41
1/09/2019,Otago/Southland,Hospitality,391.46
1/09/2019,Otago/Southland,IT,182.8
1/09/2019,Otago/Southland,Labourers,749.5
1/09/2019,Otago/Southland,Low-Skilled,399.58
1/09/2019,Otago/Southland,Machinery Operators and Drivers,539.6
1/09/2019,Otago/Southland,Managers,338.3
1/09/2019,Otago/Southland,Manufacturing,456.25
1/09/2019,Otago/Southland,Other,761.9
1/09/2019,Otago/Southland,Primary,349.54
1/09/2019,Otago/Southland,Professionals,224.1
1/09/2019,Otago/Southland,Sales,238.55
1/09/2019,Otago/Southland,Sales Workers,257.2
1/09/2019,Otago/Southland,Semi-Skilled,677.94
1/09/2019,Otago/Southland,Skilled,237.73
1/09/2019,Otago/Southland,SkilledIndex,340.3
1/09/2019,Otago/Southland,Technicians and Trades Workers,533.8
1/09/2019,Otago/Southland,Unskilled,459.53
1/09/2019,Otago/Southland,UnskilledIndex,418.3
1/09/2019,Tasman/Nelson/Marlborough/West Coast,Business services,272.99
1/09/2019,Tasman/Nelson/Marlborough/West Coast,Clerical and Administrative Workers,362.1
1/09/2019,Tasman/Nelson/Marlborough/West Coast,Community and Personal Service Workers,333.5
1/09/2019,Tasman/Nelson/Marlborough/West Coast,Construction,435.59
1/09/2019,Tasman/Nelson/Marlborough/West Coast,Education,79.57
1/09/2019,Tasman/Nelson/Marlborough/West Coast,Health care,362.71
1/09/2019,Tasman/Nelson/Marlborough/West Coast,Highly-Skilled,263.43
1/09/2019,Tasman/Nelson/Marlborough/West Coast,Hospitality,290.32
1/09/2019,Tasman/Nelson/Marlborough/West Coast,IT,200
1/09/2019,Tasman/Nelson/Marlborough/West Coast,Labourers,602.5
1/09/2019,Tasman/Nelson/Marlborough/West Coast,Low-Skilled,354
1/09/2019,Tasman/Nelson/Marlborough/West Coast,Machinery Operators and Drivers,372.8
1/09/2019,Tasman/Nelson/Marlborough/West Coast,Managers,242.9
1/09/2019,Tasman/Nelson/Marlborough/West Coast,Manufacturing,597.83
1/09/2019,Tasman/Nelson/Marlborough/West Coast,Other,518.42
1/09/2019,Tasman/Nelson/Marlborough/West Coast,Primary,333.33
1/09/2019,Tasman/Nelson/Marlborough/West Coast,Professionals,178.4
1/09/2019,Tasman/Nelson/Marlborough/West Coast,Sales,215.18
1/09/2019,Tasman/Nelson/Marlborough/West Coast,Sales Workers,281
1/09/2019,Tasman/Nelson/Marlborough/West Coast,Semi-Skilled,495.76
1/09/2019,Tasman/Nelson/Marlborough/West Coast,Skilled,168.87
1/09/2019,Tasman/Nelson/Marlborough/West Coast,SkilledIndex,250.5
1/09/2019,Tasman/Nelson/Marlborough/West Coast,Technicians and Trades Workers,375.7
1/09/2019,Tasman/Nelson/Marlborough/West Coast,Unskilled,430.19
1/09/2019,Tasman/Nelson/Marlborough/West Coast,UnskilledIndex,376.8
1/09/2019,Totals,Auckland,209.74
1/09/2019,Totals,Bay of Plenty,334.95
1/09/2019,Totals,Business services,199.22
1/09/2019,Totals,Canterbury,218.58
1/09/2019,Totals,Clerical and Administrative Workers,212.9
1/09/2019,Totals,Community and Personal Service Workers,291.9
1/09/2019,Totals,Construction,346.83
1/09/2019,Totals,Education,108.92
1/09/2019,Totals,Gisborne/Hawkes Bay,280.27
1/09/2019,Totals,Health care,249.64
1/09/2019,Totals,Highly-Skilled,196.32
1/09/2019,Totals,Hospitality,263.95
1/09/2019,Totals,IT,116.08
1/09/2019,Totals,Labourers,510.2
1/09/2019,Totals,Low-Skilled,255.06
1/09/2019,Totals,Machinery Operators and Drivers,407.2
1/09/2019,Totals,Managers,201
1/09/2019,Totals,Manawatu-Whanganui/Taranaki,240.37
1/09/2019,Totals,Manufacturing,332.32
1/09/2019,Totals,Northland,253.4
1/09/2019,Totals,Otago/Southland,363.14
1/09/2019,Totals,Other,411.64
1/09/2019,Totals,Primary,337.51
1/09/2019,Totals,Professionals,176.7
1/09/2019,Totals,Sales,189.1
1/09/2019,Totals,Sales Workers,219.2
1/09/2019,Totals,Semi-Skilled,395.73
1/09/2019,Totals,Skilled,189.84
1/09/2019,Totals,SkilledIndex,212.6
1/09/2019,Totals,Tasman/Nelson/Marlborough/West Coast,293.66
1/09/2019,Totals,Technicians and Trades Workers,341.5
1/09/2019,Totals,TotalsIndex,226.77
1/09/2019,Totals,Unskilled,333.27
1/09/2019,Totals,UnskilledIndex,274.6
1/09/2019,Totals,Waikato,277.73
1/09/2019,Totals,Wellington,186.74
1/09/2019,Waikato,Business services,238.94
1/09/2019,Waikato,Clerical and Administrative Workers,285.9
1/09/2019,Waikato,Community and Personal Service Workers,341.9
1/09/2019,Waikato,Construction,412.66
1/09/2019,Waikato,Education,109.68
1/09/2019,Waikato,Health care,287.78
1/09/2019,Waikato,Highly-Skilled,242.86
1/09/2019,Waikato,Hospitality,254.46
1/09/2019,Waikato,IT,181.41
1/09/2019,Waikato,Labourers,552.2
1/09/2019,Waikato,Low-Skilled,319.75
1/09/2019,Waikato,Machinery Operators and Drivers,401.2
1/09/2019,Waikato,Managers,255.6
1/09/2019,Waikato,Manufacturing,381.35
1/09/2019,Waikato,Other,415.34
1/09/2019,Waikato,Primary,368.42
1/09/2019,Waikato,Professionals,190.1
1/09/2019,Waikato,Sales,215.3
1/09/2019,Waikato,Sales Workers,241.9
1/09/2019,Waikato,Semi-Skilled,489.44
1/09/2019,Waikato,Skilled,203.17
1/09/2019,Waikato,SkilledIndex,260.4
1/09/2019,Waikato,Technicians and Trades Workers,416.3
1/09/2019,Waikato,Unskilled,348.36
1/09/2019,Waikato,UnskilledIndex,328.2
1/09/2019,Wellington,Business services,203.84
1/09/2019,Wellington,Clerical and Administrative Workers,186.8
1/09/2019,Wellington,Community and Personal Service Workers,278.9
1/09/2019,Wellington,Construction,283.88
1/09/2019,Wellington,Education,111.7
1/09/2019,Wellington,Health care,212.85
1/09/2019,Wellington,Highly-Skilled,165.06
1/09/2019,Wellington,Hospitality,256
1/09/2019,Wellington,IT,99.22
1/09/2019,Wellington,Labourers,437
1/09/2019,Wellington,Low-Skilled,231.13
1/09/2019,Wellington,Machinery Operators and Drivers,399.5
1/09/2019,Wellington,Managers,159.7
1/09/2019,Wellington,Manufacturing,297.82
1/09/2019,Wellington,Other,315.94
1/09/2019,Wellington,Primary,325.37
1/09/2019,Wellington,Professionals,157.4
1/09/2019,Wellington,Sales,160.42
1/09/2019,Wellington,Sales Workers,210.3
1/09/2019,Wellington,Semi-Skilled,321.65
1/09/2019,Wellington,Skilled,167.17
1/09/2019,Wellington,SkilledIndex,174.8
1/09/2019,Wellington,Technicians and Trades Workers,251.9
1/09/2019,Wellington,Unskilled,268.55
1/09/2019,Wellington,UnskilledIndex,240.8
1/12/2019,Auckland,Business services,142.22
1/12/2019,Auckland,Clerical and Administrative Workers,154.7
1/12/2019,Auckland,Community and Personal Service Workers,241.6
1/12/2019,Auckland,Construction,283.01
1/12/2019,Auckland,Education,112.96
1/12/2019,Auckland,Health care,164.4
1/12/2019,Auckland,Highly-Skilled,143.06
1/12/2019,Auckland,Hospitality,233.78
1/12/2019,Auckland,IT,99.45
1/12/2019,Auckland,Labourers,454.7
1/12/2019,Auckland,Low-Skilled,200.65
1/12/2019,Auckland,Machinery Operators and Drivers,411.9
1/12/2019,Auckland,Managers,151.6
1/12/2019,Auckland,Manufacturing,264.54
1/12/2019,Auckland,Other,316.17
1/12/2019,Auckland,Primary,233.33
1/12/2019,Auckland,Professionals,133.5
1/12/2019,Auckland,Sales,145.54
1/12/2019,Auckland,Sales Workers,183.5
1/12/2019,Auckland,Semi-Skilled,303.48
1/12/2019,Auckland,Skilled,172.15
1/12/2019,Auckland,SkilledIndex,161.1
1/12/2019,Auckland,Technicians and Trades Workers,279.4
1/12/2019,Auckland,Unskilled,291.3
1/12/2019,Auckland,UnskilledIndex,219.6
1/12/2019,Bay of Plenty,Business services,286.04
1/12/2019,Bay of Plenty,Clerical and Administrative Workers,265.3
1/12/2019,Bay of Plenty,Community and Personal Service Workers,239.5
1/12/2019,Bay of Plenty,Construction,365.3
1/12/2019,Bay of Plenty,Education,117.05
1/12/2019,Bay of Plenty,Health care,344.07
1/12/2019,Bay of Plenty,Highly-Skilled,280.71
1/12/2019,Bay of Plenty,Hospitality,288.18
1/12/2019,Bay of Plenty,IT,230.12
1/12/2019,Bay of Plenty,Labourers,557.1
1/12/2019,Bay of Plenty,Low-Skilled,294.56
1/12/2019,Bay of Plenty,Machinery Operators and Drivers,447.9
1/12/2019,Bay of Plenty,Managers,258.1
1/12/2019,Bay of Plenty,Manufacturing,361.5
1/12/2019,Bay of Plenty,Other,404.81
1/12/2019,Bay of Plenty,Primary,543.18
1/12/2019,Bay of Plenty,Professionals,227.3
1/12/2019,Bay of Plenty,Sales,211.08
1/12/2019,Bay of Plenty,Sales Workers,267.2
1/12/2019,Bay of Plenty,Semi-Skilled,416.67
1/12/2019,Bay of Plenty,Skilled,207.21
1/12/2019,Bay of Plenty,SkilledIndex,272.9
1/12/2019,Bay of Plenty,Technicians and Trades Workers,371.5
1/12/2019,Bay of Plenty,Unskilled,379.04
1/12/2019,Bay of Plenty,UnskilledIndex,319.1
1/12/2019,Canterbury,Business services,151.64
1/12/2019,Canterbury,Clerical and Administrative Workers,153
1/12/2019,Canterbury,Community and Personal Service Workers,171.4
1/12/2019,Canterbury,Construction,238.86
1/12/2019,Canterbury,Education,94.06
1/12/2019,Canterbury,Health care,201.28
1/12/2019,Canterbury,Highly-Skilled,155.05
1/12/2019,Canterbury,Hospitality,182.56
1/12/2019,Canterbury,IT,124.38
1/12/2019,Canterbury,Labourers,370.3
1/12/2019,Canterbury,Low-Skilled,208.34
1/12/2019,Canterbury,Machinery Operators and Drivers,380.1
1/12/2019,Canterbury,Managers,150.5
1/12/2019,Canterbury,Manufacturing,289.52
1/12/2019,Canterbury,Other,390.7
1/12/2019,Canterbury,Primary,217.28
1/12/2019,Canterbury,Professionals,139.4
1/12/2019,Canterbury,Sales,121.4
1/12/2019,Canterbury,Sales Workers,149.3
1/12/2019,Canterbury,Semi-Skilled,277.76
1/12/2019,Canterbury,Skilled,136.35
1/12/2019,Canterbury,SkilledIndex,165.1
1/12/2019,Canterbury,Technicians and Trades Workers,241.2
1/12/2019,Canterbury,Unskilled,230.36
1/12/2019,Canterbury,UnskilledIndex,214.8
1/12/2019,Gisborne/Hawkes Bay,Business services,319.86
1/12/2019,Gisborne/Hawkes Bay,Clerical and Administrative Workers,351.3
1/12/2019,Gisborne/Hawkes Bay,Community and Personal Service Workers,246.3
1/12/2019,Gisborne/Hawkes Bay,Construction,324.62
1/12/2019,Gisborne/Hawkes Bay,Education,100.41
1/12/2019,Gisborne/Hawkes Bay,Health care,250.93
1/12/2019,Gisborne/Hawkes Bay,Highly-Skilled,249.44
1/12/2019,Gisborne/Hawkes Bay,Hospitality,218.4
1/12/2019,Gisborne/Hawkes Bay,IT,170.37
1/12/2019,Gisborne/Hawkes Bay,Labourers,450.2
1/12/2019,Gisborne/Hawkes Bay,Low-Skilled,293.8
1/12/2019,Gisborne/Hawkes Bay,Machinery Operators and Drivers,431.9
1/12/2019,Gisborne/Hawkes Bay,Managers,273.5
1/12/2019,Gisborne/Hawkes Bay,Manufacturing,400.81
1/12/2019,Gisborne/Hawkes Bay,Other,384.21
1/12/2019,Gisborne/Hawkes Bay,Primary,392.06
1/12/2019,Gisborne/Hawkes Bay,Professionals,174.7
1/12/2019,Gisborne/Hawkes Bay,Sales,240.5
1/12/2019,Gisborne/Hawkes Bay,Sales Workers,242.1
1/12/2019,Gisborne/Hawkes Bay,Semi-Skilled,338.51
1/12/2019,Gisborne/Hawkes Bay,Skilled,171.92
1/12/2019,Gisborne/Hawkes Bay,SkilledIndex,234.4
1/12/2019,Gisborne/Hawkes Bay,Technicians and Trades Workers,295.4
1/12/2019,Gisborne/Hawkes Bay,Unskilled,391.2
1/12/2019,Gisborne/Hawkes Bay,UnskilledIndex,320.2
1/12/2019,Manawatu-Whanganui/Taranaki,Business services,219.85
1/12/2019,Manawatu-Whanganui/Taranaki,Clerical and Administrative Workers,230.2
1/12/2019,Manawatu-Whanganui/Taranaki,Community and Personal Service Workers,288.4
1/12/2019,Manawatu-Whanganui/Taranaki,Construction,217.14
1/12/2019,Manawatu-Whanganui/Taranaki,Education,127.37
1/12/2019,Manawatu-Whanganui/Taranaki,Health care,305.4
1/12/2019,Manawatu-Whanganui/Taranaki,Highly-Skilled,212.93
1/12/2019,Manawatu-Whanganui/Taranaki,Hospitality,224.81
1/12/2019,Manawatu-Whanganui/Taranaki,IT,172.94
1/12/2019,Manawatu-Whanganui/Taranaki,Labourers,454.8
1/12/2019,Manawatu-Whanganui/Taranaki,Low-Skilled,263.48
1/12/2019,Manawatu-Whanganui/Taranaki,Machinery Operators and Drivers,342.3
1/12/2019,Manawatu-Whanganui/Taranaki,Managers,172.2
1/12/2019,Manawatu-Whanganui/Taranaki,Manufacturing,263.91
1/12/2019,Manawatu-Whanganui/Taranaki,Other,303.97
1/12/2019,Manawatu-Whanganui/Taranaki,Primary,270
1/12/2019,Manawatu-Whanganui/Taranaki,Professionals,172
1/12/2019,Manawatu-Whanganui/Taranaki,Sales,142.17
1/12/2019,Manawatu-Whanganui/Taranaki,Sales Workers,191.4
1/12/2019,Manawatu-Whanganui/Taranaki,Semi-Skilled,296.8
1/12/2019,Manawatu-Whanganui/Taranaki,Skilled,133.54
1/12/2019,Manawatu-Whanganui/Taranaki,SkilledIndex,191.7
1/12/2019,Manawatu-Whanganui/Taranaki,Technicians and Trades Workers,239.2
1/12/2019,Manawatu-Whanganui/Taranaki,Unskilled,315.56
1/12/2019,Manawatu-Whanganui/Taranaki,UnskilledIndex,278.2
1/12/2019,Northland,Business services,196.92
1/12/2019,Northland,Clerical and Administrative Workers,268
1/12/2019,Northland,Community and Personal Service Workers,367.9
1/12/2019,Northland,Construction,410.81
1/12/2019,Northland,Education,89.5
1/12/2019,Northland,Health care,225.44
1/12/2019,Northland,Highly-Skilled,246.27
1/12/2019,Northland,Hospitality,381.03
1/12/2019,Northland,IT,200
1/12/2019,Northland,Labourers,447.6
1/12/2019,Northland,Low-Skilled,288.05
1/12/2019,Northland,Machinery Operators and Drivers,430
1/12/2019,Northland,Managers,276.2
1/12/2019,Northland,Manufacturing,330.36
1/12/2019,Northland,Other,735.29
1/12/2019,Northland,Primary,194.87
1/12/2019,Northland,Professionals,165.7
1/12/2019,Northland,Sales,207.69
1/12/2019,Northland,Sales Workers,185.9
1/12/2019,Northland,Semi-Skilled,311.96
1/12/2019,Northland,Skilled,161.76
1/12/2019,Northland,SkilledIndex,220.3
1/12/2019,Northland,Technicians and Trades Workers,327.8
1/12/2019,Northland,Unskilled,354.29
1/12/2019,Northland,UnskilledIndex,306
1/12/2019,Otago/Southland,Business services,290.07
1/12/2019,Otago/Southland,Clerical and Administrative Workers,364.8
1/12/2019,Otago/Southland,Community and Personal Service Workers,424
1/12/2019,Otago/Southland,Construction,568.77
1/12/2019,Otago/Southland,Education,114.2
1/12/2019,Otago/Southland,Health care,320.96
1/12/2019,Otago/Southland,Highly-Skilled,259.1
1/12/2019,Otago/Southland,Hospitality,394.72
1/12/2019,Otago/Southland,IT,155.91
1/12/2019,Otago/Southland,Labourers,695.9
1/12/2019,Otago/Southland,Low-Skilled,392.41
1/12/2019,Otago/Southland,Machinery Operators and Drivers,561.4
1/12/2019,Otago/Southland,Managers,275.3
1/12/2019,Otago/Southland,Manufacturing,438.13
1/12/2019,Otago/Southland,Other,614.29
1/12/2019,Otago/Southland,Primary,255.96
1/12/2019,Otago/Southland,Professionals,198.7
1/12/2019,Otago/Southland,Sales,234.47
1/12/2019,Otago/Southland,Sales Workers,275.2
1/12/2019,Otago/Southland,Semi-Skilled,596.08
1/12/2019,Otago/Southland,Skilled,227.32
1/12/2019,Otago/Southland,SkilledIndex,293.3
1/12/2019,Otago/Southland,Technicians and Trades Workers,460.7
1/12/2019,Otago/Southland,Unskilled,462.79
1/12/2019,Otago/Southland,UnskilledIndex,414.4
1/12/2019,Tasman/Nelson/Marlborough/West Coast,Business services,227.01
1/12/2019,Tasman/Nelson/Marlborough/West Coast,Clerical and Administrative Workers,283.7
1/12/2019,Tasman/Nelson/Marlborough/West Coast,Community and Personal Service Workers,281
1/12/2019,Tasman/Nelson/Marlborough/West Coast,Construction,410.59
1/12/2019,Tasman/Nelson/Marlborough/West Coast,Education,81.74
1/12/2019,Tasman/Nelson/Marlborough/West Coast,Health care,285.55
1/12/2019,Tasman/Nelson/Marlborough/West Coast,Highly-Skilled,208.74
1/12/2019,Tasman/Nelson/Marlborough/West Coast,Hospitality,289.68
1/12/2019,Tasman/Nelson/Marlborough/West Coast,IT,100
1/12/2019,Tasman/Nelson/Marlborough/West Coast,Labourers,530.8
1/12/2019,Tasman/Nelson/Marlborough/West Coast,Low-Skilled,315.01
1/12/2019,Tasman/Nelson/Marlborough/West Coast,Machinery Operators and Drivers,375.3
1/12/2019,Tasman/Nelson/Marlborough/West Coast,Managers,198.2
1/12/2019,Tasman/Nelson/Marlborough/West Coast,Manufacturing,471.74
1/12/2019,Tasman/Nelson/Marlborough/West Coast,Other,369.74
1/12/2019,Tasman/Nelson/Marlborough/West Coast,Primary,287.1
1/12/2019,Tasman/Nelson/Marlborough/West Coast,Professionals,150.5
1/12/2019,Tasman/Nelson/Marlborough/West Coast,Sales,202.68
1/12/2019,Tasman/Nelson/Marlborough/West Coast,Sales Workers,250
1/12/2019,Tasman/Nelson/Marlborough/West Coast,Semi-Skilled,493.22
1/12/2019,Tasman/Nelson/Marlborough/West Coast,Skilled,154.37
1/12/2019,Tasman/Nelson/Marlborough/West Coast,SkilledIndex,219
1/12/2019,Tasman/Nelson/Marlborough/West Coast,Technicians and Trades Workers,370.6
1/12/2019,Tasman/Nelson/Marlborough/West Coast,Unskilled,381.81
1/12/2019,Tasman/Nelson/Marlborough/West Coast,UnskilledIndex,335
1/12/2019,Totals,Auckland,172.69
1/12/2019,Totals,Bay of Plenty,285.75
1/12/2019,Totals,Business services,160.34
1/12/2019,Totals,Canterbury,180.67
1/12/2019,Totals,Clerical and Administrative Workers,175.9
1/12/2019,Totals,Community and Personal Service Workers,247.7
1/12/2019,Totals,Construction,291.06
1/12/2019,Totals,Education,111.22
1/12/2019,Totals,Gisborne/Hawkes Bay,257.4
1/12/2019,Totals,Health care,208.99
1/12/2019,Totals,Highly-Skilled,155.52
1/12/2019,Totals,Hospitality,236.71
1/12/2019,Totals,IT,97.68
1/12/2019,Totals,Labourers,458.8
1/12/2019,Totals,Low-Skilled,227.13
1/12/2019,Totals,Machinery Operators and Drivers,408.3
1/12/2019,Totals,Managers,156.7
1/12/2019,Totals,Manawatu-Whanganui/Taranaki,211.1
1/12/2019,Totals,Manufacturing,291.55
1/12/2019,Totals,Northland,244.54
1/12/2019,Totals,Otago/Southland,328.72
1/12/2019,Totals,Other,323.74
1/12/2019,Totals,Primary,266.26
1/12/2019,Totals,Professionals,146.4
1/12/2019,Totals,Sales,149.68
1/12/2019,Totals,Sales Workers,190.7
1/12/2019,Totals,Semi-Skilled,329.38
1/12/2019,Totals,Skilled,164.53
1/12/2019,Totals,SkilledIndex,173.4
1/12/2019,Totals,Tasman/Nelson/Marlborough/West Coast,254.63
1/12/2019,Totals,Technicians and Trades Workers,284.4
1/12/2019,Totals,TotalsIndex,189.9
1/12/2019,Totals,Unskilled,295.77
1/12/2019,Totals,UnskilledIndex,244.3
1/12/2019,Totals,Waikato,231.13
1/12/2019,Totals,Wellington,150.23
1/12/2019,Waikato,Business services,178.45
1/12/2019,Waikato,Clerical and Administrative Workers,211.8
1/12/2019,Waikato,Community and Personal Service Workers,291.7
1/12/2019,Waikato,Construction,332.49
1/12/2019,Waikato,Education,120.22
1/12/2019,Waikato,Health care,257.85
1/12/2019,Waikato,Highly-Skilled,198.35
1/12/2019,Waikato,Hospitality,245.09
1/12/2019,Waikato,IT,170.85
1/12/2019,Waikato,Labourers,521.3
1/12/2019,Waikato,Low-Skilled,280.02
1/12/2019,Waikato,Machinery Operators and Drivers,404.7
1/12/2019,Waikato,Managers,203.7
1/12/2019,Waikato,Manufacturing,339.87
1/12/2019,Waikato,Other,326.46
1/12/2019,Waikato,Primary,288.42
1/12/2019,Waikato,Professionals,164.5
1/12/2019,Waikato,Sales,156.97
1/12/2019,Waikato,Sales Workers,190.3
1/12/2019,Waikato,Semi-Skilled,385.15
1/12/2019,Waikato,Skilled,176.08
1/12/2019,Waikato,SkilledIndex,214.2
1/12/2019,Waikato,Technicians and Trades Workers,336.2
1/12/2019,Waikato,Unskilled,301.32
1/12/2019,Waikato,UnskilledIndex,286.3
1/12/2019,Wellington,Business services,159.29
1/12/2019,Wellington,Clerical and Administrative Workers,157
1/12/2019,Wellington,Community and Personal Service Workers,224.5
1/12/2019,Wellington,Construction,233.16
1/12/2019,Wellington,Education,125.29
1/12/2019,Wellington,Health care,185.2
1/12/2019,Wellington,Highly-Skilled,124.47
1/12/2019,Wellington,Hospitality,192.76
1/12/2019,Wellington,IT,76.84
1/12/2019,Wellington,Labourers,391.2
1/12/2019,Wellington,Low-Skilled,197.7
1/12/2019,Wellington,Machinery Operators and Drivers,373.2
1/12/2019,Wellington,Managers,112.9
1/12/2019,Wellington,Manufacturing,243.87
1/12/2019,Wellington,Other,245.98
1/12/2019,Wellington,Primary,198.51
1/12/2019,Wellington,Professionals,126.9
1/12/2019,Wellington,Sales,124.79
1/12/2019,Wellington,Sales Workers,177.3
1/12/2019,Wellington,Semi-Skilled,263.23
1/12/2019,Wellington,Skilled,144.82
1/12/2019,Wellington,SkilledIndex,136.9
1/12/2019,Wellington,Technicians and Trades Workers,206.2
1/12/2019,Wellington,Unskilled,236.82
1/12/2019,Wellington,UnskilledIndex,207.8
1/03/2020,Auckland,Business services,153.76
1/03/2020,Auckland,Clerical and Administrative Workers,161.6
1/03/2020,Auckland,Community and Personal Service Workers,269.2
1/03/2020,Auckland,Construction,311.48
1/03/2020,Auckland,Education,97.97
1/03/2020,Auckland,Health care,187.49
1/03/2020,Auckland,Highly-Skilled,156.94
1/03/2020,Auckland,Hospitality,238.75
1/03/2020,Auckland,IT,101.11
1/03/2020,Auckland,Labourers,480.8
1/03/2020,Auckland,Low-Skilled,201.36
1/03/2020,Auckland,Machinery Operators and Drivers,378.8
1/03/2020,Auckland,Managers,164.9
1/03/2020,Auckland,Manufacturing,267.47
1/03/2020,Auckland,Other,348.64
1/03/2020,Auckland,Primary,248.3
1/03/2020,Auckland,Professionals,143.9
1/03/2020,Auckland,Sales,157.54
1/03/2020,Auckland,Sales Workers,183.2
1/03/2020,Auckland,Semi-Skilled,334.82
1/03/2020,Auckland,Skilled,177.21
1/03/2020,Auckland,SkilledIndex,174.4
1/03/2020,Auckland,Technicians and Trades Workers,297.7
1/03/2020,Auckland,Unskilled,298.99
1/03/2020,Auckland,UnskilledIndex,221.8
1/03/2020,Bay of Plenty,Business services,335.47
1/03/2020,Bay of Plenty,Clerical and Administrative Workers,333.7
1/03/2020,Bay of Plenty,Community and Personal Service Workers,278
1/03/2020,Bay of Plenty,Construction,446.58
1/03/2020,Bay of Plenty,Education,85.9
1/03/2020,Bay of Plenty,Health care,387.33
1/03/2020,Bay of Plenty,Highly-Skilled,322.96
1/03/2020,Bay of Plenty,Hospitality,230.05
1/03/2020,Bay of Plenty,IT,243.37
1/03/2020,Bay of Plenty,Labourers,598
1/03/2020,Bay of Plenty,Low-Skilled,339.48
1/03/2020,Bay of Plenty,Machinery Operators and Drivers,560.4
1/03/2020,Bay of Plenty,Managers,302.3
1/03/2020,Bay of Plenty,Manufacturing,493.58
1/03/2020,Bay of Plenty,Other,443.27
1/03/2020,Bay of Plenty,Primary,638.64
1/03/2020,Bay of Plenty,Professionals,235.2
1/03/2020,Bay of Plenty,Sales,214.86
1/03/2020,Bay of Plenty,Sales Workers,241.5
1/03/2020,Bay of Plenty,Semi-Skilled,509.09
1/03/2020,Bay of Plenty,Skilled,198.44
1/03/2020,Bay of Plenty,SkilledIndex,303.5
1/03/2020,Bay of Plenty,Technicians and Trades Workers,410.9
1/03/2020,Bay of Plenty,Unskilled,378.06
1/03/2020,Bay of Plenty,UnskilledIndex,350.7
1/03/2020,Canterbury,Business services,160.26
1/03/2020,Canterbury,Clerical and Administrative Workers,152.7
1/03/2020,Canterbury,Community and Personal Service Workers,199.7
1/03/2020,Canterbury,Construction,241.51
1/03/2020,Canterbury,Education,78.23
1/03/2020,Canterbury,Health care,237.5
1/03/2020,Canterbury,Highly-Skilled,160.51
1/03/2020,Canterbury,Hospitality,160.15
1/03/2020,Canterbury,IT,109.78
1/03/2020,Canterbury,Labourers,364.1
1/03/2020,Canterbury,Low-Skilled,201.07
1/03/2020,Canterbury,Machinery Operators and Drivers,327.4
1/03/2020,Canterbury,Managers,151.1
1/03/2020,Canterbury,Manufacturing,280.46
1/03/2020,Canterbury,Other,432.09
1/03/2020,Canterbury,Primary,248.15
1/03/2020,Canterbury,Professionals,139.5
1/03/2020,Canterbury,Sales,120.7
1/03/2020,Canterbury,Sales Workers,146.7
1/03/2020,Canterbury,Semi-Skilled,297.6
1/03/2020,Canterbury,Skilled,130.67
1/03/2020,Canterbury,SkilledIndex,169.1
1/03/2020,Canterbury,Technicians and Trades Workers,246.9
1/03/2020,Canterbury,Unskilled,225.84
1/03/2020,Canterbury,UnskilledIndex,208.3
1/03/2020,Gisborne/Hawkes Bay,Business services,352.48
1/03/2020,Gisborne/Hawkes Bay,Clerical and Administrative Workers,411.5
1/03/2020,Gisborne/Hawkes Bay,Community and Personal Service Workers,273.5
1/03/2020,Gisborne/Hawkes Bay,Construction,385.23
1/03/2020,Gisborne/Hawkes Bay,Education,63.27
1/03/2020,Gisborne/Hawkes Bay,Health care,269.98
1/03/2020,Gisborne/Hawkes Bay,Highly-Skilled,281.5
1/03/2020,Gisborne/Hawkes Bay,Hospitality,220
1/03/2020,Gisborne/Hawkes Bay,IT,159.26
1/03/2020,Gisborne/Hawkes Bay,Labourers,529
1/03/2020,Gisborne/Hawkes Bay,Low-Skilled,322.07
1/03/2020,Gisborne/Hawkes Bay,Machinery Operators and Drivers,515.9
1/03/2020,Gisborne/Hawkes Bay,Managers,321.1
1/03/2020,Gisborne/Hawkes Bay,Manufacturing,524.19
1/03/2020,Gisborne/Hawkes Bay,Other,400
1/03/2020,Gisborne/Hawkes Bay,Primary,403.17
1/03/2020,Gisborne/Hawkes Bay,Professionals,176.9
1/03/2020,Gisborne/Hawkes Bay,Sales,282.5
1/03/2020,Gisborne/Hawkes Bay,Sales Workers,264.3
1/03/2020,Gisborne/Hawkes Bay,Semi-Skilled,379.05
1/03/2020,Gisborne/Hawkes Bay,Skilled,178.35
1/03/2020,Gisborne/Hawkes Bay,SkilledIndex,258.2
1/03/2020,Gisborne/Hawkes Bay,Technicians and Trades Workers,326.8
1/03/2020,Gisborne/Hawkes Bay,Unskilled,458.4
1/03/2020,Gisborne/Hawkes Bay,UnskilledIndex,359
1/03/2020,Manawatu-Whanganui/Taranaki,Business services,237.08
1/03/2020,Manawatu-Whanganui/Taranaki,Clerical and Administrative Workers,247.4
1/03/2020,Manawatu-Whanganui/Taranaki,Community and Personal Service Workers,298.3
1/03/2020,Manawatu-Whanganui/Taranaki,Construction,248.38
1/03/2020,Manawatu-Whanganui/Taranaki,Education,77.24
1/03/2020,Manawatu-Whanganui/Taranaki,Health care,320.01
1/03/2020,Manawatu-Whanganui/Taranaki,Highly-Skilled,224.87
1/03/2020,Manawatu-Whanganui/Taranaki,Hospitality,240.6
1/03/2020,Manawatu-Whanganui/Taranaki,IT,156.47
1/03/2020,Manawatu-Whanganui/Taranaki,Labourers,600
1/03/2020,Manawatu-Whanganui/Taranaki,Low-Skilled,276.34
1/03/2020,Manawatu-Whanganui/Taranaki,Machinery Operators and Drivers,333.7
1/03/2020,Manawatu-Whanganui/Taranaki,Managers,189.1
1/03/2020,Manawatu-Whanganui/Taranaki,Manufacturing,306.09
1/03/2020,Manawatu-Whanganui/Taranaki,Other,328.48
1/03/2020,Manawatu-Whanganui/Taranaki,Primary,352.86
1/03/2020,Manawatu-Whanganui/Taranaki,Professionals,160.5
1/03/2020,Manawatu-Whanganui/Taranaki,Sales,143.86
1/03/2020,Manawatu-Whanganui/Taranaki,Sales Workers,193.9
1/03/2020,Manawatu-Whanganui/Taranaki,Semi-Skilled,330.23
1/03/2020,Manawatu-Whanganui/Taranaki,Skilled,126.06
1/03/2020,Manawatu-Whanganui/Taranaki,SkilledIndex,198.6
1/03/2020,Manawatu-Whanganui/Taranaki,Technicians and Trades Workers,270.4
1/03/2020,Manawatu-Whanganui/Taranaki,Unskilled,348.07
1/03/2020,Manawatu-Whanganui/Taranaki,UnskilledIndex,296.7
1/03/2020,Northland,Business services,224.62
1/03/2020,Northland,Clerical and Administrative Workers,306.7
1/03/2020,Northland,Community and Personal Service Workers,372.4
1/03/2020,Northland,Construction,396.62
1/03/2020,Northland,Education,59.82
1/03/2020,Northland,Health care,238.35
1/03/2020,Northland,Highly-Skilled,251.43
1/03/2020,Northland,Hospitality,308.62
1/03/2020,Northland,IT,178.57
1/03/2020,Northland,Labourers,416.7
1/03/2020,Northland,Low-Skilled,269.45
1/03/2020,Northland,Machinery Operators and Drivers,376.7
1/03/2020,Northland,Managers,280.2
1/03/2020,Northland,Manufacturing,389.29
1/03/2020,Northland,Other,717.65
1/03/2020,Northland,Primary,235.9
1/03/2020,Northland,Professionals,161.1
1/03/2020,Northland,Sales,233.85
1/03/2020,Northland,Sales Workers,204.3
1/03/2020,Northland,Semi-Skilled,326.09
1/03/2020,Northland,Skilled,152.4
1/03/2020,Northland,SkilledIndex,220.7
1/03/2020,Northland,Technicians and Trades Workers,309.5
1/03/2020,Northland,Unskilled,378.57
1/03/2020,Northland,UnskilledIndex,299
1/03/2020,Otago/Southland,Business services,297.6
1/03/2020,Otago/Southland,Clerical and Administrative Workers,357.7
1/03/2020,Otago/Southland,Community and Personal Service Workers,383.8
1/03/2020,Otago/Southland,Construction,532.75
1/03/2020,Otago/Southland,Education,73.82
1/03/2020,Otago/Southland,Health care,361.68
1/03/2020,Otago/Southland,Highly-Skilled,269.02
1/03/2020,Otago/Southland,Hospitality,306.91
1/03/2020,Otago/Southland,IT,145.16
1/03/2020,Otago/Southland,Labourers,703.1
1/03/2020,Otago/Southland,Low-Skilled,354.64
1/03/2020,Otago/Southland,Machinery Operators and Drivers,443.6
1/03/2020,Otago/Southland,Managers,259.7
1/03/2020,Otago/Southland,Manufacturing,451.88
1/03/2020,Otago/Southland,Other,664.29
1/03/2020,Otago/Southland,Primary,258.72
1/03/2020,Otago/Southland,Professionals,193.3
1/03/2020,Otago/Southland,Sales,216.1
1/03/2020,Otago/Southland,Sales Workers,254.5
1/03/2020,Otago/Southland,Semi-Skilled,596.08
1/03/2020,Otago/Southland,Skilled,195.72
1/03/2020,Otago/Southland,SkilledIndex,287.1
1/03/2020,Otago/Southland,Technicians and Trades Workers,458.4
1/03/2020,Otago/Southland,Unskilled,433.95
1/03/2020,Otago/Southland,UnskilledIndex,379.4
1/03/2020,Tasman/Nelson/Marlborough/West Coast,Business services,236.78
1/03/2020,Tasman/Nelson/Marlborough/West Coast,Clerical and Administrative Workers,292.5
1/03/2020,Tasman/Nelson/Marlborough/West Coast,Community and Personal Service Workers,275.7
1/03/2020,Tasman/Nelson/Marlborough/West Coast,Construction,469.92
1/03/2020,Tasman/Nelson/Marlborough/West Coast,Education,51.3
1/03/2020,Tasman/Nelson/Marlborough/West Coast,Health care,317.65
1/03/2020,Tasman/Nelson/Marlborough/West Coast,Highly-Skilled,223.72
1/03/2020,Tasman/Nelson/Marlborough/West Coast,Hospitality,190.32
1/03/2020,Tasman/Nelson/Marlborough/West Coast,IT,146.15
1/03/2020,Tasman/Nelson/Marlborough/West Coast,Labourers,580.3
1/03/2020,Tasman/Nelson/Marlborough/West Coast,Low-Skilled,313.11
1/03/2020,Tasman/Nelson/Marlborough/West Coast,Machinery Operators and Drivers,353.2
1/03/2020,Tasman/Nelson/Marlborough/West Coast,Managers,208.1
1/03/2020,Tasman/Nelson/Marlborough/West Coast,Manufacturing,528.26
1/03/2020,Tasman/Nelson/Marlborough/West Coast,Other,397.37
1/03/2020,Tasman/Nelson/Marlborough/West Coast,Primary,249.46
1/03/2020,Tasman/Nelson/Marlborough/West Coast,Professionals,147
1/03/2020,Tasman/Nelson/Marlborough/West Coast,Sales,194.64
1/03/2020,Tasman/Nelson/Marlborough/West Coast,Sales Workers,235.3
1/03/2020,Tasman/Nelson/Marlborough/West Coast,Semi-Skilled,473.73
1/03/2020,Tasman/Nelson/Marlborough/West Coast,Skilled,128.88
1/03/2020,Tasman/Nelson/Marlborough/West Coast,SkilledIndex,212.7
1/03/2020,Tasman/Nelson/Marlborough/West Coast,Technicians and Trades Workers,337.4
1/03/2020,Tasman/Nelson/Marlborough/West Coast,Unskilled,385.53
1/03/2020,Tasman/Nelson/Marlborough/West Coast,UnskilledIndex,334.7
1/03/2020,Totals,Auckland,183.78
1/03/2020,Totals,Bay of Plenty,318.26
1/03/2020,Totals,Business services,174.91
1/03/2020,Totals,Canterbury,181.9
1/03/2020,Totals,Clerical and Administrative Workers,187.8
1/03/2020,Totals,Community and Personal Service Workers,268.4
1/03/2020,Totals,Construction,314.5
1/03/2020,Totals,Education,85.51
1/03/2020,Totals,Gisborne/Hawkes Bay,284.63
1/03/2020,Totals,Health care,232.67
1/03/2020,Totals,Highly-Skilled,169.45
1/03/2020,Totals,Hospitality,223.48
1/03/2020,Totals,IT,100.54
1/03/2020,Totals,Labourers,491.3
1/03/2020,Totals,Low-Skilled,228.64
1/03/2020,Totals,Machinery Operators and Drivers,381.8
1/03/2020,Totals,Managers,170.8
1/03/2020,Totals,Manawatu-Whanganui/Taranaki,221.67
1/03/2020,Totals,Manufacturing,310.64
1/03/2020,Totals,Northland,245.94
1/03/2020,Totals,Otago/Southland,312.14
1/03/2020,Totals,Other,352.74
1/03/2020,Totals,Primary,291.68
1/03/2020,Totals,Professionals,152.2
1/03/2020,Totals,Sales,158.53
1/03/2020,Totals,Sales Workers,189.4
1/03/2020,Totals,Semi-Skilled,360.74
1/03/2020,Totals,Skilled,162.84
1/03/2020,Totals,SkilledIndex,184.9
1/03/2020,Totals,Tasman/Nelson/Marlborough/West Coast,256.16
1/03/2020,Totals,Technicians and Trades Workers,300
1/03/2020,Totals,TotalsIndex,199.99
1/03/2020,Totals,Unskilled,305.08
1/03/2020,Totals,UnskilledIndex,247.8
1/03/2020,Totals,Waikato,240.38
1/03/2020,Totals,Wellington,164.65
1/03/2020,Waikato,Business services,221.55
1/03/2020,Waikato,Clerical and Administrative Workers,260.9
1/03/2020,Waikato,Community and Personal Service Workers,298.6
1/03/2020,Waikato,Construction,351.76
1/03/2020,Waikato,Education,83.87
1/03/2020,Waikato,Health care,258.35
1/03/2020,Waikato,Highly-Skilled,212.02
1/03/2020,Waikato,Hospitality,232.59
1/03/2020,Waikato,IT,158.79
1/03/2020,Waikato,Labourers,526.5
1/03/2020,Waikato,Low-Skilled,287.69
1/03/2020,Waikato,Machinery Operators and Drivers,367.8
1/03/2020,Waikato,Managers,220.2
1/03/2020,Waikato,Manufacturing,352.41
1/03/2020,Waikato,Other,365.08
1/03/2020,Waikato,Primary,295.79
1/03/2020,Waikato,Professionals,160.9
1/03/2020,Waikato,Sales,169.09
1/03/2020,Waikato,Sales Workers,191.2
1/03/2020,Waikato,Semi-Skilled,423.76
1/03/2020,Waikato,Skilled,166.96
1/03/2020,Waikato,SkilledIndex,223.6
1/03/2020,Waikato,Technicians and Trades Workers,355.2
1/03/2020,Waikato,Unskilled,298.36
1/03/2020,Waikato,UnskilledIndex,290.8
1/03/2020,Wellington,Business services,174.42
1/03/2020,Wellington,Clerical and Administrative Workers,169.2
1/03/2020,Wellington,Community and Personal Service Workers,247.7
1/03/2020,Wellington,Construction,254.5
1/03/2020,Wellington,Education,98.54
1/03/2020,Wellington,Health care,210.72
1/03/2020,Wellington,Highly-Skilled,139.23
1/03/2020,Wellington,Hospitality,218.1
1/03/2020,Wellington,IT,86.52
1/03/2020,Wellington,Labourers,474.8
1/03/2020,Wellington,Low-Skilled,200.45
1/03/2020,Wellington,Machinery Operators and Drivers,350.5
1/03/2020,Wellington,Managers,133.1
1/03/2020,Wellington,Manufacturing,285.83
1/03/2020,Wellington,Other,266.8
1/03/2020,Wellington,Primary,286.57
1/03/2020,Wellington,Professionals,135.1
1/03/2020,Wellington,Sales,137.67
1/03/2020,Wellington,Sales Workers,180.3
1/03/2020,Wellington,Semi-Skilled,304.19
1/03/2020,Wellington,Skilled,152.73
1/03/2020,Wellington,SkilledIndex,151.8
1/03/2020,Wellington,Technicians and Trades Workers,228.2
1/03/2020,Wellington,Unskilled,270.09
1/03/2020,Wellington,UnskilledIndex,218.5
1/06/2020,Auckland,Business services,63.68
1/06/2020,Auckland,Clerical and Administrative Workers,66.1
1/06/2020,Auckland,Community and Personal Service Workers,133.9
1/06/2020,Auckland,Construction,169.04
1/06/2020,Auckland,Education,62.03
1/06/2020,Auckland,Health care,128.97
1/06/2020,Auckland,Highly-Skilled,76.95
1/06/2020,Auckland,Hospitality,94.66
1/06/2020,Auckland,IT,51.31
1/06/2020,Auckland,Labourers,263.1
1/06/2020,Auckland,Low-Skilled,88.02
1/06/2020,Auckland,Machinery Operators and Drivers,188
1/06/2020,Auckland,Managers,79.3
1/06/2020,Auckland,Manufacturing,129.68
1/06/2020,Auckland,Other,182.2
1/06/2020,Auckland,Primary,160.54
1/06/2020,Auckland,Professionals,72.7
1/06/2020,Auckland,Sales,54.86
1/06/2020,Auckland,Sales Workers,59.9
1/06/2020,Auckland,Semi-Skilled,200.78
1/06/2020,Auckland,Skilled,85.57
1/06/2020,Auckland,SkilledIndex,88
1/06/2020,Auckland,Technicians and Trades Workers,162.5
1/06/2020,Auckland,Unskilled,131.36
1/06/2020,Auckland,UnskilledIndex,97.1
1/06/2020,Bay of Plenty,Business services,174.72
1/06/2020,Bay of Plenty,Clerical and Administrative Workers,173
1/06/2020,Bay of Plenty,Community and Personal Service Workers,170.9
1/06/2020,Bay of Plenty,Construction,269.18
1/06/2020,Bay of Plenty,Education,53.44
1/06/2020,Bay of Plenty,Health care,309.46
1/06/2020,Bay of Plenty,Highly-Skilled,206.67
1/06/2020,Bay of Plenty,Hospitality,120.2
1/06/2020,Bay of Plenty,IT,145.78
1/06/2020,Bay of Plenty,Labourers,385.7
1/06/2020,Bay of Plenty,Low-Skilled,170.24
1/06/2020,Bay of Plenty,Machinery Operators and Drivers,295.8
1/06/2020,Bay of Plenty,Managers,188
1/06/2020,Bay of Plenty,Manufacturing,248.66
1/06/2020,Bay of Plenty,Other,275
1/06/2020,Bay of Plenty,Primary,513.64
1/06/2020,Bay of Plenty,Professionals,155.6
1/06/2020,Bay of Plenty,Sales,96.22
1/06/2020,Bay of Plenty,Sales Workers,104.9
1/06/2020,Bay of Plenty,Semi-Skilled,296.97
1/06/2020,Bay of Plenty,Skilled,131.06
1/06/2020,Bay of Plenty,SkilledIndex,191.6
1/06/2020,Bay of Plenty,Technicians and Trades Workers,240.2
1/06/2020,Bay of Plenty,Unskilled,221.76
1/06/2020,Bay of Plenty,UnskilledIndex,185.2
1/06/2020,Canterbury,Business services,69.51
1/06/2020,Canterbury,Clerical and Administrative Workers,64.8
1/06/2020,Canterbury,Community and Personal Service Workers,93.1
1/06/2020,Canterbury,Construction,128.88
1/06/2020,Canterbury,Education,47.34
1/06/2020,Canterbury,Health care,147.84
1/06/2020,Canterbury,Highly-Skilled,91.83
1/06/2020,Canterbury,Hospitality,60.75
1/06/2020,Canterbury,IT,70.19
1/06/2020,Canterbury,Labourers,174.1
1/06/2020,Canterbury,Low-Skilled,94.41
1/06/2020,Canterbury,Machinery Operators and Drivers,155.5
1/06/2020,Canterbury,Managers,92.6
1/06/2020,Canterbury,Manufacturing,152.58
1/06/2020,Canterbury,Other,227.44
1/06/2020,Canterbury,Primary,212.35
1/06/2020,Canterbury,Professionals,79.3
1/06/2020,Canterbury,Sales,57.29
1/06/2020,Canterbury,Sales Workers,66.6
1/06/2020,Canterbury,Semi-Skilled,180.58
1/06/2020,Canterbury,Skilled,64.58
1/06/2020,Canterbury,SkilledIndex,95
1/06/2020,Canterbury,Technicians and Trades Workers,137
1/06/2020,Canterbury,Unskilled,97.52
1/06/2020,Canterbury,UnskilledIndex,95.3
1/06/2020,Gisborne/Hawkes Bay,Business services,199.29
1/06/2020,Gisborne/Hawkes Bay,Clerical and Administrative Workers,211.5
1/06/2020,Gisborne/Hawkes Bay,Community and Personal Service Workers,169.9
1/06/2020,Gisborne/Hawkes Bay,Construction,275
1/06/2020,Gisborne/Hawkes Bay,Education,54.69
1/06/2020,Gisborne/Hawkes Bay,Health care,221.95
1/06/2020,Gisborne/Hawkes Bay,Highly-Skilled,211.07
1/06/2020,Gisborne/Hawkes Bay,Hospitality,115.2
1/06/2020,Gisborne/Hawkes Bay,IT,159.26
1/06/2020,Gisborne/Hawkes Bay,Labourers,340.2
1/06/2020,Gisborne/Hawkes Bay,Low-Skilled,182.77
1/06/2020,Gisborne/Hawkes Bay,Machinery Operators and Drivers,308.7
1/06/2020,Gisborne/Hawkes Bay,Managers,225.9
1/06/2020,Gisborne/Hawkes Bay,Manufacturing,309.68
1/06/2020,Gisborne/Hawkes Bay,Other,246.05
1/06/2020,Gisborne/Hawkes Bay,Primary,279.37
1/06/2020,Gisborne/Hawkes Bay,Professionals,139.2
1/06/2020,Gisborne/Hawkes Bay,Sales,121.5
1/06/2020,Gisborne/Hawkes Bay,Sales Workers,100
1/06/2020,Gisborne/Hawkes Bay,Semi-Skilled,265.54
1/06/2020,Gisborne/Hawkes Bay,Skilled,110.42
1/06/2020,Gisborne/Hawkes Bay,SkilledIndex,182.1
1/06/2020,Gisborne/Hawkes Bay,Technicians and Trades Workers,211.3
1/06/2020,Gisborne/Hawkes Bay,Unskilled,234.4
1/06/2020,Gisborne/Hawkes Bay,UnskilledIndex,196.8
1/06/2020,Manawatu-Whanganui/Taranaki,Business services,135.96
1/06/2020,Manawatu-Whanganui/Taranaki,Clerical and Administrative Workers,133.5
1/06/2020,Manawatu-Whanganui/Taranaki,Community and Personal Service Workers,222.1
1/06/2020,Manawatu-Whanganui/Taranaki,Construction,196.38
1/06/2020,Manawatu-Whanganui/Taranaki,Education,61.79
1/06/2020,Manawatu-Whanganui/Taranaki,Health care,268.4
1/06/2020,Manawatu-Whanganui/Taranaki,Highly-Skilled,164.33
1/06/2020,Manawatu-Whanganui/Taranaki,Hospitality,166.17
1/06/2020,Manawatu-Whanganui/Taranaki,IT,87.06
1/06/2020,Manawatu-Whanganui/Taranaki,Labourers,471.4
1/06/2020,Manawatu-Whanganui/Taranaki,Low-Skilled,187.81
1/06/2020,Manawatu-Whanganui/Taranaki,Machinery Operators and Drivers,256.7
1/06/2020,Manawatu-Whanganui/Taranaki,Managers,144.4
1/06/2020,Manawatu-Whanganui/Taranaki,Manufacturing,196.09
1/06/2020,Manawatu-Whanganui/Taranaki,Other,216.56
1/06/2020,Manawatu-Whanganui/Taranaki,Primary,254.29
1/06/2020,Manawatu-Whanganui/Taranaki,Professionals,119.5
1/06/2020,Manawatu-Whanganui/Taranaki,Sales,79.04
1/06/2020,Manawatu-Whanganui/Taranaki,Sales Workers,89.3
1/06/2020,Manawatu-Whanganui/Taranaki,Semi-Skilled,257.8
1/06/2020,Manawatu-Whanganui/Taranaki,Skilled,90.5
1/06/2020,Manawatu-Whanganui/Taranaki,SkilledIndex,146.5
1/06/2020,Manawatu-Whanganui/Taranaki,Technicians and Trades Workers,200.2
1/06/2020,Manawatu-Whanganui/Taranaki,Unskilled,212.15
1/06/2020,Manawatu-Whanganui/Taranaki,UnskilledIndex,194.7
1/06/2020,Northland,Business services,125.38
1/06/2020,Northland,Clerical and Administrative Workers,160.1
1/06/2020,Northland,Community and Personal Service Workers,243.2
1/06/2020,Northland,Construction,259.46
1/06/2020,Northland,Education,36.53
1/06/2020,Northland,Health care,196.62
1/06/2020,Northland,Highly-Skilled,191.51
1/06/2020,Northland,Hospitality,151.72
1/06/2020,Northland,IT,228.57
1/06/2020,Northland,Labourers,281
1/06/2020,Northland,Low-Skilled,162.09
1/06/2020,Northland,Machinery Operators and Drivers,266.7
1/06/2020,Northland,Managers,203
1/06/2020,Northland,Manufacturing,228.57
1/06/2020,Northland,Other,514.71
1/06/2020,Northland,Primary,202.56
1/06/2020,Northland,Professionals,123.1
1/06/2020,Northland,Sales,123.08
1/06/2020,Northland,Sales Workers,92.4
1/06/2020,Northland,Semi-Skilled,201.09
1/06/2020,Northland,Skilled,103.27
1/06/2020,Northland,SkilledIndex,157
1/06/2020,Northland,Technicians and Trades Workers,204
1/06/2020,Northland,Unskilled,207.14
1/06/2020,Northland,UnskilledIndex,174.3
1/06/2020,Otago/Southland,Business services,143.15
1/06/2020,Otago/Southland,Clerical and Administrative Workers,127.7
1/06/2020,Otago/Southland,Community and Personal Service Workers,186.4
1/06/2020,Otago/Southland,Construction,260.96
1/06/2020,Otago/Southland,Education,46.69
1/06/2020,Otago/Southland,Health care,281.11
1/06/2020,Otago/Southland,Highly-Skilled,159.51
1/06/2020,Otago/Southland,Hospitality,88.62
1/06/2020,Otago/Southland,IT,81.72
1/06/2020,Otago/Southland,Labourers,330.9
1/06/2020,Otago/Southland,Low-Skilled,138.61
1/06/2020,Otago/Southland,Machinery Operators and Drivers,187.1
1/06/2020,Otago/Southland,Managers,140.7
1/06/2020,Otago/Southland,Manufacturing,181.88
1/06/2020,Otago/Southland,Other,360.71
1/06/2020,Otago/Southland,Primary,186.24
1/06/2020,Otago/Southland,Professionals,120
1/06/2020,Otago/Southland,Sales,69.61
1/06/2020,Otago/Southland,Sales Workers,93.2
1/06/2020,Otago/Southland,Semi-Skilled,314.22
1/06/2020,Otago/Southland,Skilled,94.98
1/06/2020,Otago/Southland,SkilledIndex,157.4
1/06/2020,Otago/Southland,Technicians and Trades Workers,217.6
1/06/2020,Otago/Southland,Unskilled,169.77
1/06/2020,Otago/Southland,UnskilledIndex,148.3
1/06/2020,Tasman/Nelson/Marlborough/West Coast,Business services,137.93
1/06/2020,Tasman/Nelson/Marlborough/West Coast,Clerical and Administrative Workers,143.7
1/06/2020,Tasman/Nelson/Marlborough/West Coast,Community and Personal Service Workers,154.6
1/06/2020,Tasman/Nelson/Marlborough/West Coast,Construction,276.69
1/06/2020,Tasman/Nelson/Marlborough/West Coast,Education,43.48
1/06/2020,Tasman/Nelson/Marlborough/West Coast,Health care,249.5
1/06/2020,Tasman/Nelson/Marlborough/West Coast,Highly-Skilled,171.64
1/06/2020,Tasman/Nelson/Marlborough/West Coast,Hospitality,72.9
1/06/2020,Tasman/Nelson/Marlborough/West Coast,IT,88.46
1/06/2020,Tasman/Nelson/Marlborough/West Coast,Labourers,303.9
1/06/2020,Tasman/Nelson/Marlborough/West Coast,Low-Skilled,152.12
1/06/2020,Tasman/Nelson/Marlborough/West Coast,Machinery Operators and Drivers,166.8
1/06/2020,Tasman/Nelson/Marlborough/West Coast,Managers,161.7
1/06/2020,Tasman/Nelson/Marlborough/West Coast,Manufacturing,227.17
1/06/2020,Tasman/Nelson/Marlborough/West Coast,Other,221.05
1/06/2020,Tasman/Nelson/Marlborough/West Coast,Primary,206.45
1/06/2020,Tasman/Nelson/Marlborough/West Coast,Professionals,110.5
1/06/2020,Tasman/Nelson/Marlborough/West Coast,Sales,85.27
1/06/2020,Tasman/Nelson/Marlborough/West Coast,Sales Workers,90.5
1/06/2020,Tasman/Nelson/Marlborough/West Coast,Semi-Skilled,291.53
1/06/2020,Tasman/Nelson/Marlborough/West Coast,Skilled,75.08
1/06/2020,Tasman/Nelson/Marlborough/West Coast,SkilledIndex,144.7
1/06/2020,Tasman/Nelson/Marlborough/West Coast,Technicians and Trades Workers,199.5
1/06/2020,Tasman/Nelson/Marlborough/West Coast,Unskilled,181.6
1/06/2020,Tasman/Nelson/Marlborough/West Coast,UnskilledIndex,160.9
1/06/2020,Totals,Auckland,89.25
1/06/2020,Totals,Bay of Plenty,188.66
1/06/2020,Totals,Business services,78.7
1/06/2020,Totals,Canterbury,96.16
1/06/2020,Totals,Clerical and Administrative Workers,80.8
1/06/2020,Totals,Community and Personal Service Workers,143.9
1/06/2020,Totals,Construction,185.57
1/06/2020,Totals,Education,55.1
1/06/2020,Totals,Gisborne/Hawkes Bay,184.04
1/06/2020,Totals,Health care,171.27
1/06/2020,Totals,Highly-Skilled,95.04
1/06/2020,Totals,Hospitality,92.94
1/06/2020,Totals,IT,54.01
1/06/2020,Totals,Labourers,284.2
1/06/2020,Totals,Low-Skilled,109.12
1/06/2020,Totals,Machinery Operators and Drivers,202.6
1/06/2020,Totals,Managers,94.3
1/06/2020,Totals,Manawatu-Whanganui/Taranaki,156.9
1/06/2020,Totals,Manufacturing,160.44
1/06/2020,Totals,Northland,163.56
1/06/2020,Totals,Otago/Southland,153.04
1/06/2020,Totals,Other,198.97
1/06/2020,Totals,Primary,226.86
1/06/2020,Totals,Professionals,87.6
1/06/2020,Totals,Sales,62.23
1/06/2020,Totals,Sales Workers,71
1/06/2020,Totals,Semi-Skilled,226.37
1/06/2020,Totals,Skilled,86.72
1/06/2020,Totals,SkilledIndex,104.7
1/06/2020,Totals,Tasman/Nelson/Marlborough/West Coast,149.8
1/06/2020,Totals,Technicians and Trades Workers,176
1/06/2020,Totals,TotalsIndex,107.62
1/06/2020,Totals,Unskilled,145.24
1/06/2020,Totals,UnskilledIndex,118.2
1/06/2020,Totals,Waikato,149.87
1/06/2020,Totals,Wellington,89.52
1/06/2020,Waikato,Business services,112.29
1/06/2020,Waikato,Clerical and Administrative Workers,124.8
1/06/2020,Waikato,Community and Personal Service Workers,182
1/06/2020,Waikato,Construction,232.21
1/06/2020,Waikato,Education,56.77
1/06/2020,Waikato,Health care,212.72
1/06/2020,Waikato,Highly-Skilled,137.76
1/06/2020,Waikato,Hospitality,124.55
1/06/2020,Waikato,IT,97.99
1/06/2020,Waikato,Labourers,342.6
1/06/2020,Waikato,Low-Skilled,154.67
1/06/2020,Waikato,Machinery Operators and Drivers,219.3
1/06/2020,Waikato,Managers,143.1
1/06/2020,Waikato,Manufacturing,213.83
1/06/2020,Waikato,Other,207.94
1/06/2020,Waikato,Primary,282.11
1/06/2020,Waikato,Professionals,108
1/06/2020,Waikato,Sales,77.42
1/06/2020,Waikato,Sales Workers,83.8
1/06/2020,Waikato,Semi-Skilled,297.69
1/06/2020,Waikato,Skilled,106.2
1/06/2020,Waikato,SkilledIndex,147.3
1/06/2020,Waikato,Technicians and Trades Workers,239.1
1/06/2020,Waikato,Unskilled,166.45
1/06/2020,Waikato,UnskilledIndex,158.1
1/06/2020,Wellington,Business services,79.27
1/06/2020,Wellington,Clerical and Administrative Workers,68.3
1/06/2020,Wellington,Community and Personal Service Workers,124.2
1/06/2020,Wellington,Construction,176.31
1/06/2020,Wellington,Education,54.53
1/06/2020,Wellington,Health care,147.97
1/06/2020,Wellington,Highly-Skilled,78.21
1/06/2020,Wellington,Hospitality,83.62
1/06/2020,Wellington,IT,46.22
1/06/2020,Wellington,Labourers,309
1/06/2020,Wellington,Low-Skilled,96.94
1/06/2020,Wellington,Machinery Operators and Drivers,208.9
1/06/2020,Wellington,Managers,73.8
1/06/2020,Wellington,Manufacturing,154.22
1/06/2020,Wellington,Other,153.89
1/06/2020,Wellington,Primary,211.94
1/06/2020,Wellington,Professionals,76.3
1/06/2020,Wellington,Sales,53.79
1/06/2020,Wellington,Sales Workers,64
1/06/2020,Wellington,Semi-Skilled,212.63
1/06/2020,Wellington,Skilled,76.16
1/06/2020,Wellington,SkilledIndex,85.7
1/06/2020,Wellington,Technicians and Trades Workers,152.5
1/06/2020,Wellington,Unskilled,133.25
1/06/2020,Wellington,UnskilledIndex,106.4
1/09/2020,Auckland,Business services,96.91
1/09/2020,Auckland,Clerical and Administrative Workers,106.2
1/09/2020,Auckland,Community and Personal Service Workers,208.3
1/09/2020,Auckland,Construction,262.51
1/09/2020,Auckland,Education,80.17
1/09/2020,Auckland,Health care,163.65
1/09/2020,Auckland,Highly-Skilled,115.96
1/09/2020,Auckland,Hospitality,173.06
1/09/2020,Auckland,IT,82.99
1/09/2020,Auckland,Labourers,445.3
1/09/2020,Auckland,Low-Skilled,156.31
1/09/2020,Auckland,Machinery Operators and Drivers,382.6
1/09/2020,Auckland,Managers,116.2
1/09/2020,Auckland,Manufacturing,230.89
1/09/2020,Auckland,Other,283.42
1/09/2020,Auckland,Primary,248.98
1/09/2020,Auckland,Professionals,110
1/09/2020,Auckland,Sales,107.68
1/09/2020,Auckland,Sales Workers,128.9
1/09/2020,Auckland,Semi-Skilled,299.93
1/09/2020,Auckland,Skilled,127.85
1/09/2020,Auckland,SkilledIndex,132.1
1/09/2020,Auckland,Technicians and Trades Workers,244.7
1/09/2020,Auckland,Unskilled,244.84
1/09/2020,Auckland,UnskilledIndex,174.8
1/09/2020,Bay of Plenty,Business services,355.85
1/09/2020,Bay of Plenty,Clerical and Administrative Workers,364.9
1/09/2020,Bay of Plenty,Community and Personal Service Workers,280.8
1/09/2020,Bay of Plenty,Construction,446.35
1/09/2020,Bay of Plenty,Education,87.54
1/09/2020,Bay of Plenty,Health care,426.48
1/09/2020,Bay of Plenty,Highly-Skilled,320.01
1/09/2020,Bay of Plenty,Hospitality,236.45
1/09/2020,Bay of Plenty,IT,262.65
1/09/2020,Bay of Plenty,Labourers,620.4
1/09/2020,Bay of Plenty,Low-Skilled,332.46
1/09/2020,Bay of Plenty,Machinery Operators and Drivers,553.1
1/09/2020,Bay of Plenty,Managers,271.5
1/09/2020,Bay of Plenty,Manufacturing,418.18
1/09/2020,Bay of Plenty,Other,537.5
1/09/2020,Bay of Plenty,Primary,672.73
1/09/2020,Bay of Plenty,Professionals,246.9
1/09/2020,Bay of Plenty,Sales,183.51
1/09/2020,Bay of Plenty,Sales Workers,239.3
1/09/2020,Bay of Plenty,Semi-Skilled,506.57
1/09/2020,Bay of Plenty,Skilled,217.14
1/09/2020,Bay of Plenty,SkilledIndex,308.6
1/09/2020,Bay of Plenty,Technicians and Trades Workers,404.1
1/09/2020,Bay of Plenty,Unskilled,389.78
1/09/2020,Bay of Plenty,UnskilledIndex,349.1
1/09/2020,Canterbury,Business services,129.77
1/09/2020,Canterbury,Clerical and Administrative Workers,129.2
1/09/2020,Canterbury,Community and Personal Service Workers,163.8
1/09/2020,Canterbury,Construction,252.35
1/09/2020,Canterbury,Education,80.97
1/09/2020,Canterbury,Health care,204.1
1/09/2020,Canterbury,Highly-Skilled,144.62
1/09/2020,Canterbury,Hospitality,125.86
1/09/2020,Canterbury,IT,98.29
1/09/2020,Canterbury,Labourers,357.9
1/09/2020,Canterbury,Low-Skilled,188.34
1/09/2020,Canterbury,Machinery Operators and Drivers,391.1
1/09/2020,Canterbury,Managers,143.8
1/09/2020,Canterbury,Manufacturing,310.3
1/09/2020,Canterbury,Other,425.58
1/09/2020,Canterbury,Primary,312.35
1/09/2020,Canterbury,Professionals,125.6
1/09/2020,Canterbury,Sales,103.88
1/09/2020,Canterbury,Sales Workers,139.1
1/09/2020,Canterbury,Semi-Skilled,317.94
1/09/2020,Canterbury,Skilled,119.58
1/09/2020,Canterbury,SkilledIndex,159.2
1/09/2020,Canterbury,Technicians and Trades Workers,241.6
1/09/2020,Canterbury,Unskilled,212.85
1/09/2020,Canterbury,UnskilledIndex,195.5
1/09/2020,Gisborne/Hawkes Bay,Business services,290.07
1/09/2020,Gisborne/Hawkes Bay,Clerical and Administrative Workers,354.9
1/09/2020,Gisborne/Hawkes Bay,Community and Personal Service Workers,321.3
1/09/2020,Gisborne/Hawkes Bay,Construction,450.76
1/09/2020,Gisborne/Hawkes Bay,Education,95.51
1/09/2020,Gisborne/Hawkes Bay,Health care,306
1/09/2020,Gisborne/Hawkes Bay,Highly-Skilled,292.4
1/09/2020,Gisborne/Hawkes Bay,Hospitality,238.4
1/09/2020,Gisborne/Hawkes Bay,IT,177.78
1/09/2020,Gisborne/Hawkes Bay,Labourers,577.8
1/09/2020,Gisborne/Hawkes Bay,Low-Skilled,323.27
1/09/2020,Gisborne/Hawkes Bay,Machinery Operators and Drivers,494.2
1/09/2020,Gisborne/Hawkes Bay,Managers,311.6
1/09/2020,Gisborne/Hawkes Bay,Manufacturing,461.29
1/09/2020,Gisborne/Hawkes Bay,Other,436.84
1/09/2020,Gisborne/Hawkes Bay,Primary,401.59
1/09/2020,Gisborne/Hawkes Bay,Professionals,190.6
1/09/2020,Gisborne/Hawkes Bay,Sales,239
1/09/2020,Gisborne/Hawkes Bay,Sales Workers,223.8
1/09/2020,Gisborne/Hawkes Bay,Semi-Skilled,435.14
1/09/2020,Gisborne/Hawkes Bay,Skilled,173.6
1/09/2020,Gisborne/Hawkes Bay,SkilledIndex,270.2
1/09/2020,Gisborne/Hawkes Bay,Technicians and Trades Workers,357.9
1/09/2020,Gisborne/Hawkes Bay,Unskilled,448
1/09/2020,Gisborne/Hawkes Bay,UnskilledIndex,357.1
1/09/2020,Manawatu-Whanganui/Taranaki,Business services,283.15
1/09/2020,Manawatu-Whanganui/Taranaki,Clerical and Administrative Workers,257.2
1/09/2020,Manawatu-Whanganui/Taranaki,Community and Personal Service Workers,330.2
1/09/2020,Manawatu-Whanganui/Taranaki,Construction,312
1/09/2020,Manawatu-Whanganui/Taranaki,Education,89.7
1/09/2020,Manawatu-Whanganui/Taranaki,Health care,356.03
1/09/2020,Manawatu-Whanganui/Taranaki,Highly-Skilled,255.93
1/09/2020,Manawatu-Whanganui/Taranaki,Hospitality,290.23
1/09/2020,Manawatu-Whanganui/Taranaki,IT,200
1/09/2020,Manawatu-Whanganui/Taranaki,Labourers,710.7
1/09/2020,Manawatu-Whanganui/Taranaki,Low-Skilled,325.67
1/09/2020,Manawatu-Whanganui/Taranaki,Machinery Operators and Drivers,440.4
1/09/2020,Manawatu-Whanganui/Taranaki,Managers,212
1/09/2020,Manawatu-Whanganui/Taranaki,Manufacturing,348.7
1/09/2020,Manawatu-Whanganui/Taranaki,Other,360.93
1/09/2020,Manawatu-Whanganui/Taranaki,Primary,361.43
1/09/2020,Manawatu-Whanganui/Taranaki,Professionals,185.3
1/09/2020,Manawatu-Whanganui/Taranaki,Sales,158.31
1/09/2020,Manawatu-Whanganui/Taranaki,Sales Workers,225.9
1/09/2020,Manawatu-Whanganui/Taranaki,Semi-Skilled,401.14
1/09/2020,Manawatu-Whanganui/Taranaki,Skilled,149.26
1/09/2020,Manawatu-Whanganui/Taranaki,SkilledIndex,231.3
1/09/2020,Manawatu-Whanganui/Taranaki,Technicians and Trades Workers,330
1/09/2020,Manawatu-Whanganui/Taranaki,Unskilled,378.99
1/09/2020,Manawatu-Whanganui/Taranaki,UnskilledIndex,340.8
1/09/2020,Northland,Business services,246.92
1/09/2020,Northland,Clerical and Administrative Workers,302.1
1/09/2020,Northland,Community and Personal Service Workers,420.4
1/09/2020,Northland,Construction,474.32
1/09/2020,Northland,Education,57.08
1/09/2020,Northland,Health care,234.48
1/09/2020,Northland,Highly-Skilled,258.31
1/09/2020,Northland,Hospitality,377.59
1/09/2020,Northland,IT,285.71
1/09/2020,Northland,Labourers,519
1/09/2020,Northland,Low-Skilled,324.19
1/09/2020,Northland,Machinery Operators and Drivers,640
1/09/2020,Northland,Managers,290.1
1/09/2020,Northland,Manufacturing,480.36
1/09/2020,Northland,Other,823.53
1/09/2020,Northland,Primary,269.23
1/09/2020,Northland,Professionals,155.8
1/09/2020,Northland,Sales,218.46
1/09/2020,Northland,Sales Workers,205.4
1/09/2020,Northland,Semi-Skilled,420.65
1/09/2020,Northland,Skilled,161.09
1/09/2020,Northland,SkilledIndex,239.2
1/09/2020,Northland,Technicians and Trades Workers,412.7
1/09/2020,Northland,Unskilled,417.14
1/09/2020,Northland,UnskilledIndex,349.4
1/09/2020,Otago/Southland,Business services,256.85
1/09/2020,Otago/Southland,Clerical and Administrative Workers,301.4
1/09/2020,Otago/Southland,Community and Personal Service Workers,370.1
1/09/2020,Otago/Southland,Construction,503.53
1/09/2020,Otago/Southland,Education,85.49
1/09/2020,Otago/Southland,Health care,432.18
1/09/2020,Otago/Southland,Highly-Skilled,271.76
1/09/2020,Otago/Southland,Hospitality,223.58
1/09/2020,Otago/Southland,IT,154.84
1/09/2020,Otago/Southland,Labourers,603.1
1/09/2020,Otago/Southland,Low-Skilled,322.78
1/09/2020,Otago/Southland,Machinery Operators and Drivers,494.1
1/09/2020,Otago/Southland,Managers,252.4
1/09/2020,Otago/Southland,Manufacturing,405
1/09/2020,Otago/Southland,Other,755.95
1/09/2020,Otago/Southland,Primary,339.45
1/09/2020,Otago/Southland,Professionals,200.3
1/09/2020,Otago/Southland,Sales,173.24
1/09/2020,Otago/Southland,Sales Workers,217.6
1/09/2020,Otago/Southland,Semi-Skilled,535.29
1/09/2020,Otago/Southland,Skilled,205.39
1/09/2020,Otago/Southland,SkilledIndex,283.7
1/09/2020,Otago/Southland,Technicians and Trades Workers,416.2
1/09/2020,Otago/Southland,Unskilled,348.37
1/09/2020,Otago/Southland,UnskilledIndex,330.8
1/09/2020,Tasman/Nelson/Marlborough/West Coast,Business services,245.4
1/09/2020,Tasman/Nelson/Marlborough/West Coast,Clerical and Administrative Workers,288.1
1/09/2020,Tasman/Nelson/Marlborough/West Coast,Community and Personal Service Workers,307.6
1/09/2020,Tasman/Nelson/Marlborough/West Coast,Construction,456.78
1/09/2020,Tasman/Nelson/Marlborough/West Coast,Education,79.13
1/09/2020,Tasman/Nelson/Marlborough/West Coast,Health care,359.89
1/09/2020,Tasman/Nelson/Marlborough/West Coast,Highly-Skilled,249.32
1/09/2020,Tasman/Nelson/Marlborough/West Coast,Hospitality,198.71
1/09/2020,Tasman/Nelson/Marlborough/West Coast,IT,180.77
1/09/2020,Tasman/Nelson/Marlborough/West Coast,Labourers,585.6
1/09/2020,Tasman/Nelson/Marlborough/West Coast,Low-Skilled,306.77
1/09/2020,Tasman/Nelson/Marlborough/West Coast,Machinery Operators and Drivers,322.5
1/09/2020,Tasman/Nelson/Marlborough/West Coast,Managers,216.9
1/09/2020,Tasman/Nelson/Marlborough/West Coast,Manufacturing,426.09
1/09/2020,Tasman/Nelson/Marlborough/West Coast,Other,453.95
1/09/2020,Tasman/Nelson/Marlborough/West Coast,Primary,409.68
1/09/2020,Tasman/Nelson/Marlborough/West Coast,Professionals,172.9
1/09/2020,Tasman/Nelson/Marlborough/West Coast,Sales,174.55
1/09/2020,Tasman/Nelson/Marlborough/West Coast,Sales Workers,232.8
1/09/2020,Tasman/Nelson/Marlborough/West Coast,Semi-Skilled,477.97
1/09/2020,Tasman/Nelson/Marlborough/West Coast,Skilled,148.29
1/09/2020,Tasman/Nelson/Marlborough/West Coast,SkilledIndex,233.2
1/09/2020,Tasman/Nelson/Marlborough/West Coast,Technicians and Trades Workers,346.7
1/09/2020,Tasman/Nelson/Marlborough/West Coast,Unskilled,385.53
1/09/2020,Tasman/Nelson/Marlborough/West Coast,UnskilledIndex,330.3
1/09/2020,Totals,Auckland,141.55
1/09/2020,Totals,Bay of Plenty,319.18
1/09/2020,Totals,Business services,135.52
1/09/2020,Totals,Canterbury,172.86
1/09/2020,Totals,Clerical and Administrative Workers,149.9
1/09/2020,Totals,Community and Personal Service Workers,243.3
1/09/2020,Totals,Construction,307.13
1/09/2020,Totals,Education,84.09
1/09/2020,Totals,Gisborne/Hawkes Bay,292.73
1/09/2020,Totals,Health care,234.49
1/09/2020,Totals,Highly-Skilled,148.25
1/09/2020,Totals,Hospitality,187.65
1/09/2020,Totals,IT,86.82
1/09/2020,Totals,Labourers,491
1/09/2020,Totals,Low-Skilled,206.79
1/09/2020,Totals,Machinery Operators and Drivers,422.3
1/09/2020,Totals,Managers,143
1/09/2020,Totals,Manawatu-Whanganui/Taranaki,257.21
1/09/2020,Totals,Manufacturing,295.23
1/09/2020,Totals,Northland,269.8
1/09/2020,Totals,Otago/Southland,297.77
1/09/2020,Totals,Other,359.07
1/09/2020,Totals,Primary,343.29
1/09/2020,Totals,Professionals,137.1
1/09/2020,Totals,Sales,124.12
1/09/2020,Totals,Sales Workers,159
1/09/2020,Totals,Semi-Skilled,361.66
1/09/2020,Totals,Skilled,145.92
1/09/2020,Totals,SkilledIndex,166.8
1/09/2020,Totals,Tasman/Nelson/Marlborough/West Coast,268.36
1/09/2020,Totals,Technicians and Trades Workers,287.3
1/09/2020,Totals,TotalsIndex,181.22
1/09/2020,Totals,Unskilled,276.95
1/09/2020,Totals,UnskilledIndex,224.4
1/09/2020,Totals,Waikato,251.67
1/09/2020,Totals,Wellington,153.47
1/09/2020,Waikato,Business services,205.67
1/09/2020,Waikato,Clerical and Administrative Workers,244.1
1/09/2020,Waikato,Community and Personal Service Workers,278.8
1/09/2020,Waikato,Construction,378.34
1/09/2020,Waikato,Education,80
1/09/2020,Waikato,Health care,277.3
1/09/2020,Waikato,Highly-Skilled,214.13
1/09/2020,Waikato,Hospitality,242.41
1/09/2020,Waikato,IT,137.69
1/09/2020,Waikato,Labourers,581.6
1/09/2020,Waikato,Low-Skilled,309.61
1/09/2020,Waikato,Machinery Operators and Drivers,492.4
1/09/2020,Waikato,Managers,211.8
1/09/2020,Waikato,Manufacturing,411.58
1/09/2020,Waikato,Other,442.33
1/09/2020,Waikato,Primary,357.89
1/09/2020,Waikato,Professionals,167.6
1/09/2020,Waikato,Sales,156.21
1/09/2020,Waikato,Sales Workers,195.1
1/09/2020,Waikato,Semi-Skilled,455.78
1/09/2020,Waikato,Skilled,167.34
1/09/2020,Waikato,SkilledIndex,228.8
1/09/2020,Waikato,Technicians and Trades Workers,375.3
1/09/2020,Waikato,Unskilled,311.84
1/09/2020,Waikato,UnskilledIndex,310.3
1/09/2020,Wellington,Business services,147.38
1/09/2020,Wellington,Clerical and Administrative Workers,142.7
1/09/2020,Wellington,Community and Personal Service Workers,227.2
1/09/2020,Wellington,Construction,265.4
1/09/2020,Wellington,Education,96.93
1/09/2020,Wellington,Health care,230.81
1/09/2020,Wellington,Highly-Skilled,130.44
1/09/2020,Wellington,Hospitality,176.38
1/09/2020,Wellington,IT,74.96
1/09/2020,Wellington,Labourers,479
1/09/2020,Wellington,Low-Skilled,183.5
1/09/2020,Wellington,Machinery Operators and Drivers,405.3
1/09/2020,Wellington,Managers,119.6
1/09/2020,Wellington,Manufacturing,272.21
1/09/2020,Wellington,Other,281.82
1/09/2020,Wellington,Primary,280.6
1/09/2020,Wellington,Professionals,128
1/09/2020,Wellington,Sales,111.41
1/09/2020,Wellington,Sales Workers,141.7
1/09/2020,Wellington,Semi-Skilled,312.22
1/09/2020,Wellington,Skilled,143.97
1/09/2020,Wellington,SkilledIndex,144
1/09/2020,Wellington,Technicians and Trades Workers,232.8
1/09/2020,Wellington,Unskilled,228.97
1/09/2020,Wellington,UnskilledIndex,195.3
1/12/2020,Auckland,Business services,104.8
1/12/2020,Auckland,Clerical and Administrative Workers,113.2
1/12/2020,Auckland,Community and Personal Service Workers,235.4
1/12/2020,Auckland,Construction,266.76
1/12/2020,Auckland,Education,102.7
1/12/2020,Auckland,Health care,174.44
1/12/2020,Auckland,Highly-Skilled,129.29
1/12/2020,Auckland,Hospitality,224.15
1/12/2020,Auckland,IT,92.22
1/12/2020,Auckland,Labourers,447.8
1/12/2020,Auckland,Low-Skilled,163.33
1/12/2020,Auckland,Machinery Operators and Drivers,373.4
1/12/2020,Auckland,Managers,136.8
1/12/2020,Auckland,Manufacturing,256.2
1/12/2020,Auckland,Other,302.72
1/12/2020,Auckland,Primary,251.02
1/12/2020,Auckland,Professionals,119.9
1/12/2020,Auckland,Sales,110.9
1/12/2020,Auckland,Sales Workers,134.8
1/12/2020,Auckland,Semi-Skilled,307.94
1/12/2020,Auckland,Skilled,145.95
1/12/2020,Auckland,SkilledIndex,146.1
1/12/2020,Auckland,Technicians and Trades Workers,264.2
1/12/2020,Auckland,Unskilled,253.74
1/12/2020,Auckland,UnskilledIndex,182.2
1/12/2020,Bay of Plenty,Business services,366.42
1/12/2020,Bay of Plenty,Clerical and Administrative Workers,321.7
1/12/2020,Bay of Plenty,Community and Personal Service Workers,302.4
1/12/2020,Bay of Plenty,Construction,436.53
1/12/2020,Bay of Plenty,Education,108.2
1/12/2020,Bay of Plenty,Health care,421.12
1/12/2020,Bay of Plenty,Highly-Skilled,345.77
1/12/2020,Bay of Plenty,Hospitality,285.22
1/12/2020,Bay of Plenty,IT,232.53
1/12/2020,Bay of Plenty,Labourers,632.7
1/12/2020,Bay of Plenty,Low-Skilled,309.2
1/12/2020,Bay of Plenty,Machinery Operators and Drivers,446.9
1/12/2020,Bay of Plenty,Managers,318.3
1/12/2020,Bay of Plenty,Manufacturing,462.57
1/12/2020,Bay of Plenty,Other,506.73
1/12/2020,Bay of Plenty,Primary,706.82
1/12/2020,Bay of Plenty,Professionals,263.6
1/12/2020,Bay of Plenty,Sales,205.68
1/12/2020,Bay of Plenty,Sales Workers,263.9
1/12/2020,Bay of Plenty,Semi-Skilled,524.75
1/12/2020,Bay of Plenty,Skilled,237.59
1/12/2020,Bay of Plenty,SkilledIndex,331.3
1/12/2020,Bay of Plenty,Technicians and Trades Workers,432.2
1/12/2020,Bay of Plenty,Unskilled,406.39
1/12/2020,Bay of Plenty,UnskilledIndex,337.5
1/12/2020,Canterbury,Business services,130.41
1/12/2020,Canterbury,Clerical and Administrative Workers,122.3
1/12/2020,Canterbury,Community and Personal Service Workers,167.6
1/12/2020,Canterbury,Construction,250.89
1/12/2020,Canterbury,Education,98.93
1/12/2020,Canterbury,Health care,236.62
1/12/2020,Canterbury,Highly-Skilled,166.89
1/12/2020,Canterbury,Hospitality,152.33
1/12/2020,Canterbury,IT,107.76
1/12/2020,Canterbury,Labourers,342.6
1/12/2020,Canterbury,Low-Skilled,187.8
1/12/2020,Canterbury,Machinery Operators and Drivers,369
1/12/2020,Canterbury,Managers,162.7
1/12/2020,Canterbury,Manufacturing,327.53
1/12/2020,Canterbury,Other,434.88
1/12/2020,Canterbury,Primary,278.4
1/12/2020,Canterbury,Professionals,146.3
1/12/2020,Canterbury,Sales,104.65
1/12/2020,Canterbury,Sales Workers,135.1
1/12/2020,Canterbury,Semi-Skilled,314.58
1/12/2020,Canterbury,Skilled,132.75
1/12/2020,Canterbury,SkilledIndex,175.5
1/12/2020,Canterbury,Technicians and Trades Workers,257.2
1/12/2020,Canterbury,Unskilled,194.74
1/12/2020,Canterbury,UnskilledIndex,189.8
1/12/2020,Gisborne/Hawkes Bay,Business services,396.45
1/12/2020,Gisborne/Hawkes Bay,Clerical and Administrative Workers,444.2
1/12/2020,Gisborne/Hawkes Bay,Community and Personal Service Workers,307.4
1/12/2020,Gisborne/Hawkes Bay,Construction,424.24
1/12/2020,Gisborne/Hawkes Bay,Education,107.76
1/12/2020,Gisborne/Hawkes Bay,Health care,338.72
1/12/2020,Gisborne/Hawkes Bay,Highly-Skilled,345.6
1/12/2020,Gisborne/Hawkes Bay,Hospitality,249.6
1/12/2020,Gisborne/Hawkes Bay,IT,244.44
1/12/2020,Gisborne/Hawkes Bay,Labourers,581.5
1/12/2020,Gisborne/Hawkes Bay,Low-Skilled,339.93
1/12/2020,Gisborne/Hawkes Bay,Machinery Operators and Drivers,521.7
1/12/2020,Gisborne/Hawkes Bay,Managers,385.8
1/12/2020,Gisborne/Hawkes Bay,Manufacturing,621.77
1/12/2020,Gisborne/Hawkes Bay,Other,493.42
1/12/2020,Gisborne/Hawkes Bay,Primary,473.02
1/12/2020,Gisborne/Hawkes Bay,Professionals,223.9
1/12/2020,Gisborne/Hawkes Bay,Sales,301
1/12/2020,Gisborne/Hawkes Bay,Sales Workers,304
1/12/2020,Gisborne/Hawkes Bay,Semi-Skilled,464.86
1/12/2020,Gisborne/Hawkes Bay,Skilled,210.77
1/12/2020,Gisborne/Hawkes Bay,SkilledIndex,313.9
1/12/2020,Gisborne/Hawkes Bay,Technicians and Trades Workers,383.3
1/12/2020,Gisborne/Hawkes Bay,Unskilled,510.4
1/12/2020,Gisborne/Hawkes Bay,UnskilledIndex,386.2
1/12/2020,Manawatu-Whanganui/Taranaki,Business services,275.28
1/12/2020,Manawatu-Whanganui/Taranaki,Clerical and Administrative Workers,281.4
1/12/2020,Manawatu-Whanganui/Taranaki,Community and Personal Service Workers,331.4
1/12/2020,Manawatu-Whanganui/Taranaki,Construction,291.81
1/12/2020,Manawatu-Whanganui/Taranaki,Education,123.04
1/12/2020,Manawatu-Whanganui/Taranaki,Health care,321.31
1/12/2020,Manawatu-Whanganui/Taranaki,Highly-Skilled,254.35
1/12/2020,Manawatu-Whanganui/Taranaki,Hospitality,309.77
1/12/2020,Manawatu-Whanganui/Taranaki,IT,147.06
1/12/2020,Manawatu-Whanganui/Taranaki,Labourers,736.9
1/12/2020,Manawatu-Whanganui/Taranaki,Low-Skilled,314.07
1/12/2020,Manawatu-Whanganui/Taranaki,Machinery Operators and Drivers,357.7
1/12/2020,Manawatu-Whanganui/Taranaki,Managers,225.6
1/12/2020,Manawatu-Whanganui/Taranaki,Manufacturing,380.43
1/12/2020,Manawatu-Whanganui/Taranaki,Other,386.09
1/12/2020,Manawatu-Whanganui/Taranaki,Primary,331.43
1/12/2020,Manawatu-Whanganui/Taranaki,Professionals,190.5
1/12/2020,Manawatu-Whanganui/Taranaki,Sales,168.67
1/12/2020,Manawatu-Whanganui/Taranaki,Sales Workers,217.1
1/12/2020,Manawatu-Whanganui/Taranaki,Semi-Skilled,383.41
1/12/2020,Manawatu-Whanganui/Taranaki,Skilled,162.38
1/12/2020,Manawatu-Whanganui/Taranaki,SkilledIndex,233.6
1/12/2020,Manawatu-Whanganui/Taranaki,Technicians and Trades Workers,304.2
1/12/2020,Manawatu-Whanganui/Taranaki,Unskilled,379.52
1/12/2020,Manawatu-Whanganui/Taranaki,UnskilledIndex,332.6
1/12/2020,Northland,Business services,235.38
1/12/2020,Northland,Clerical and Administrative Workers,329.4
1/12/2020,Northland,Community and Personal Service Workers,427.9
1/12/2020,Northland,Construction,445.27
1/12/2020,Northland,Education,98.17
1/12/2020,Northland,Health care,250.83
1/12/2020,Northland,Highly-Skilled,288.42
1/12/2020,Northland,Hospitality,382.76
1/12/2020,Northland,IT,164.29
1/12/2020,Northland,Labourers,469
1/12/2020,Northland,Low-Skilled,312.5
1/12/2020,Northland,Machinery Operators and Drivers,520
1/12/2020,Northland,Managers,325.7
1/12/2020,Northland,Manufacturing,457.14
1/12/2020,Northland,Other,835.29
1/12/2020,Northland,Primary,251.28
1/12/2020,Northland,Professionals,189.5
1/12/2020,Northland,Sales,275.38
1/12/2020,Northland,Sales Workers,223.9
1/12/2020,Northland,Semi-Skilled,375
1/12/2020,Northland,Skilled,192.5
1/12/2020,Northland,SkilledIndex,260.4
1/12/2020,Northland,Technicians and Trades Workers,373
1/12/2020,Northland,Unskilled,408.57
1/12/2020,Northland,UnskilledIndex,338.5
1/12/2020,Otago/Southland,Business services,293.15
1/12/2020,Otago/Southland,Clerical and Administrative Workers,308.5
1/12/2020,Otago/Southland,Community and Personal Service Workers,385.7
1/12/2020,Otago/Southland,Construction,526.95
1/12/2020,Otago/Southland,Education,112.62
1/12/2020,Otago/Southland,Health care,391.46
1/12/2020,Otago/Southland,Highly-Skilled,298.26
1/12/2020,Otago/Southland,Hospitality,322.76
1/12/2020,Otago/Southland,IT,172.04
1/12/2020,Otago/Southland,Labourers,620.6
1/12/2020,Otago/Southland,Low-Skilled,348.73
1/12/2020,Otago/Southland,Machinery Operators and Drivers,484.2
1/12/2020,Otago/Southland,Managers,299.8
1/12/2020,Otago/Southland,Manufacturing,493.13
1/12/2020,Otago/Southland,Other,700
1/12/2020,Otago/Southland,Primary,245.87
1/12/2020,Otago/Southland,Professionals,218.6
1/12/2020,Otago/Southland,Sales,187.3
1/12/2020,Otago/Southland,Sales Workers,227.5
1/12/2020,Otago/Southland,Semi-Skilled,563.24
1/12/2020,Otago/Southland,Skilled,216.91
1/12/2020,Otago/Southland,SkilledIndex,305.1
1/12/2020,Otago/Southland,Technicians and Trades Workers,454
1/12/2020,Otago/Southland,Unskilled,370.23
1/12/2020,Otago/Southland,UnskilledIndex,355.4
1/12/2020,Tasman/Nelson/Marlborough/West Coast,Business services,308.05
1/12/2020,Tasman/Nelson/Marlborough/West Coast,Clerical and Administrative Workers,336.5
1/12/2020,Tasman/Nelson/Marlborough/West Coast,Community and Personal Service Workers,346.5
1/12/2020,Tasman/Nelson/Marlborough/West Coast,Construction,441.95
1/12/2020,Tasman/Nelson/Marlborough/West Coast,Education,96.09
1/12/2020,Tasman/Nelson/Marlborough/West Coast,Health care,398.19
1/12/2020,Tasman/Nelson/Marlborough/West Coast,Highly-Skilled,276.88
1/12/2020,Tasman/Nelson/Marlborough/West Coast,Hospitality,263.87
1/12/2020,Tasman/Nelson/Marlborough/West Coast,IT,173.08
1/12/2020,Tasman/Nelson/Marlborough/West Coast,Labourers,614.2
1/12/2020,Tasman/Nelson/Marlborough/West Coast,Low-Skilled,341.32
1/12/2020,Tasman/Nelson/Marlborough/West Coast,Machinery Operators and Drivers,320.1
1/12/2020,Tasman/Nelson/Marlborough/West Coast,Managers,280.4
1/12/2020,Tasman/Nelson/Marlborough/West Coast,Manufacturing,603.26
1/12/2020,Tasman/Nelson/Marlborough/West Coast,Other,456.58
1/12/2020,Tasman/Nelson/Marlborough/West Coast,Primary,364.52
1/12/2020,Tasman/Nelson/Marlborough/West Coast,Professionals,183.3
1/12/2020,Tasman/Nelson/Marlborough/West Coast,Sales,210.27
1/12/2020,Tasman/Nelson/Marlborough/West Coast,Sales Workers,270.7
1/12/2020,Tasman/Nelson/Marlborough/West Coast,Semi-Skilled,504.24
1/12/2020,Tasman/Nelson/Marlborough/West Coast,Skilled,177.53
1/12/2020,Tasman/Nelson/Marlborough/West Coast,SkilledIndex,261.3
1/12/2020,Tasman/Nelson/Marlborough/West Coast,Technicians and Trades Workers,387.9
1/12/2020,Tasman/Nelson/Marlborough/West Coast,Unskilled,420.52
1/12/2020,Tasman/Nelson/Marlborough/West Coast,UnskilledIndex,365
1/12/2020,Totals,Auckland,152.91
1/12/2020,Totals,Bay of Plenty,330.01
1/12/2020,Totals,Business services,140.56
1/12/2020,Totals,Canterbury,180.46
1/12/2020,Totals,Clerical and Administrative Workers,151.3
1/12/2020,Totals,Community and Personal Service Workers,259.3
1/12/2020,Totals,Construction,302.74
1/12/2020,Totals,Education,107.54
1/12/2020,Totals,Gisborne/Hawkes Bay,333.07
1/12/2020,Totals,Health care,240.5
1/12/2020,Totals,Highly-Skilled,161.33
1/12/2020,Totals,Hospitality,228.44
1/12/2020,Totals,IT,93.31
1/12/2020,Totals,Labourers,480.5
1/12/2020,Totals,Low-Skilled,208.11
1/12/2020,Totals,Machinery Operators and Drivers,389.6
1/12/2020,Totals,Managers,164
1/12/2020,Totals,Manawatu-Whanganui/Taranaki,256.98
1/12/2020,Totals,Manufacturing,325.71
1/12/2020,Totals,Northland,279.96
1/12/2020,Totals,Otago/Southland,318.44
1/12/2020,Totals,Other,361.29
1/12/2020,Totals,Primary,322.09
1/12/2020,Totals,Professionals,148.2
1/12/2020,Totals,Sales,130.34
1/12/2020,Totals,Sales Workers,165.7
1/12/2020,Totals,Semi-Skilled,359.86
1/12/2020,Totals,Skilled,160.89
1/12/2020,Totals,SkilledIndex,179
1/12/2020,Totals,Tasman/Nelson/Marlborough/West Coast,298.52
1/12/2020,Totals,Technicians and Trades Workers,299
1/12/2020,Totals,TotalsIndex,189.93
1/12/2020,Totals,Unskilled,280.78
1/12/2020,Totals,UnskilledIndex,226.3
1/12/2020,Totals,Waikato,253.12
1/12/2020,Totals,Wellington,155.85
1/12/2020,Waikato,Business services,206.99
1/12/2020,Waikato,Clerical and Administrative Workers,240.2
1/12/2020,Waikato,Community and Personal Service Workers,314.7
1/12/2020,Waikato,Construction,357.1
1/12/2020,Waikato,Education,112.04
1/12/2020,Waikato,Health care,290.52
1/12/2020,Waikato,Highly-Skilled,220.46
1/12/2020,Waikato,Hospitality,266.96
1/12/2020,Waikato,IT,141.71
1/12/2020,Waikato,Labourers,527.9
1/12/2020,Waikato,Low-Skilled,291.94
1/12/2020,Waikato,Machinery Operators and Drivers,390.1
1/12/2020,Waikato,Managers,237.4
1/12/2020,Waikato,Manufacturing,398.07
1/12/2020,Waikato,Other,433.86
1/12/2020,Waikato,Primary,352.63
1/12/2020,Waikato,Professionals,171.8
1/12/2020,Waikato,Sales,158.18
1/12/2020,Waikato,Sales Workers,203.9
1/12/2020,Waikato,Semi-Skilled,435.64
1/12/2020,Waikato,Skilled,190
1/12/2020,Waikato,SkilledIndex,237.1
1/12/2020,Waikato,Technicians and Trades Workers,382.5
1/12/2020,Waikato,Unskilled,309.21
1/12/2020,Waikato,UnskilledIndex,297
1/12/2020,Wellington,Business services,139.74
1/12/2020,Wellington,Clerical and Administrative Workers,128.8
1/12/2020,Wellington,Community and Personal Service Workers,235.6
1/12/2020,Wellington,Construction,264.19
1/12/2020,Wellington,Education,120.03
1/12/2020,Wellington,Health care,221.48
1/12/2020,Wellington,Highly-Skilled,138.12
1/12/2020,Wellington,Hospitality,201.71
1/12/2020,Wellington,IT,79.57
1/12/2020,Wellington,Labourers,439.3
1/12/2020,Wellington,Low-Skilled,178.66
1/12/2020,Wellington,Machinery Operators and Drivers,377.4
1/12/2020,Wellington,Managers,131
1/12/2020,Wellington,Manufacturing,304.09
1/12/2020,Wellington,Other,275.89
1/12/2020,Wellington,Primary,300
1/12/2020,Wellington,Professionals,135.8
1/12/2020,Wellington,Sales,114.28
1/12/2020,Wellington,Sales Workers,140.6
1/12/2020,Wellington,Semi-Skilled,290.73
1/12/2020,Wellington,Skilled,143.62
1/12/2020,Wellington,SkilledIndex,148.3
1/12/2020,Wellington,Technicians and Trades Workers,229.6
1/12/2020,Wellington,Unskilled,230.33
1/12/2020,Wellington,UnskilledIndex,192.1
1/03/2021,Auckland,Business services,147.25
1/03/2021,Auckland,Clerical and Administrative Workers,160.8
1/03/2021,Auckland,Community and Personal Service Workers,300.4
1/03/2021,Auckland,Construction,357.51
1/03/2021,Auckland,Education,116.73
1/03/2021,Auckland,Health care,221.1
1/03/2021,Auckland,Highly-Skilled,165.9
1/03/2021,Auckland,Hospitality,239.43
1/03/2021,Auckland,IT,119.49
1/03/2021,Auckland,Labourers,616.6
1/03/2021,Auckland,Low-Skilled,228.94
1/03/2021,Auckland,Machinery Operators and Drivers,512.5
1/03/2021,Auckland,Managers,173.3
1/03/2021,Auckland,Manufacturing,326.05
1/03/2021,Auckland,Other,429.35
1/03/2021,Auckland,Primary,351.02
1/03/2021,Auckland,Professionals,152.2
1/03/2021,Auckland,Sales,156.18
1/03/2021,Auckland,Sales Workers,197.6
1/03/2021,Auckland,Semi-Skilled,408.01
1/03/2021,Auckland,Skilled,184.98
1/03/2021,Auckland,SkilledIndex,187.9
1/03/2021,Auckland,Technicians and Trades Workers,345.6
1/03/2021,Auckland,Unskilled,344.5
1/03/2021,Auckland,UnskilledIndex,253.1
1/03/2021,Bay of Plenty,Business services,460
1/03/2021,Bay of Plenty,Clerical and Administrative Workers,466.1
1/03/2021,Bay of Plenty,Community and Personal Service Workers,334.8
1/03/2021,Bay of Plenty,Construction,564.84
1/03/2021,Bay of Plenty,Education,117.05
1/03/2021,Bay of Plenty,Health care,503.95
1/03/2021,Bay of Plenty,Highly-Skilled,431.15
1/03/2021,Bay of Plenty,Hospitality,317.73
1/03/2021,Bay of Plenty,IT,351.81
1/03/2021,Bay of Plenty,Labourers,858.2
1/03/2021,Bay of Plenty,Low-Skilled,445.15
1/03/2021,Bay of Plenty,Machinery Operators and Drivers,686.5
1/03/2021,Bay of Plenty,Managers,404.7
1/03/2021,Bay of Plenty,Manufacturing,668.45
1/03/2021,Bay of Plenty,Other,665.38
1/03/2021,Bay of Plenty,Primary,865.91
1/03/2021,Bay of Plenty,Professionals,322.3
1/03/2021,Bay of Plenty,Sales,305.41
1/03/2021,Bay of Plenty,Sales Workers,387.4
1/03/2021,Bay of Plenty,Semi-Skilled,653.54
1/03/2021,Bay of Plenty,Skilled,280.43
1/03/2021,Bay of Plenty,SkilledIndex,407.2
1/03/2021,Bay of Plenty,Technicians and Trades Workers,534.7
1/03/2021,Bay of Plenty,Unskilled,561.23
1/03/2021,Bay of Plenty,UnskilledIndex,478.9
1/03/2021,Canterbury,Business services,175.34
1/03/2021,Canterbury,Clerical and Administrative Workers,172.9
1/03/2021,Canterbury,Community and Personal Service Workers,218.8
1/03/2021,Canterbury,Construction,334.63
1/03/2021,Canterbury,Education,96.96
1/03/2021,Canterbury,Health care,284.08
1/03/2021,Canterbury,Highly-Skilled,199.78
1/03/2021,Canterbury,Hospitality,181.2
1/03/2021,Canterbury,IT,140.68
1/03/2021,Canterbury,Labourers,477.6
1/03/2021,Canterbury,Low-Skilled,253.06
1/03/2021,Canterbury,Machinery Operators and Drivers,462.3
1/03/2021,Canterbury,Managers,197.7
1/03/2021,Canterbury,Manufacturing,394.67
1/03/2021,Canterbury,Other,565.58
1/03/2021,Canterbury,Primary,317.28
1/03/2021,Canterbury,Professionals,170
1/03/2021,Canterbury,Sales,151.24
1/03/2021,Canterbury,Sales Workers,194.1
1/03/2021,Canterbury,Semi-Skilled,415.46
1/03/2021,Canterbury,Skilled,163.28
1/03/2021,Canterbury,SkilledIndex,216.4
1/03/2021,Canterbury,Technicians and Trades Workers,341.2
1/03/2021,Canterbury,Unskilled,280.58
1/03/2021,Canterbury,UnskilledIndex,261.1
1/03/2021,Gisborne/Hawkes Bay,Business services,507.8
1/03/2021,Gisborne/Hawkes Bay,Clerical and Administrative Workers,606.2
1/03/2021,Gisborne/Hawkes Bay,Community and Personal Service Workers,388.2
1/03/2021,Gisborne/Hawkes Bay,Construction,630.3
1/03/2021,Gisborne/Hawkes Bay,Education,136.33
1/03/2021,Gisborne/Hawkes Bay,Health care,445.13
1/03/2021,Gisborne/Hawkes Bay,Highly-Skilled,452.23
1/03/2021,Gisborne/Hawkes Bay,Hospitality,309.6
1/03/2021,Gisborne/Hawkes Bay,IT,344.44
1/03/2021,Gisborne/Hawkes Bay,Labourers,832.9
1/03/2021,Gisborne/Hawkes Bay,Low-Skilled,490.55
1/03/2021,Gisborne/Hawkes Bay,Machinery Operators and Drivers,789.9
1/03/2021,Gisborne/Hawkes Bay,Managers,479.6
1/03/2021,Gisborne/Hawkes Bay,Manufacturing,790.32
1/03/2021,Gisborne/Hawkes Bay,Other,702.63
1/03/2021,Gisborne/Hawkes Bay,Primary,550.79
1/03/2021,Gisborne/Hawkes Bay,Professionals,297.9
1/03/2021,Gisborne/Hawkes Bay,Sales,411
1/03/2021,Gisborne/Hawkes Bay,Sales Workers,440.5
1/03/2021,Gisborne/Hawkes Bay,Semi-Skilled,636.49
1/03/2021,Gisborne/Hawkes Bay,Skilled,265.28
1/03/2021,Gisborne/Hawkes Bay,SkilledIndex,411.2
1/03/2021,Gisborne/Hawkes Bay,Technicians and Trades Workers,509.2
1/03/2021,Gisborne/Hawkes Bay,Unskilled,703.2
1/03/2021,Gisborne/Hawkes Bay,UnskilledIndex,548.2
1/03/2021,Manawatu-Whanganui/Taranaki,Business services,347.19
1/03/2021,Manawatu-Whanganui/Taranaki,Clerical and Administrative Workers,328.9
1/03/2021,Manawatu-Whanganui/Taranaki,Community and Personal Service Workers,426.2
1/03/2021,Manawatu-Whanganui/Taranaki,Construction,367.81
1/03/2021,Manawatu-Whanganui/Taranaki,Education,128.18
1/03/2021,Manawatu-Whanganui/Taranaki,Health care,404.39
1/03/2021,Manawatu-Whanganui/Taranaki,Highly-Skilled,301.98
1/03/2021,Manawatu-Whanganui/Taranaki,Hospitality,422.56
1/03/2021,Manawatu-Whanganui/Taranaki,IT,189.41
1/03/2021,Manawatu-Whanganui/Taranaki,Labourers,957.1
1/03/2021,Manawatu-Whanganui/Taranaki,Low-Skilled,407.87
1/03/2021,Manawatu-Whanganui/Taranaki,Machinery Operators and Drivers,518.3
1/03/2021,Manawatu-Whanganui/Taranaki,Managers,270.6
1/03/2021,Manawatu-Whanganui/Taranaki,Manufacturing,477.83
1/03/2021,Manawatu-Whanganui/Taranaki,Other,494.04
1/03/2021,Manawatu-Whanganui/Taranaki,Primary,418.57
1/03/2021,Manawatu-Whanganui/Taranaki,Professionals,219.1
1/03/2021,Manawatu-Whanganui/Taranaki,Sales,196.63
1/03/2021,Manawatu-Whanganui/Taranaki,Sales Workers,256
1/03/2021,Manawatu-Whanganui/Taranaki,Semi-Skilled,505.48
1/03/2021,Manawatu-Whanganui/Taranaki,Skilled,203.44
1/03/2021,Manawatu-Whanganui/Taranaki,SkilledIndex,287.4
1/03/2021,Manawatu-Whanganui/Taranaki,Technicians and Trades Workers,422.6
1/03/2021,Manawatu-Whanganui/Taranaki,Unskilled,463.21
1/03/2021,Manawatu-Whanganui/Taranaki,UnskilledIndex,423.6
1/03/2021,Northland,Business services,308.46
1/03/2021,Northland,Clerical and Administrative Workers,447.5
1/03/2021,Northland,Community and Personal Service Workers,591.6
1/03/2021,Northland,Construction,544.59
1/03/2021,Northland,Education,105.02
1/03/2021,Northland,Health care,317.51
1/03/2021,Northland,Highly-Skilled,334.86
1/03/2021,Northland,Hospitality,386.21
1/03/2021,Northland,IT,228.57
1/03/2021,Northland,Labourers,638.1
1/03/2021,Northland,Low-Skilled,432.07
1/03/2021,Northland,Machinery Operators and Drivers,636.7
1/03/2021,Northland,Managers,344.6
1/03/2021,Northland,Manufacturing,548.21
1/03/2021,Northland,Other,1144.12
1/03/2021,Northland,Primary,364.1
1/03/2021,Northland,Professionals,211.9
1/03/2021,Northland,Sales,300.77
1/03/2021,Northland,Sales Workers,260.9
1/03/2021,Northland,Semi-Skilled,479.35
1/03/2021,Northland,Skilled,208.55
1/03/2021,Northland,SkilledIndex,301.8
1/03/2021,Northland,Technicians and Trades Workers,468.3
1/03/2021,Northland,Unskilled,500
1/03/2021,Northland,UnskilledIndex,450.5
1/03/2021,Otago/Southland,Business services,392.47
1/03/2021,Otago/Southland,Clerical and Administrative Workers,424.4
1/03/2021,Otago/Southland,Community and Personal Service Workers,472.1
1/03/2021,Otago/Southland,Construction,672.04
1/03/2021,Otago/Southland,Education,122.4
1/03/2021,Otago/Southland,Health care,505.74
1/03/2021,Otago/Southland,Highly-Skilled,356.35
1/03/2021,Otago/Southland,Hospitality,241.87
1/03/2021,Otago/Southland,IT,198.92
1/03/2021,Otago/Southland,Labourers,851.5
1/03/2021,Otago/Southland,Low-Skilled,437.76
1/03/2021,Otago/Southland,Machinery Operators and Drivers,644.6
1/03/2021,Otago/Southland,Managers,303.4
1/03/2021,Otago/Southland,Manufacturing,593.75
1/03/2021,Otago/Southland,Other,873.81
1/03/2021,Otago/Southland,Primary,374.31
1/03/2021,Otago/Southland,Professionals,269.6
1/03/2021,Otago/Southland,Sales,231.75
1/03/2021,Otago/Southland,Sales Workers,293.2
1/03/2021,Otago/Southland,Semi-Skilled,708.33
1/03/2021,Otago/Southland,Skilled,235.69
1/03/2021,Otago/Southland,SkilledIndex,360.9
1/03/2021,Otago/Southland,Technicians and Trades Workers,524
1/03/2021,Otago/Southland,Unskilled,504.19
1/03/2021,Otago/Southland,UnskilledIndex,458.5
1/03/2021,Tasman/Nelson/Marlborough/West Coast,Business services,362.64
1/03/2021,Tasman/Nelson/Marlborough/West Coast,Clerical and Administrative Workers,417.1
1/03/2021,Tasman/Nelson/Marlborough/West Coast,Community and Personal Service Workers,385.3
1/03/2021,Tasman/Nelson/Marlborough/West Coast,Construction,559.75
1/03/2021,Tasman/Nelson/Marlborough/West Coast,Education,81.74
1/03/2021,Tasman/Nelson/Marlborough/West Coast,Health care,489.43
1/03/2021,Tasman/Nelson/Marlborough/West Coast,Highly-Skilled,337.2
1/03/2021,Tasman/Nelson/Marlborough/West Coast,Hospitality,254.19
1/03/2021,Tasman/Nelson/Marlborough/West Coast,IT,380.77
1/03/2021,Tasman/Nelson/Marlborough/West Coast,Labourers,802
1/03/2021,Tasman/Nelson/Marlborough/West Coast,Low-Skilled,421.5
1/03/2021,Tasman/Nelson/Marlborough/West Coast,Machinery Operators and Drivers,485.6
1/03/2021,Tasman/Nelson/Marlborough/West Coast,Managers,292.6
1/03/2021,Tasman/Nelson/Marlborough/West Coast,Manufacturing,866.3
1/03/2021,Tasman/Nelson/Marlborough/West Coast,Other,622.37
1/03/2021,Tasman/Nelson/Marlborough/West Coast,Primary,298.92
1/03/2021,Tasman/Nelson/Marlborough/West Coast,Professionals,223.4
1/03/2021,Tasman/Nelson/Marlborough/West Coast,Sales,227.68
1/03/2021,Tasman/Nelson/Marlborough/West Coast,Sales Workers,297.4
1/03/2021,Tasman/Nelson/Marlborough/West Coast,Semi-Skilled,663.56
1/03/2021,Tasman/Nelson/Marlborough/West Coast,Skilled,184.54
1/03/2021,Tasman/Nelson/Marlborough/West Coast,SkilledIndex,310.6
1/03/2021,Tasman/Nelson/Marlborough/West Coast,Technicians and Trades Workers,457
1/03/2021,Tasman/Nelson/Marlborough/West Coast,Unskilled,498.66
1/03/2021,Tasman/Nelson/Marlborough/West Coast,UnskilledIndex,444.5
1/03/2021,Totals,Auckland,201.38
1/03/2021,Totals,Bay of Plenty,426.83
1/03/2021,Totals,Business services,192.66
1/03/2021,Totals,Canterbury,230.65
1/03/2021,Totals,Clerical and Administrative Workers,212.7
1/03/2021,Totals,Community and Personal Service Workers,324.4
1/03/2021,Totals,Construction,399.99
1/03/2021,Totals,Education,115.49
1/03/2021,Totals,Gisborne/Hawkes Bay,446.57
1/03/2021,Totals,Health care,305.41
1/03/2021,Totals,Highly-Skilled,201.93
1/03/2021,Totals,Hospitality,247.59
1/03/2021,Totals,IT,119.18
1/03/2021,Totals,Labourers,657.2
1/03/2021,Totals,Low-Skilled,285.17
1/03/2021,Totals,Machinery Operators and Drivers,541.1
1/03/2021,Totals,Managers,199.5
1/03/2021,Totals,Manawatu-Whanganui/Taranaki,319.54
1/03/2021,Totals,Manufacturing,417.86
1/03/2021,Totals,Northland,341.09
1/03/2021,Totals,Otago/Southland,386.4
1/03/2021,Totals,Other,485.93
1/03/2021,Totals,Primary,384.79
1/03/2021,Totals,Professionals,183.6
1/03/2021,Totals,Sales,177.51
1/03/2021,Totals,Sales Workers,233.4
1/03/2021,Totals,Semi-Skilled,473.97
1/03/2021,Totals,Skilled,197.12
1/03/2021,Totals,SkilledIndex,225.1
1/03/2021,Totals,Tasman/Nelson/Marlborough/West Coast,355.18
1/03/2021,Totals,Technicians and Trades Workers,384.3
1/03/2021,Totals,TotalsIndex,244.98
1/03/2021,Totals,Unskilled,380.39
1/03/2021,Totals,UnskilledIndex,309
1/03/2021,Totals,Waikato,326.55
1/03/2021,Totals,Wellington,202.68
1/03/2021,Waikato,Business services,293.76
1/03/2021,Waikato,Clerical and Administrative Workers,340.3
1/03/2021,Waikato,Community and Personal Service Workers,372.8
1/03/2021,Waikato,Construction,478.06
1/03/2021,Waikato,Education,116.34
1/03/2021,Waikato,Health care,399
1/03/2021,Waikato,Highly-Skilled,280.32
1/03/2021,Waikato,Hospitality,245.09
1/03/2021,Waikato,IT,161.31
1/03/2021,Waikato,Labourers,684.6
1/03/2021,Waikato,Low-Skilled,394.28
1/03/2021,Waikato,Machinery Operators and Drivers,568.4
1/03/2021,Waikato,Managers,282.8
1/03/2021,Waikato,Manufacturing,537.3
1/03/2021,Waikato,Other,534.92
1/03/2021,Waikato,Primary,374.74
1/03/2021,Waikato,Professionals,216.3
1/03/2021,Waikato,Sales,216.82
1/03/2021,Waikato,Sales Workers,299
1/03/2021,Waikato,Semi-Skilled,586.47
1/03/2021,Waikato,Skilled,228.48
1/03/2021,Waikato,SkilledIndex,301.3
1/03/2021,Waikato,Technicians and Trades Workers,483.8
1/03/2021,Waikato,Unskilled,403.62
1/03/2021,Waikato,UnskilledIndex,397
1/03/2021,Wellington,Business services,197.84
1/03/2021,Wellington,Clerical and Administrative Workers,193.4
1/03/2021,Wellington,Community and Personal Service Workers,299.9
1/03/2021,Wellington,Construction,341.33
1/03/2021,Wellington,Education,122.95
1/03/2021,Wellington,Health care,280.93
1/03/2021,Wellington,Highly-Skilled,171.49
1/03/2021,Wellington,Hospitality,254.48
1/03/2021,Wellington,IT,97.09
1/03/2021,Wellington,Labourers,617.6
1/03/2021,Wellington,Low-Skilled,249.1
1/03/2021,Wellington,Machinery Operators and Drivers,538.9
1/03/2021,Wellington,Managers,158
1/03/2021,Wellington,Manufacturing,392.37
1/03/2021,Wellington,Other,376.55
1/03/2021,Wellington,Primary,344.78
1/03/2021,Wellington,Professionals,167.6
1/03/2021,Wellington,Sales,155.26
1/03/2021,Wellington,Sales Workers,210.3
1/03/2021,Wellington,Semi-Skilled,391.13
1/03/2021,Wellington,Skilled,184.01
1/03/2021,Wellington,SkilledIndex,187.1
1/03/2021,Wellington,Technicians and Trades Workers,297.2
1/03/2021,Wellington,Unskilled,330.14
1/03/2021,Wellington,UnskilledIndex,270.1
1/06/2021,Auckland,Business services,189.91
1/06/2021,Auckland,Clerical and Administrative Workers,211.1
1/06/2021,Auckland,Community and Personal Service Workers,352.2
1/06/2021,Auckland,Construction,406.21
1/06/2021,Auckland,Education,138.03
1/06/2021,Auckland,Health care,260.61
1/06/2021,Auckland,Highly-Skilled,193.95
1/06/2021,Auckland,Hospitality,332.66
1/06/2021,Auckland,IT,142.77
1/06/2021,Auckland,Labourers,744.8
1/06/2021,Auckland,Low-Skilled,294.02
1/06/2021,Auckland,Machinery Operators and Drivers,645.9
1/06/2021,Auckland,Managers,187.3
1/06/2021,Auckland,Manufacturing,389.79
1/06/2021,Auckland,Other,507.47
1/06/2021,Auckland,Primary,378.91
1/06/2021,Auckland,Professionals,187.2
1/06/2021,Auckland,Sales,189.54
1/06/2021,Auckland,Sales Workers,265.6
1/06/2021,Auckland,Semi-Skilled,460.64
1/06/2021,Auckland,Skilled,232.39
1/06/2021,Auckland,SkilledIndex,221.9
1/06/2021,Auckland,Technicians and Trades Workers,401.1
1/06/2021,Auckland,Unskilled,420.77
1/06/2021,Auckland,UnskilledIndex,320.5
1/06/2021,Bay of Plenty,Business services,510.19
1/06/2021,Bay of Plenty,Clerical and Administrative Workers,518.7
1/06/2021,Bay of Plenty,Community and Personal Service Workers,378.5
1/06/2021,Bay of Plenty,Construction,596.8
1/06/2021,Bay of Plenty,Education,131.15
1/06/2021,Bay of Plenty,Health care,623.44
1/06/2021,Bay of Plenty,Highly-Skilled,490.32
1/06/2021,Bay of Plenty,Hospitality,360.59
1/06/2021,Bay of Plenty,IT,338.55
1/06/2021,Bay of Plenty,Labourers,899
1/06/2021,Bay of Plenty,Low-Skilled,497.48
1/06/2021,Bay of Plenty,Machinery Operators and Drivers,803.1
1/06/2021,Bay of Plenty,Managers,413.5
1/06/2021,Bay of Plenty,Manufacturing,697.86
1/06/2021,Bay of Plenty,Other,749.04
1/06/2021,Bay of Plenty,Primary,902.27
1/06/2021,Bay of Plenty,Professionals,382.4
1/06/2021,Bay of Plenty,Sales,341.35
1/06/2021,Bay of Plenty,Sales Workers,436.6
1/06/2021,Bay of Plenty,Semi-Skilled,670.2
1/06/2021,Bay of Plenty,Skilled,312.76
1/06/2021,Bay of Plenty,SkilledIndex,450.4
1/06/2021,Bay of Plenty,Technicians and Trades Workers,549.1
1/06/2021,Bay of Plenty,Unskilled,596.4
1/06/2021,Bay of Plenty,UnskilledIndex,526.3
1/06/2021,Canterbury,Business services,189.78
1/06/2021,Canterbury,Clerical and Administrative Workers,211
1/06/2021,Canterbury,Community and Personal Service Workers,245.5
1/06/2021,Canterbury,Construction,349.37
1/06/2021,Canterbury,Education,102.28
1/06/2021,Canterbury,Health care,319.59
1/06/2021,Canterbury,Highly-Skilled,209.21
1/06/2021,Canterbury,Hospitality,219.7
1/06/2021,Canterbury,IT,155.9
1/06/2021,Canterbury,Labourers,547.9
1/06/2021,Canterbury,Low-Skilled,301.42
1/06/2021,Canterbury,Machinery Operators and Drivers,553.7
1/06/2021,Canterbury,Managers,196.5
1/06/2021,Canterbury,Manufacturing,460.92
1/06/2021,Canterbury,Other,631.63
1/06/2021,Canterbury,Primary,374.07
1/06/2021,Canterbury,Professionals,187.9
1/06/2021,Canterbury,Sales,164.96
1/06/2021,Canterbury,Sales Workers,220.8
1/06/2021,Canterbury,Semi-Skilled,419.16
1/06/2021,Canterbury,Skilled,191.57
1/06/2021,Canterbury,SkilledIndex,230.7
1/06/2021,Canterbury,Technicians and Trades Workers,353.7
1/06/2021,Canterbury,Unskilled,312.99
1/06/2021,Canterbury,UnskilledIndex,304.8
1/06/2021,Gisborne/Hawkes Bay,Business services,463.12
1/06/2021,Gisborne/Hawkes Bay,Clerical and Administrative Workers,568.1
1/06/2021,Gisborne/Hawkes Bay,Community and Personal Service Workers,351.5
1/06/2021,Gisborne/Hawkes Bay,Construction,550.38
1/06/2021,Gisborne/Hawkes Bay,Education,96.33
1/06/2021,Gisborne/Hawkes Bay,Health care,407.87
1/06/2021,Gisborne/Hawkes Bay,Highly-Skilled,374.82
1/06/2021,Gisborne/Hawkes Bay,Hospitality,300
1/06/2021,Gisborne/Hawkes Bay,IT,296.3
1/06/2021,Gisborne/Hawkes Bay,Labourers,700.3
1/06/2021,Gisborne/Hawkes Bay,Low-Skilled,460.79
1/06/2021,Gisborne/Hawkes Bay,Machinery Operators and Drivers,759.4
1/06/2021,Gisborne/Hawkes Bay,Managers,422.5
1/06/2021,Gisborne/Hawkes Bay,Manufacturing,658.06
1/06/2021,Gisborne/Hawkes Bay,Other,521.05
1/06/2021,Gisborne/Hawkes Bay,Primary,444.44
1/06/2021,Gisborne/Hawkes Bay,Professionals,246.8
1/06/2021,Gisborne/Hawkes Bay,Sales,373.5
1/06/2021,Gisborne/Hawkes Bay,Sales Workers,340.5
1/06/2021,Gisborne/Hawkes Bay,Semi-Skilled,559.46
1/06/2021,Gisborne/Hawkes Bay,Skilled,251.59
1/06/2021,Gisborne/Hawkes Bay,SkilledIndex,357.4
1/06/2021,Gisborne/Hawkes Bay,Technicians and Trades Workers,454.5
1/06/2021,Gisborne/Hawkes Bay,Unskilled,528.8
1/06/2021,Gisborne/Hawkes Bay,UnskilledIndex,479.2
1/06/2021,Manawatu-Whanganui/Taranaki,Business services,359.93
1/06/2021,Manawatu-Whanganui/Taranaki,Clerical and Administrative Workers,385.8
1/06/2021,Manawatu-Whanganui/Taranaki,Community and Personal Service Workers,462.2
1/06/2021,Manawatu-Whanganui/Taranaki,Construction,414.67
1/06/2021,Manawatu-Whanganui/Taranaki,Education,135.23
1/06/2021,Manawatu-Whanganui/Taranaki,Health care,439.77
1/06/2021,Manawatu-Whanganui/Taranaki,Highly-Skilled,308.68
1/06/2021,Manawatu-Whanganui/Taranaki,Hospitality,450.38
1/06/2021,Manawatu-Whanganui/Taranaki,IT,210.59
1/06/2021,Manawatu-Whanganui/Taranaki,Labourers,1088.1
1/06/2021,Manawatu-Whanganui/Taranaki,Low-Skilled,508.42
1/06/2021,Manawatu-Whanganui/Taranaki,Machinery Operators and Drivers,680.8
1/06/2021,Manawatu-Whanganui/Taranaki,Managers,245.3
1/06/2021,Manawatu-Whanganui/Taranaki,Manufacturing,534.78
1/06/2021,Manawatu-Whanganui/Taranaki,Other,547.02
1/06/2021,Manawatu-Whanganui/Taranaki,Primary,452.86
1/06/2021,Manawatu-Whanganui/Taranaki,Professionals,238.7
1/06/2021,Manawatu-Whanganui/Taranaki,Sales,225.3
1/06/2021,Manawatu-Whanganui/Taranaki,Sales Workers,329.5
1/06/2021,Manawatu-Whanganui/Taranaki,Semi-Skilled,528.27
1/06/2021,Manawatu-Whanganui/Taranaki,Skilled,210.76
1/06/2021,Manawatu-Whanganui/Taranaki,SkilledIndex,296.2
1/06/2021,Manawatu-Whanganui/Taranaki,Technicians and Trades Workers,440
1/06/2021,Manawatu-Whanganui/Taranaki,Unskilled,542.63
1/06/2021,Manawatu-Whanganui/Taranaki,UnskilledIndex,518.1
1/06/2021,Northland,Business services,313.85
1/06/2021,Northland,Clerical and Administrative Workers,489.5
1/06/2021,Northland,Community and Personal Service Workers,489.5
1/06/2021,Northland,Construction,614.19
1/06/2021,Northland,Education,100.46
1/06/2021,Northland,Health care,334.72
1/06/2021,Northland,Highly-Skilled,352.92
1/06/2021,Northland,Hospitality,500
1/06/2021,Northland,IT,292.86
1/06/2021,Northland,Labourers,714.3
1/06/2021,Northland,Low-Skilled,487.88
1/06/2021,Northland,Machinery Operators and Drivers,793.3
1/06/2021,Northland,Managers,408.9
1/06/2021,Northland,Manufacturing,685.71
1/06/2021,Northland,Other,1000
1/06/2021,Northland,Primary,366.67
1/06/2021,Northland,Professionals,220.7
1/06/2021,Northland,Sales,321.54
1/06/2021,Northland,Sales Workers,319.6
1/06/2021,Northland,Semi-Skilled,506.52
1/06/2021,Northland,Skilled,220.91
1/06/2021,Northland,SkilledIndex,318.6
1/06/2021,Northland,Technicians and Trades Workers,521.4
1/06/2021,Northland,Unskilled,562.86
1/06/2021,Northland,UnskilledIndex,508.2
1/06/2021,Otago/Southland,Business services,397.6
1/06/2021,Otago/Southland,Clerical and Administrative Workers,516.4
1/06/2021,Otago/Southland,Community and Personal Service Workers,572.7
1/06/2021,Otago/Southland,Construction,708.56
1/06/2021,Otago/Southland,Education,122.08
1/06/2021,Otago/Southland,Health care,564.42
1/06/2021,Otago/Southland,Highly-Skilled,385.06
1/06/2021,Otago/Southland,Hospitality,450
1/06/2021,Otago/Southland,IT,248.39
1/06/2021,Otago/Southland,Labourers,956.7
1/06/2021,Otago/Southland,Low-Skilled,532.91
1/06/2021,Otago/Southland,Machinery Operators and Drivers,761.4
1/06/2021,Otago/Southland,Managers,340.5
1/06/2021,Otago/Southland,Manufacturing,647.5
1/06/2021,Otago/Southland,Other,936.9
1/06/2021,Otago/Southland,Primary,389.91
1/06/2021,Otago/Southland,Professionals,294
1/06/2021,Otago/Southland,Sales,275.74
1/06/2021,Otago/Southland,Sales Workers,334.2
1/06/2021,Otago/Southland,Semi-Skilled,696.57
1/06/2021,Otago/Southland,Skilled,300.37
1/06/2021,Otago/Southland,SkilledIndex,397
1/06/2021,Otago/Southland,Technicians and Trades Workers,570.2
1/06/2021,Otago/Southland,Unskilled,565.58
1/06/2021,Otago/Southland,UnskilledIndex,543.1
1/06/2021,Tasman/Nelson/Marlborough/West Coast,Business services,338.51
1/06/2021,Tasman/Nelson/Marlborough/West Coast,Clerical and Administrative Workers,414.9
1/06/2021,Tasman/Nelson/Marlborough/West Coast,Community and Personal Service Workers,412
1/06/2021,Tasman/Nelson/Marlborough/West Coast,Construction,591.95
1/06/2021,Tasman/Nelson/Marlborough/West Coast,Education,92.17
1/06/2021,Tasman/Nelson/Marlborough/West Coast,Health care,562.08
1/06/2021,Tasman/Nelson/Marlborough/West Coast,Highly-Skilled,356.95
1/06/2021,Tasman/Nelson/Marlborough/West Coast,Hospitality,294.84
1/06/2021,Tasman/Nelson/Marlborough/West Coast,IT,250
1/06/2021,Tasman/Nelson/Marlborough/West Coast,Labourers,846.4
1/06/2021,Tasman/Nelson/Marlborough/West Coast,Low-Skilled,476.01
1/06/2021,Tasman/Nelson/Marlborough/West Coast,Machinery Operators and Drivers,559.2
1/06/2021,Tasman/Nelson/Marlborough/West Coast,Managers,302
1/06/2021,Tasman/Nelson/Marlborough/West Coast,Manufacturing,796.74
1/06/2021,Tasman/Nelson/Marlborough/West Coast,Other,600
1/06/2021,Tasman/Nelson/Marlborough/West Coast,Primary,393.55
1/06/2021,Tasman/Nelson/Marlborough/West Coast,Professionals,246.9
1/06/2021,Tasman/Nelson/Marlborough/West Coast,Sales,241.96
1/06/2021,Tasman/Nelson/Marlborough/West Coast,Sales Workers,330.2
1/06/2021,Tasman/Nelson/Marlborough/West Coast,Semi-Skilled,597.46
1/06/2021,Tasman/Nelson/Marlborough/West Coast,Skilled,199.51
1/06/2021,Tasman/Nelson/Marlborough/West Coast,SkilledIndex,318.3
1/06/2021,Tasman/Nelson/Marlborough/West Coast,Technicians and Trades Workers,448.6
1/06/2021,Tasman/Nelson/Marlborough/West Coast,Unskilled,527.69
1/06/2021,Tasman/Nelson/Marlborough/West Coast,UnskilledIndex,491.4
1/06/2021,Totals,Auckland,243.07
1/06/2021,Totals,Bay of Plenty,469.81
1/06/2021,Totals,Business services,226.44
1/06/2021,Totals,Canterbury,254.06
1/06/2021,Totals,Clerical and Administrative Workers,260
1/06/2021,Totals,Community and Personal Service Workers,369
1/06/2021,Totals,Construction,434.32
1/06/2021,Totals,Education,127.38
1/06/2021,Totals,Gisborne/Hawkes Bay,386.77
1/06/2021,Totals,Health care,344.76
1/06/2021,Totals,Highly-Skilled,225.18
1/06/2021,Totals,Hospitality,326.64
1/06/2021,Totals,IT,140.67
1/06/2021,Totals,Labourers,747
1/06/2021,Totals,Low-Skilled,348.16
1/06/2021,Totals,Machinery Operators and Drivers,651.5
1/06/2021,Totals,Managers,211.2
1/06/2021,Totals,Manawatu-Whanganui/Taranaki,351.44
1/06/2021,Totals,Manufacturing,473.53
1/06/2021,Totals,Northland,366.35
1/06/2021,Totals,Otago/Southland,436.56
1/06/2021,Totals,Other,525.96
1/06/2021,Totals,Primary,432.19
1/06/2021,Totals,Professionals,212.5
1/06/2021,Totals,Sales,206.61
1/06/2021,Totals,Sales Workers,284.7
1/06/2021,Totals,Semi-Skilled,498.32
1/06/2021,Totals,Skilled,232.69
1/06/2021,Totals,SkilledIndex,251.6
1/06/2021,Totals,Tasman/Nelson/Marlborough/West Coast,371.47
1/06/2021,Totals,Technicians and Trades Workers,417.8
1/06/2021,Totals,TotalsIndex,279.33
1/06/2021,Totals,Unskilled,429.45
1/06/2021,Totals,UnskilledIndex,368.5
1/06/2021,Totals,Waikato,370.92
1/06/2021,Totals,Wellington,225.37
1/06/2021,Waikato,Business services,332.89
1/06/2021,Waikato,Clerical and Administrative Workers,391.5
1/06/2021,Waikato,Community and Personal Service Workers,444.7
1/06/2021,Waikato,Construction,521.24
1/06/2021,Waikato,Education,123.66
1/06/2021,Waikato,Health care,425.18
1/06/2021,Waikato,Highly-Skilled,314
1/06/2021,Waikato,Hospitality,353.13
1/06/2021,Waikato,IT,213.57
1/06/2021,Waikato,Labourers,833.1
1/06/2021,Waikato,Low-Skilled,468.8
1/06/2021,Waikato,Machinery Operators and Drivers,643.3
1/06/2021,Waikato,Managers,312.2
1/06/2021,Waikato,Manufacturing,600.64
1/06/2021,Waikato,Other,584.13
1/06/2021,Waikato,Primary,528.42
1/06/2021,Waikato,Professionals,246.4
1/06/2021,Waikato,Sales,255.3
1/06/2021,Waikato,Sales Workers,335.7
1/06/2021,Waikato,Semi-Skilled,625.41
1/06/2021,Waikato,Skilled,270.26
1/06/2021,Waikato,SkilledIndex,338.2
1/06/2021,Waikato,Technicians and Trades Workers,536.6
1/06/2021,Waikato,Unskilled,448.68
1/06/2021,Waikato,UnskilledIndex,462.9
1/06/2021,Wellington,Business services,222.45
1/06/2021,Wellington,Clerical and Administrative Workers,228.5
1/06/2021,Wellington,Community and Personal Service Workers,353.9
1/06/2021,Wellington,Construction,347.01
1/06/2021,Wellington,Education,143.27
1/06/2021,Wellington,Health care,319.34
1/06/2021,Wellington,Highly-Skilled,188.39
1/06/2021,Wellington,Hospitality,322.29
1/06/2021,Wellington,IT,116.11
1/06/2021,Wellington,Labourers,655
1/06/2021,Wellington,Low-Skilled,303.78
1/06/2021,Wellington,Machinery Operators and Drivers,612.6
1/06/2021,Wellington,Managers,164.4
1/06/2021,Wellington,Manufacturing,432.97
1/06/2021,Wellington,Other,383.53
1/06/2021,Wellington,Primary,398.51
1/06/2021,Wellington,Professionals,190.2
1/06/2021,Wellington,Sales,177.25
1/06/2021,Wellington,Sales Workers,263.1
1/06/2021,Wellington,Semi-Skilled,395.94
1/06/2021,Wellington,Skilled,206.93
1/06/2021,Wellington,SkilledIndex,204.5
1/06/2021,Wellington,Technicians and Trades Workers,305.2
1/06/2021,Wellington,Unskilled,356.59
1/06/2021,Wellington,UnskilledIndex,317.5
1/09/2021,Auckland,Business services,191.17
1/09/2021,Auckland,Clerical and Administrative Workers,200.3
1/09/2021,Auckland,Community and Personal Service Workers,304.1
1/09/2021,Auckland,Construction,368.8
1/09/2021,Auckland,Education,119.66
1/09/2021,Auckland,Health care,274.24
1/09/2021,Auckland,Highly-Skilled,200.84
1/09/2021,Auckland,Hospitality,221.75
1/09/2021,Auckland,IT,157.88
1/09/2021,Auckland,Labourers,670.6
1/09/2021,Auckland,Low-Skilled,268.86
1/09/2021,Auckland,Machinery Operators and Drivers,584.2
1/09/2021,Auckland,Managers,181.5
1/09/2021,Auckland,Manufacturing,369.11
1/09/2021,Auckland,Other,480.71
1/09/2021,Auckland,Primary,328.57
1/09/2021,Auckland,Professionals,195.2
1/09/2021,Auckland,Sales,181.75
1/09/2021,Auckland,Sales Workers,258.6
1/09/2021,Auckland,Semi-Skilled,390.78
1/09/2021,Auckland,Skilled,203.94
1/09/2021,Auckland,SkilledIndex,215.6
1/09/2021,Auckland,Technicians and Trades Workers,336.8
1/09/2021,Auckland,Unskilled,394
1/09/2021,Auckland,UnskilledIndex,295
1/09/2021,Bay of Plenty,Business services,562.64
1/09/2021,Bay of Plenty,Clerical and Administrative Workers,549.9
1/09/2021,Bay of Plenty,Community and Personal Service Workers,367.7
1/09/2021,Bay of Plenty,Construction,632.88
1/09/2021,Bay of Plenty,Education,131.48
1/09/2021,Bay of Plenty,Health care,724.81
1/09/2021,Bay of Plenty,Highly-Skilled,516.08
1/09/2021,Bay of Plenty,Hospitality,306.4
1/09/2021,Bay of Plenty,IT,357.83
1/09/2021,Bay of Plenty,Labourers,969.4
1/09/2021,Bay of Plenty,Low-Skilled,555.43
1/09/2021,Bay of Plenty,Machinery Operators and Drivers,899
1/09/2021,Bay of Plenty,Managers,394.4
1/09/2021,Bay of Plenty,Manufacturing,740.11
1/09/2021,Bay of Plenty,Other,789.42
1/09/2021,Bay of Plenty,Primary,843.18
1/09/2021,Bay of Plenty,Professionals,413.2
1/09/2021,Bay of Plenty,Sales,362.43
1/09/2021,Bay of Plenty,Sales Workers,531.7
1/09/2021,Bay of Plenty,Semi-Skilled,654.55
1/09/2021,Bay of Plenty,Skilled,303.6
1/09/2021,Bay of Plenty,SkilledIndex,457.3
1/09/2021,Bay of Plenty,Technicians and Trades Workers,541.6
1/09/2021,Bay of Plenty,Unskilled,658.92
1/09/2021,Bay of Plenty,UnskilledIndex,585.6
1/09/2021,Canterbury,Business services,208.7
1/09/2021,Canterbury,Clerical and Administrative Workers,230.8
1/09/2021,Canterbury,Community and Personal Service Workers,269.5
1/09/2021,Canterbury,Construction,388.17
1/09/2021,Canterbury,Education,113.24
1/09/2021,Canterbury,Health care,422.43
1/09/2021,Canterbury,Highly-Skilled,246.14
1/09/2021,Canterbury,Hospitality,202.86
1/09/2021,Canterbury,IT,200
1/09/2021,Canterbury,Labourers,630
1/09/2021,Canterbury,Low-Skilled,343.05
1/09/2021,Canterbury,Machinery Operators and Drivers,753.4
1/09/2021,Canterbury,Managers,216.1
1/09/2021,Canterbury,Manufacturing,566.43
1/09/2021,Canterbury,Other,687.44
1/09/2021,Canterbury,Primary,445.68
1/09/2021,Canterbury,Professionals,221.6
1/09/2021,Canterbury,Sales,188.45
1/09/2021,Canterbury,Sales Workers,252.9
1/09/2021,Canterbury,Semi-Skilled,444.88
1/09/2021,Canterbury,Skilled,207.34
1/09/2021,Canterbury,SkilledIndex,259.9
1/09/2021,Canterbury,Technicians and Trades Workers,372.9
1/09/2021,Canterbury,Unskilled,379.56
1/09/2021,Canterbury,UnskilledIndex,353.8
1/09/2021,Gisborne/Hawkes Bay,Business services,617.73
1/09/2021,Gisborne/Hawkes Bay,Clerical and Administrative Workers,736.3
1/09/2021,Gisborne/Hawkes Bay,Community and Personal Service Workers,422.1
1/09/2021,Gisborne/Hawkes Bay,Construction,665.53
1/09/2021,Gisborne/Hawkes Bay,Education,109.39
1/09/2021,Gisborne/Hawkes Bay,Health care,505.18
1/09/2021,Gisborne/Hawkes Bay,Highly-Skilled,467.92
1/09/2021,Gisborne/Hawkes Bay,Hospitality,300.8
1/09/2021,Gisborne/Hawkes Bay,IT,455.56
1/09/2021,Gisborne/Hawkes Bay,Labourers,904.2
1/09/2021,Gisborne/Hawkes Bay,Low-Skilled,565.57
1/09/2021,Gisborne/Hawkes Bay,Machinery Operators and Drivers,889.9
1/09/2021,Gisborne/Hawkes Bay,Managers,510.3
1/09/2021,Gisborne/Hawkes Bay,Manufacturing,816.94
1/09/2021,Gisborne/Hawkes Bay,Other,710.53
1/09/2021,Gisborne/Hawkes Bay,Primary,647.62
1/09/2021,Gisborne/Hawkes Bay,Professionals,302.5
1/09/2021,Gisborne/Hawkes Bay,Sales,430.5
1/09/2021,Gisborne/Hawkes Bay,Sales Workers,473.8
1/09/2021,Gisborne/Hawkes Bay,Semi-Skilled,679.73
1/09/2021,Gisborne/Hawkes Bay,Skilled,280.66
1/09/2021,Gisborne/Hawkes Bay,SkilledIndex,431
1/09/2021,Gisborne/Hawkes Bay,Technicians and Trades Workers,532.5
1/09/2021,Gisborne/Hawkes Bay,Unskilled,736.8
1/09/2021,Gisborne/Hawkes Bay,UnskilledIndex,612
1/09/2021,Manawatu-Whanganui/Taranaki,Business services,386.52
1/09/2021,Manawatu-Whanganui/Taranaki,Clerical and Administrative Workers,448.9
1/09/2021,Manawatu-Whanganui/Taranaki,Community and Personal Service Workers,445.9
1/09/2021,Manawatu-Whanganui/Taranaki,Construction,440.19
1/09/2021,Manawatu-Whanganui/Taranaki,Education,139.3
1/09/2021,Manawatu-Whanganui/Taranaki,Health care,496.24
1/09/2021,Manawatu-Whanganui/Taranaki,Highly-Skilled,352.77
1/09/2021,Manawatu-Whanganui/Taranaki,Hospitality,361.65
1/09/2021,Manawatu-Whanganui/Taranaki,IT,249.41
1/09/2021,Manawatu-Whanganui/Taranaki,Labourers,1156
1/09/2021,Manawatu-Whanganui/Taranaki,Low-Skilled,534.34
1/09/2021,Manawatu-Whanganui/Taranaki,Machinery Operators and Drivers,764.4
1/09/2021,Manawatu-Whanganui/Taranaki,Managers,279.7
1/09/2021,Manawatu-Whanganui/Taranaki,Manufacturing,660
1/09/2021,Manawatu-Whanganui/Taranaki,Other,563.58
1/09/2021,Manawatu-Whanganui/Taranaki,Primary,480
1/09/2021,Manawatu-Whanganui/Taranaki,Professionals,265.3
1/09/2021,Manawatu-Whanganui/Taranaki,Sales,253.01
1/09/2021,Manawatu-Whanganui/Taranaki,Sales Workers,341.9
1/09/2021,Manawatu-Whanganui/Taranaki,Semi-Skilled,543.46
1/09/2021,Manawatu-Whanganui/Taranaki,Skilled,214.27
1/09/2021,Manawatu-Whanganui/Taranaki,SkilledIndex,321
1/09/2021,Manawatu-Whanganui/Taranaki,Technicians and Trades Workers,435.8
1/09/2021,Manawatu-Whanganui/Taranaki,Unskilled,590.07
1/09/2021,Manawatu-Whanganui/Taranaki,UnskilledIndex,550.1
1/09/2021,Northland,Business services,350
1/09/2021,Northland,Clerical and Administrative Workers,514.5
1/09/2021,Northland,Community and Personal Service Workers,575.1
1/09/2021,Northland,Construction,580.41
1/09/2021,Northland,Education,119.18
1/09/2021,Northland,Health care,393.23
1/09/2021,Northland,Highly-Skilled,387.33
1/09/2021,Northland,Hospitality,403.45
1/09/2021,Northland,IT,385.71
1/09/2021,Northland,Labourers,704.8
1/09/2021,Northland,Low-Skilled,469.81
1/09/2021,Northland,Machinery Operators and Drivers,820
1/09/2021,Northland,Managers,460.4
1/09/2021,Northland,Manufacturing,725
1/09/2021,Northland,Other,1197.06
1/09/2021,Northland,Primary,394.87
1/09/2021,Northland,Professionals,246.4
1/09/2021,Northland,Sales,337.69
1/09/2021,Northland,Sales Workers,310.9
1/09/2021,Northland,Semi-Skilled,500
1/09/2021,Northland,Skilled,249.65
1/09/2021,Northland,SkilledIndex,345.7
1/09/2021,Northland,Technicians and Trades Workers,476.2
1/09/2021,Northland,Unskilled,594.29
1/09/2021,Northland,UnskilledIndex,503.6
1/09/2021,Otago/Southland,Business services,408.22
1/09/2021,Otago/Southland,Clerical and Administrative Workers,532.4
1/09/2021,Otago/Southland,Community and Personal Service Workers,541.6
1/09/2021,Otago/Southland,Construction,793.2
1/09/2021,Otago/Southland,Education,129.97
1/09/2021,Otago/Southland,Health care,634.48
1/09/2021,Otago/Southland,Highly-Skilled,413.13
1/09/2021,Otago/Southland,Hospitality,341.87
1/09/2021,Otago/Southland,IT,266.67
1/09/2021,Otago/Southland,Labourers,1015.5
1/09/2021,Otago/Southland,Low-Skilled,563.29
1/09/2021,Otago/Southland,Machinery Operators and Drivers,906.9
1/09/2021,Otago/Southland,Managers,336.2
1/09/2021,Otago/Southland,Manufacturing,746.25
1/09/2021,Otago/Southland,Other,1072.62
1/09/2021,Otago/Southland,Primary,429.36
1/09/2021,Otago/Southland,Professionals,322.4
1/09/2021,Otago/Southland,Sales,279.82
1/09/2021,Otago/Southland,Sales Workers,361.3
1/09/2021,Otago/Southland,Semi-Skilled,764.71
1/09/2021,Otago/Southland,Skilled,292.38
1/09/2021,Otago/Southland,SkilledIndex,417.6
1/09/2021,Otago/Southland,Technicians and Trades Workers,594.2
1/09/2021,Otago/Southland,Unskilled,602.33
1/09/2021,Otago/Southland,UnskilledIndex,575.5
1/09/2021,Tasman/Nelson/Marlborough/West Coast,Business services,356.9
1/09/2021,Tasman/Nelson/Marlborough/West Coast,Clerical and Administrative Workers,466.2
1/09/2021,Tasman/Nelson/Marlborough/West Coast,Community and Personal Service Workers,447.8
1/09/2021,Tasman/Nelson/Marlborough/West Coast,Construction,667.37
1/09/2021,Tasman/Nelson/Marlborough/West Coast,Education,89.13
1/09/2021,Tasman/Nelson/Marlborough/West Coast,Health care,562.65
1/09/2021,Tasman/Nelson/Marlborough/West Coast,Highly-Skilled,380.38
1/09/2021,Tasman/Nelson/Marlborough/West Coast,Hospitality,312.26
1/09/2021,Tasman/Nelson/Marlborough/West Coast,IT,303.85
1/09/2021,Tasman/Nelson/Marlborough/West Coast,Labourers,955.9
1/09/2021,Tasman/Nelson/Marlborough/West Coast,Low-Skilled,520.06
1/09/2021,Tasman/Nelson/Marlborough/West Coast,Machinery Operators and Drivers,632.8
1/09/2021,Tasman/Nelson/Marlborough/West Coast,Managers,312.4
1/09/2021,Tasman/Nelson/Marlborough/West Coast,Manufacturing,933.7
1/09/2021,Tasman/Nelson/Marlborough/West Coast,Other,700
1/09/2021,Tasman/Nelson/Marlborough/West Coast,Primary,482.8
1/09/2021,Tasman/Nelson/Marlborough/West Coast,Professionals,261.2
1/09/2021,Tasman/Nelson/Marlborough/West Coast,Sales,239.29
1/09/2021,Tasman/Nelson/Marlborough/West Coast,Sales Workers,311.2
1/09/2021,Tasman/Nelson/Marlborough/West Coast,Semi-Skilled,650.85
1/09/2021,Tasman/Nelson/Marlborough/West Coast,Skilled,213.78
1/09/2021,Tasman/Nelson/Marlborough/West Coast,SkilledIndex,341.3
1/09/2021,Tasman/Nelson/Marlborough/West Coast,Technicians and Trades Workers,479.4
1/09/2021,Tasman/Nelson/Marlborough/West Coast,Unskilled,549.27
1/09/2021,Tasman/Nelson/Marlborough/West Coast,UnskilledIndex,528.8
1/09/2021,Totals,Auckland,232.03
1/09/2021,Totals,Bay of Plenty,497.33
1/09/2021,Totals,Business services,237.29
1/09/2021,Totals,Canterbury,290.72
1/09/2021,Totals,Clerical and Administrative Workers,268.3
1/09/2021,Totals,Community and Personal Service Workers,354.2
1/09/2021,Totals,Construction,435.89
1/09/2021,Totals,Education,125.71
1/09/2021,Totals,Gisborne/Hawkes Bay,477.73
1/09/2021,Totals,Health care,384.16
1/09/2021,Totals,Highly-Skilled,241.68
1/09/2021,Totals,Hospitality,257.73
1/09/2021,Totals,IT,157.58
1/09/2021,Totals,Labourers,764.3
1/09/2021,Totals,Low-Skilled,352.61
1/09/2021,Totals,Machinery Operators and Drivers,694.9
1/09/2021,Totals,Managers,213.1
1/09/2021,Totals,Manawatu-Whanganui/Taranaki,380.7
1/09/2021,Totals,Manufacturing,503.44
1/09/2021,Totals,Northland,389.83
1/09/2021,Totals,Otago/Southland,463.13
1/09/2021,Totals,Other,570.46
1/09/2021,Totals,Primary,462.49
1/09/2021,Totals,Professionals,230.3
1/09/2021,Totals,Sales,210.21
1/09/2021,Totals,Sales Workers,299.3
1/09/2021,Totals,Semi-Skilled,481.72
1/09/2021,Totals,Skilled,225.15
1/09/2021,Totals,SkilledIndex,259
1/09/2021,Totals,Tasman/Nelson/Marlborough/West Coast,405.01
1/09/2021,Totals,Technicians and Trades Workers,395
1/09/2021,Totals,TotalsIndex,288.18
1/09/2021,Totals,Unskilled,451.56
1/09/2021,Totals,UnskilledIndex,377.4
1/09/2021,Totals,Waikato,393.32
1/09/2021,Totals,Wellington,242.63
1/09/2021,Waikato,Business services,358.6
1/09/2021,Waikato,Clerical and Administrative Workers,462.5
1/09/2021,Waikato,Community and Personal Service Workers,426.7
1/09/2021,Waikato,Construction,537.41
1/09/2021,Waikato,Education,131.61
1/09/2021,Waikato,Health care,451.61
1/09/2021,Waikato,Highly-Skilled,328.55
1/09/2021,Waikato,Hospitality,318.75
1/09/2021,Waikato,IT,219.6
1/09/2021,Waikato,Labourers,886
1/09/2021,Waikato,Low-Skilled,527.58
1/09/2021,Waikato,Machinery Operators and Drivers,776
1/09/2021,Waikato,Managers,290.6
1/09/2021,Waikato,Manufacturing,670.42
1/09/2021,Waikato,Other,688.36
1/09/2021,Waikato,Primary,555.79
1/09/2021,Waikato,Professionals,269.9
1/09/2021,Waikato,Sales,268.03
1/09/2021,Waikato,Sales Workers,349
1/09/2021,Waikato,Semi-Skilled,617.82
1/09/2021,Waikato,Skilled,269.62
1/09/2021,Waikato,SkilledIndex,345.2
1/09/2021,Waikato,Technicians and Trades Workers,527.9
1/09/2021,Waikato,Unskilled,488.16
1/09/2021,Waikato,UnskilledIndex,516
1/09/2021,Wellington,Business services,243.93
1/09/2021,Wellington,Clerical and Administrative Workers,245.8
1/09/2021,Wellington,Community and Personal Service Workers,341.5
1/09/2021,Wellington,Construction,350.79
1/09/2021,Wellington,Education,155.7
1/09/2021,Wellington,Health care,359.64
1/09/2021,Wellington,Highly-Skilled,210.33
1/09/2021,Wellington,Hospitality,267.24
1/09/2021,Wellington,IT,129.3
1/09/2021,Wellington,Labourers,683.4
1/09/2021,Wellington,Low-Skilled,307.9
1/09/2021,Wellington,Machinery Operators and Drivers,629.5
1/09/2021,Wellington,Managers,177.6
1/09/2021,Wellington,Manufacturing,482.83
1/09/2021,Wellington,Other,461
1/09/2021,Wellington,Primary,370.15
1/09/2021,Wellington,Professionals,214.1
1/09/2021,Wellington,Sales,187.64
1/09/2021,Wellington,Sales Workers,297.7
1/09/2021,Wellington,Semi-Skilled,392.13
1/09/2021,Wellington,Skilled,214.5
1/09/2021,Wellington,SkilledIndex,222
1/09/2021,Wellington,Technicians and Trades Workers,291.8
1/09/2021,Wellington,Unskilled,389.86
1/09/2021,Wellington,UnskilledIndex,329.1
1/12/2021,Auckland,Business services,152.13
1/12/2021,Auckland,Clerical and Administrative Workers,164.5
1/12/2021,Auckland,Community and Personal Service Workers,242.3
1/12/2021,Auckland,Construction,325.64
1/12/2021,Auckland,Education,132.96
1/12/2021,Auckland,Health care,252.75
1/12/2021,Auckland,Highly-Skilled,165.48
1/12/2021,Auckland,Hospitality,187.89
1/12/2021,Auckland,IT,117.78
1/12/2021,Auckland,Labourers,576.8
1/12/2021,Auckland,Low-Skilled,228.14
1/12/2021,Auckland,Machinery Operators and Drivers,535
1/12/2021,Auckland,Managers,151.1
1/12/2021,Auckland,Manufacturing,325.68
1/12/2021,Auckland,Other,434.24
1/12/2021,Auckland,Primary,298.64
1/12/2021,Auckland,Professionals,165.6
1/12/2021,Auckland,Sales,146.02
1/12/2021,Auckland,Sales Workers,212.4
1/12/2021,Auckland,Semi-Skilled,352.06
1/12/2021,Auckland,Skilled,180.49
1/12/2021,Auckland,SkilledIndex,182.5
1/12/2021,Auckland,Technicians and Trades Workers,296.6
1/12/2021,Auckland,Unskilled,332.16
1/12/2021,Auckland,UnskilledIndex,249.9
1/12/2021,Bay of Plenty,Business services,576.6
1/12/2021,Bay of Plenty,Clerical and Administrative Workers,593.5
1/12/2021,Bay of Plenty,Community and Personal Service Workers,408
1/12/2021,Bay of Plenty,Construction,587.67
1/12/2021,Bay of Plenty,Education,170.49
1/12/2021,Bay of Plenty,Health care,768.49
1/12/2021,Bay of Plenty,Highly-Skilled,518.29
1/12/2021,Bay of Plenty,Hospitality,344.33
1/12/2021,Bay of Plenty,IT,337.35
1/12/2021,Bay of Plenty,Labourers,919.4
1/12/2021,Bay of Plenty,Low-Skilled,531.57
1/12/2021,Bay of Plenty,Machinery Operators and Drivers,812.5
1/12/2021,Bay of Plenty,Managers,368.9
1/12/2021,Bay of Plenty,Manufacturing,725.67
1/12/2021,Bay of Plenty,Other,771.15
1/12/2021,Bay of Plenty,Primary,640.91
1/12/2021,Bay of Plenty,Professionals,434.9
1/12/2021,Bay of Plenty,Sales,347.3
1/12/2021,Bay of Plenty,Sales Workers,457.4
1/12/2021,Bay of Plenty,Semi-Skilled,584.85
1/12/2021,Bay of Plenty,Skilled,340.61
1/12/2021,Bay of Plenty,SkilledIndex,462.2
1/12/2021,Bay of Plenty,Technicians and Trades Workers,511.2
1/12/2021,Bay of Plenty,Unskilled,634.01
1/12/2021,Bay of Plenty,UnskilledIndex,561.4
1/12/2021,Canterbury,Business services,198.96
1/12/2021,Canterbury,Clerical and Administrative Workers,210.1
1/12/2021,Canterbury,Community and Personal Service Workers,250.4
1/12/2021,Canterbury,Construction,339.26
1/12/2021,Canterbury,Education,139.12
1/12/2021,Canterbury,Health care,367.59
1/12/2021,Canterbury,Highly-Skilled,219.82
1/12/2021,Canterbury,Hospitality,208.42
1/12/2021,Canterbury,IT,175.31
1/12/2021,Canterbury,Labourers,580.9
1/12/2021,Canterbury,Low-Skilled,309.6
1/12/2021,Canterbury,Machinery Operators and Drivers,624.9
1/12/2021,Canterbury,Managers,188.7
1/12/2021,Canterbury,Manufacturing,505.15
1/12/2021,Canterbury,Other,633.95
1/12/2021,Canterbury,Primary,330.86
1/12/2021,Canterbury,Professionals,203.8
1/12/2021,Canterbury,Sales,161.78
1/12/2021,Canterbury,Sales Workers,236
1/12/2021,Canterbury,Semi-Skilled,393.26
1/12/2021,Canterbury,Skilled,196.68
1/12/2021,Canterbury,SkilledIndex,235
1/12/2021,Canterbury,Technicians and Trades Workers,342
1/12/2021,Canterbury,Unskilled,348.32
1/12/2021,Canterbury,UnskilledIndex,321
1/12/2021,Gisborne/Hawkes Bay,Business services,617.02
1/12/2021,Gisborne/Hawkes Bay,Clerical and Administrative Workers,708.8
1/12/2021,Gisborne/Hawkes Bay,Community and Personal Service Workers,438.2
1/12/2021,Gisborne/Hawkes Bay,Construction,586.36
1/12/2021,Gisborne/Hawkes Bay,Education,169.39
1/12/2021,Gisborne/Hawkes Bay,Health care,486.96
1/12/2021,Gisborne/Hawkes Bay,Highly-Skilled,440.02
1/12/2021,Gisborne/Hawkes Bay,Hospitality,324.8
1/12/2021,Gisborne/Hawkes Bay,IT,440.74
1/12/2021,Gisborne/Hawkes Bay,Labourers,861.7
1/12/2021,Gisborne/Hawkes Bay,Low-Skilled,551.28
1/12/2021,Gisborne/Hawkes Bay,Machinery Operators and Drivers,955.1
1/12/2021,Gisborne/Hawkes Bay,Managers,437.5
1/12/2021,Gisborne/Hawkes Bay,Manufacturing,834.68
1/12/2021,Gisborne/Hawkes Bay,Other,714.47
1/12/2021,Gisborne/Hawkes Bay,Primary,544.44
1/12/2021,Gisborne/Hawkes Bay,Professionals,310.4
1/12/2021,Gisborne/Hawkes Bay,Sales,392.5
1/12/2021,Gisborne/Hawkes Bay,Sales Workers,451.6
1/12/2021,Gisborne/Hawkes Bay,Semi-Skilled,579.73
1/12/2021,Gisborne/Hawkes Bay,Skilled,315.88
1/12/2021,Gisborne/Hawkes Bay,SkilledIndex,415.4
1/12/2021,Gisborne/Hawkes Bay,Technicians and Trades Workers,477.3
1/12/2021,Gisborne/Hawkes Bay,Unskilled,720.8
1/12/2021,Gisborne/Hawkes Bay,UnskilledIndex,597.2
1/12/2021,Manawatu-Whanganui/Taranaki,Business services,374.91
1/12/2021,Manawatu-Whanganui/Taranaki,Clerical and Administrative Workers,380.1
1/12/2021,Manawatu-Whanganui/Taranaki,Community and Personal Service Workers,432
1/12/2021,Manawatu-Whanganui/Taranaki,Construction,394.29
1/12/2021,Manawatu-Whanganui/Taranaki,Education,166.67
1/12/2021,Manawatu-Whanganui/Taranaki,Health care,556.93
1/12/2021,Manawatu-Whanganui/Taranaki,Highly-Skilled,342.05
1/12/2021,Manawatu-Whanganui/Taranaki,Hospitality,348.87
1/12/2021,Manawatu-Whanganui/Taranaki,IT,240
1/12/2021,Manawatu-Whanganui/Taranaki,Labourers,922.6
1/12/2021,Manawatu-Whanganui/Taranaki,Low-Skilled,462.89
1/12/2021,Manawatu-Whanganui/Taranaki,Machinery Operators and Drivers,683.7
1/12/2021,Manawatu-Whanganui/Taranaki,Managers,254.9
1/12/2021,Manawatu-Whanganui/Taranaki,Manufacturing,518.7
1/12/2021,Manawatu-Whanganui/Taranaki,Other,462.25
1/12/2021,Manawatu-Whanganui/Taranaki,Primary,362.86
1/12/2021,Manawatu-Whanganui/Taranaki,Professionals,273.4
1/12/2021,Manawatu-Whanganui/Taranaki,Sales,194.94
1/12/2021,Manawatu-Whanganui/Taranaki,Sales Workers,276.8
1/12/2021,Manawatu-Whanganui/Taranaki,Semi-Skilled,468.5
1/12/2021,Manawatu-Whanganui/Taranaki,Skilled,214.58
1/12/2021,Manawatu-Whanganui/Taranaki,SkilledIndex,307.1
1/12/2021,Manawatu-Whanganui/Taranaki,Technicians and Trades Workers,391.4
1/12/2021,Manawatu-Whanganui/Taranaki,Unskilled,488.26
1/12/2021,Manawatu-Whanganui/Taranaki,UnskilledIndex,470.1
1/12/2021,Northland,Business services,352.31
1/12/2021,Northland,Clerical and Administrative Workers,515.6
1/12/2021,Northland,Community and Personal Service Workers,674.2
1/12/2021,Northland,Construction,577.7
1/12/2021,Northland,Education,156.62
1/12/2021,Northland,Health care,471.53
1/12/2021,Northland,Highly-Skilled,411.12
1/12/2021,Northland,Hospitality,479.31
1/12/2021,Northland,IT,335.71
1/12/2021,Northland,Labourers,676.2
1/12/2021,Northland,Low-Skilled,528.8
1/12/2021,Northland,Machinery Operators and Drivers,830
1/12/2021,Northland,Managers,354.5
1/12/2021,Northland,Manufacturing,685.71
1/12/2021,Northland,Other,1076.47
1/12/2021,Northland,Primary,297.44
1/12/2021,Northland,Professionals,294
1/12/2021,Northland,Sales,313.08
1/12/2021,Northland,Sales Workers,353.3
1/12/2021,Northland,Semi-Skilled,473.91
1/12/2021,Northland,Skilled,254.33
1/12/2021,Northland,SkilledIndex,355.5
1/12/2021,Northland,Technicians and Trades Workers,463.5
1/12/2021,Northland,Unskilled,605.71
1/12/2021,Northland,UnskilledIndex,549.7
1/12/2021,Otago/Southland,Business services,392.47
1/12/2021,Otago/Southland,Clerical and Administrative Workers,517.4
1/12/2021,Otago/Southland,Community and Personal Service Workers,640.3
1/12/2021,Otago/Southland,Construction,676.32
1/12/2021,Otago/Southland,Education,160.57
1/12/2021,Otago/Southland,Health care,629.66
1/12/2021,Otago/Southland,Highly-Skilled,365.48
1/12/2021,Otago/Southland,Hospitality,473.17
1/12/2021,Otago/Southland,IT,227.96
1/12/2021,Otago/Southland,Labourers,969.1
1/12/2021,Otago/Southland,Low-Skilled,560.13
1/12/2021,Otago/Southland,Machinery Operators and Drivers,815.8
1/12/2021,Otago/Southland,Managers,303.7
1/12/2021,Otago/Southland,Manufacturing,699.38
1/12/2021,Otago/Southland,Other,983.33
1/12/2021,Otago/Southland,Primary,312.84
1/12/2021,Otago/Southland,Professionals,297.4
1/12/2021,Otago/Southland,Sales,269.16
1/12/2021,Otago/Southland,Sales Workers,386.5
1/12/2021,Otago/Southland,Semi-Skilled,663.24
1/12/2021,Otago/Southland,Skilled,318.4
1/12/2021,Otago/Southland,SkilledIndex,389
1/12/2021,Otago/Southland,Technicians and Trades Workers,549.7
1/12/2021,Otago/Southland,Unskilled,619.53
1/12/2021,Otago/Southland,UnskilledIndex,578.7
1/12/2021,Tasman/Nelson/Marlborough/West Coast,Business services,371.84
1/12/2021,Tasman/Nelson/Marlborough/West Coast,Clerical and Administrative Workers,495.5
1/12/2021,Tasman/Nelson/Marlborough/West Coast,Community and Personal Service Workers,476.7
1/12/2021,Tasman/Nelson/Marlborough/West Coast,Construction,626.27
1/12/2021,Tasman/Nelson/Marlborough/West Coast,Education,113.91
1/12/2021,Tasman/Nelson/Marlborough/West Coast,Health care,632.49
1/12/2021,Tasman/Nelson/Marlborough/West Coast,Highly-Skilled,371.27
1/12/2021,Tasman/Nelson/Marlborough/West Coast,Hospitality,362.58
1/12/2021,Tasman/Nelson/Marlborough/West Coast,IT,357.69
1/12/2021,Tasman/Nelson/Marlborough/West Coast,Labourers,909
1/12/2021,Tasman/Nelson/Marlborough/West Coast,Low-Skilled,522.28
1/12/2021,Tasman/Nelson/Marlborough/West Coast,Machinery Operators and Drivers,619.3
1/12/2021,Tasman/Nelson/Marlborough/West Coast,Managers,291.5
1/12/2021,Tasman/Nelson/Marlborough/West Coast,Manufacturing,892.39
1/12/2021,Tasman/Nelson/Marlborough/West Coast,Other,627.63
1/12/2021,Tasman/Nelson/Marlborough/West Coast,Primary,441.94
1/12/2021,Tasman/Nelson/Marlborough/West Coast,Professionals,266.5
1/12/2021,Tasman/Nelson/Marlborough/West Coast,Sales,283.93
1/12/2021,Tasman/Nelson/Marlborough/West Coast,Sales Workers,368.1
1/12/2021,Tasman/Nelson/Marlborough/West Coast,Semi-Skilled,646.61
1/12/2021,Tasman/Nelson/Marlborough/West Coast,Skilled,238.81
1/12/2021,Tasman/Nelson/Marlborough/West Coast,SkilledIndex,347.3
1/12/2021,Tasman/Nelson/Marlborough/West Coast,Technicians and Trades Workers,508.4
1/12/2021,Tasman/Nelson/Marlborough/West Coast,Unskilled,610.31
1/12/2021,Tasman/Nelson/Marlborough/West Coast,UnskilledIndex,548.6
1/12/2021,Totals,Auckland,197.21
1/12/2021,Totals,Bay of Plenty,494.37
1/12/2021,Totals,Business services,203.22
1/12/2021,Totals,Canterbury,262.87
1/12/2021,Totals,Clerical and Administrative Workers,232.6
1/12/2021,Totals,Community and Personal Service Workers,334.5
1/12/2021,Totals,Construction,386.56
1/12/2021,Totals,Education,150.48
1/12/2021,Totals,Gisborne/Hawkes Bay,465.08
1/12/2021,Totals,Health care,370.56
1/12/2021,Totals,Highly-Skilled,207.58
1/12/2021,Totals,Hospitality,252.39
1/12/2021,Totals,IT,121.02
1/12/2021,Totals,Labourers,678.8
1/12/2021,Totals,Low-Skilled,314.7
1/12/2021,Totals,Machinery Operators and Drivers,621.5
1/12/2021,Totals,Managers,181
1/12/2021,Totals,Manawatu-Whanganui/Taranaki,349.34
1/12/2021,Totals,Manufacturing,445.18
1/12/2021,Totals,Northland,405.4
1/12/2021,Totals,Otago/Southland,443.87
1/12/2021,Totals,Other,497.37
1/12/2021,Totals,Primary,368.48
1/12/2021,Totals,Professionals,205.3
1/12/2021,Totals,Sales,176.48
1/12/2021,Totals,Sales Workers,262.8
1/12/2021,Totals,Semi-Skilled,424.3
1/12/2021,Totals,Skilled,215.25
1/12/2021,Totals,SkilledIndex,229
1/12/2021,Totals,Tasman/Nelson/Marlborough/West Coast,415.87
1/12/2021,Totals,Technicians and Trades Workers,356.4
1/12/2021,Totals,TotalsIndex,256.06
1/12/2021,Totals,Unskilled,402.31
1/12/2021,Totals,UnskilledIndex,336.6
1/12/2021,Totals,Waikato,334.09
1/12/2021,Totals,Wellington,202.06
1/12/2021,Waikato,Business services,294.71
1/12/2021,Waikato,Clerical and Administrative Workers,356.3
1/12/2021,Waikato,Community and Personal Service Workers,391.2
1/12/2021,Waikato,Construction,476.79
1/12/2021,Waikato,Education,164.3
1/12/2021,Waikato,Health care,414.21
1/12/2021,Waikato,Highly-Skilled,274.36
1/12/2021,Waikato,Hospitality,260.27
1/12/2021,Waikato,IT,195.48
1/12/2021,Waikato,Labourers,756.6
1/12/2021,Waikato,Low-Skilled,438.94
1/12/2021,Waikato,Machinery Operators and Drivers,644.4
1/12/2021,Waikato,Managers,245.5
1/12/2021,Waikato,Manufacturing,533.44
1/12/2021,Waikato,Other,544.44
1/12/2021,Waikato,Primary,403.16
1/12/2021,Waikato,Professionals,238.2
1/12/2021,Waikato,Sales,197.42
1/12/2021,Waikato,Sales Workers,290.6
1/12/2021,Waikato,Semi-Skilled,533
1/12/2021,Waikato,Skilled,246.58
1/12/2021,Waikato,SkilledIndex,297.2
1/12/2021,Waikato,Technicians and Trades Workers,453.9
1/12/2021,Waikato,Unskilled,411.18
1/12/2021,Waikato,UnskilledIndex,430.8
1/12/2021,Wellington,Business services,199.07
1/12/2021,Wellington,Clerical and Administrative Workers,200
1/12/2021,Wellington,Community and Personal Service Workers,323.1
1/12/2021,Wellington,Construction,306.13
1/12/2021,Wellington,Education,175
1/12/2021,Wellington,Health care,320.28
1/12/2021,Wellington,Highly-Skilled,169.07
1/12/2021,Wellington,Hospitality,231.62
1/12/2021,Wellington,IT,93.07
1/12/2021,Wellington,Labourers,578.4
1/12/2021,Wellington,Low-Skilled,269.52
1/12/2021,Wellington,Machinery Operators and Drivers,531.1
1/12/2021,Wellington,Managers,145.8
1/12/2021,Wellington,Manufacturing,400.54
1/12/2021,Wellington,Other,367.72
1/12/2021,Wellington,Primary,320.9
1/12/2021,Wellington,Professionals,172.8
1/12/2021,Wellington,Sales,153.73
1/12/2021,Wellington,Sales Workers,245.6
1/12/2021,Wellington,Semi-Skilled,315.23
1/12/2021,Wellington,Skilled,193
1/12/2021,Wellington,SkilledIndex,182.7
1/12/2021,Wellington,Technicians and Trades Workers,253.7
1/12/2021,Wellington,Unskilled,310.18
1/12/2021,Wellington,UnskilledIndex,280.1
1/03/2022,Auckland,Business services,200.21
1/03/2022,Auckland,Clerical and Administrative Workers,223.2
1/03/2022,Auckland,Community and Personal Service Workers,354.7
1/03/2022,Auckland,Construction,400.8
1/03/2022,Auckland,Education,124.79
1/03/2022,Auckland,Health care,288.14
1/03/2022,Auckland,Highly-Skilled,208.57
1/03/2022,Auckland,Hospitality,265.76
1/03/2022,Auckland,IT,136.28
1/03/2022,Auckland,Labourers,738.6
1/03/2022,Auckland,Low-Skilled,288.08
1/03/2022,Auckland,Machinery Operators and Drivers,597.1
1/03/2022,Auckland,Managers,201.2
1/03/2022,Auckland,Manufacturing,432.53
1/03/2022,Auckland,Other,571.6
1/03/2022,Auckland,Primary,393.88
1/03/2022,Auckland,Professionals,194.5
1/03/2022,Auckland,Sales,200.9
1/03/2022,Auckland,Sales Workers,258.7
1/03/2022,Auckland,Semi-Skilled,476.31
1/03/2022,Auckland,Skilled,209.12
1/03/2022,Auckland,SkilledIndex,228.5
1/03/2022,Auckland,Technicians and Trades Workers,393.5
1/03/2022,Auckland,Unskilled,445.72
1/03/2022,Auckland,UnskilledIndex,321
1/03/2022,Bay of Plenty,Business services,646.79
1/03/2022,Bay of Plenty,Clerical and Administrative Workers,661.8
1/03/2022,Bay of Plenty,Community and Personal Service Workers,480.8
1/03/2022,Bay of Plenty,Construction,697.03
1/03/2022,Bay of Plenty,Education,145.25
1/03/2022,Bay of Plenty,Health care,775.91
1/03/2022,Bay of Plenty,Highly-Skilled,588.21
1/03/2022,Bay of Plenty,Hospitality,374.88
1/03/2022,Bay of Plenty,IT,434.94
1/03/2022,Bay of Plenty,Labourers,1018.4
1/03/2022,Bay of Plenty,Low-Skilled,614.78
1/03/2022,Bay of Plenty,Machinery Operators and Drivers,952.1
1/03/2022,Bay of Plenty,Managers,475.5
1/03/2022,Bay of Plenty,Manufacturing,929.95
1/03/2022,Bay of Plenty,Other,861.54
1/03/2022,Bay of Plenty,Primary,827.27
1/03/2022,Bay of Plenty,Professionals,452.1
1/03/2022,Bay of Plenty,Sales,420.27
1/03/2022,Bay of Plenty,Sales Workers,519.7
1/03/2022,Bay of Plenty,Semi-Skilled,792.93
1/03/2022,Bay of Plenty,Skilled,348.01
1/03/2022,Bay of Plenty,SkilledIndex,528.7
1/03/2022,Bay of Plenty,Technicians and Trades Workers,654.6
1/03/2022,Bay of Plenty,Unskilled,729.25
1/03/2022,Bay of Plenty,UnskilledIndex,648.1
1/03/2022,Canterbury,Business services,245.33
1/03/2022,Canterbury,Clerical and Administrative Workers,253.8
1/03/2022,Canterbury,Community and Personal Service Workers,313
1/03/2022,Canterbury,Construction,418.64
1/03/2022,Canterbury,Education,114.92
1/03/2022,Canterbury,Health care,428.94
1/03/2022,Canterbury,Highly-Skilled,280.1
1/03/2022,Canterbury,Hospitality,212.33
1/03/2022,Canterbury,IT,228.88
1/03/2022,Canterbury,Labourers,671.2
1/03/2022,Canterbury,Low-Skilled,355.35
1/03/2022,Canterbury,Machinery Operators and Drivers,657.7
1/03/2022,Canterbury,Managers,251.8
1/03/2022,Canterbury,Manufacturing,622.74
1/03/2022,Canterbury,Other,787.91
1/03/2022,Canterbury,Primary,345.06
1/03/2022,Canterbury,Professionals,242.5
1/03/2022,Canterbury,Sales,202.87
1/03/2022,Canterbury,Sales Workers,261.1
1/03/2022,Canterbury,Semi-Skilled,511.97
1/03/2022,Canterbury,Skilled,207.26
1/03/2022,Canterbury,SkilledIndex,288
1/03/2022,Canterbury,Technicians and Trades Workers,413
1/03/2022,Canterbury,Unskilled,395.18
1/03/2022,Canterbury,UnskilledIndex,367
1/03/2022,Gisborne/Hawkes Bay,Business services,682.27
1/03/2022,Gisborne/Hawkes Bay,Clerical and Administrative Workers,792.9
1/03/2022,Gisborne/Hawkes Bay,Community and Personal Service Workers,502.9
1/03/2022,Gisborne/Hawkes Bay,Construction,628.41
1/03/2022,Gisborne/Hawkes Bay,Education,125.71
1/03/2022,Gisborne/Hawkes Bay,Health care,479.5
1/03/2022,Gisborne/Hawkes Bay,Highly-Skilled,479.48
1/03/2022,Gisborne/Hawkes Bay,Hospitality,339.2
1/03/2022,Gisborne/Hawkes Bay,IT,500
1/03/2022,Gisborne/Hawkes Bay,Labourers,905.4
1/03/2022,Gisborne/Hawkes Bay,Low-Skilled,597.71
1/03/2022,Gisborne/Hawkes Bay,Machinery Operators and Drivers,968.1
1/03/2022,Gisborne/Hawkes Bay,Managers,498
1/03/2022,Gisborne/Hawkes Bay,Manufacturing,1103.23
1/03/2022,Gisborne/Hawkes Bay,Other,771.05
1/03/2022,Gisborne/Hawkes Bay,Primary,595.24
1/03/2022,Gisborne/Hawkes Bay,Professionals,306.5
1/03/2022,Gisborne/Hawkes Bay,Sales,464
1/03/2022,Gisborne/Hawkes Bay,Sales Workers,493.7
1/03/2022,Gisborne/Hawkes Bay,Semi-Skilled,710.14
1/03/2022,Gisborne/Hawkes Bay,Skilled,288.77
1/03/2022,Gisborne/Hawkes Bay,SkilledIndex,444.1
1/03/2022,Gisborne/Hawkes Bay,Technicians and Trades Workers,557.5
1/03/2022,Gisborne/Hawkes Bay,Unskilled,801.6
1/03/2022,Gisborne/Hawkes Bay,UnskilledIndex,653
1/03/2022,Manawatu-Whanganui/Taranaki,Business services,453.18
1/03/2022,Manawatu-Whanganui/Taranaki,Clerical and Administrative Workers,460.3
1/03/2022,Manawatu-Whanganui/Taranaki,Community and Personal Service Workers,518.6
1/03/2022,Manawatu-Whanganui/Taranaki,Construction,452.57
1/03/2022,Manawatu-Whanganui/Taranaki,Education,130.89
1/03/2022,Manawatu-Whanganui/Taranaki,Health care,582.25
1/03/2022,Manawatu-Whanganui/Taranaki,Highly-Skilled,407.83
1/03/2022,Manawatu-Whanganui/Taranaki,Hospitality,386.47
1/03/2022,Manawatu-Whanganui/Taranaki,IT,261.18
1/03/2022,Manawatu-Whanganui/Taranaki,Labourers,1038.1
1/03/2022,Manawatu-Whanganui/Taranaki,Low-Skilled,537.93
1/03/2022,Manawatu-Whanganui/Taranaki,Machinery Operators and Drivers,751
1/03/2022,Manawatu-Whanganui/Taranaki,Managers,316.5
1/03/2022,Manawatu-Whanganui/Taranaki,Manufacturing,676.09
1/03/2022,Manawatu-Whanganui/Taranaki,Other,621.19
1/03/2022,Manawatu-Whanganui/Taranaki,Primary,482.86
1/03/2022,Manawatu-Whanganui/Taranaki,Professionals,295.5
1/03/2022,Manawatu-Whanganui/Taranaki,Sales,261.69
1/03/2022,Manawatu-Whanganui/Taranaki,Sales Workers,352.2
1/03/2022,Manawatu-Whanganui/Taranaki,Semi-Skilled,614.88
1/03/2022,Manawatu-Whanganui/Taranaki,Skilled,220.07
1/03/2022,Manawatu-Whanganui/Taranaki,SkilledIndex,358.7
1/03/2022,Manawatu-Whanganui/Taranaki,Technicians and Trades Workers,500.5
1/03/2022,Manawatu-Whanganui/Taranaki,Unskilled,597.53
1/03/2022,Manawatu-Whanganui/Taranaki,UnskilledIndex,554.8
1/03/2022,Northland,Business services,434.62
1/03/2022,Northland,Clerical and Administrative Workers,684.9
1/03/2022,Northland,Community and Personal Service Workers,734.2
1/03/2022,Northland,Construction,745.95
1/03/2022,Northland,Education,126.03
1/03/2022,Northland,Health care,493.91
1/03/2022,Northland,Highly-Skilled,469.32
1/03/2022,Northland,Hospitality,510.34
1/03/2022,Northland,IT,421.43
1/03/2022,Northland,Labourers,897.6
1/03/2022,Northland,Low-Skilled,630.31
1/03/2022,Northland,Machinery Operators and Drivers,993.3
1/03/2022,Northland,Managers,502
1/03/2022,Northland,Manufacturing,978.57
1/03/2022,Northland,Other,1341.18
1/03/2022,Northland,Primary,382.05
1/03/2022,Northland,Professionals,292.9
1/03/2022,Northland,Sales,445.38
1/03/2022,Northland,Sales Workers,466.3
1/03/2022,Northland,Semi-Skilled,625
1/03/2022,Northland,Skilled,279.73
1/03/2022,Northland,SkilledIndex,412
1/03/2022,Northland,Technicians and Trades Workers,613.5
1/03/2022,Northland,Unskilled,832.86
1/03/2022,Northland,UnskilledIndex,685.2
1/03/2022,Otago/Southland,Business services,460.62
1/03/2022,Otago/Southland,Clerical and Administrative Workers,584
1/03/2022,Otago/Southland,Community and Personal Service Workers,687.7
1/03/2022,Otago/Southland,Construction,759.7
1/03/2022,Otago/Southland,Education,112.93
1/03/2022,Otago/Southland,Health care,632.29
1/03/2022,Otago/Southland,Highly-Skilled,436.88
1/03/2022,Otago/Southland,Hospitality,462.6
1/03/2022,Otago/Southland,IT,306.45
1/03/2022,Otago/Southland,Labourers,1000
1/03/2022,Otago/Southland,Low-Skilled,593.67
1/03/2022,Otago/Southland,Machinery Operators and Drivers,837.6
1/03/2022,Otago/Southland,Managers,380.2
1/03/2022,Otago/Southland,Manufacturing,811.88
1/03/2022,Otago/Southland,Other,1171.43
1/03/2022,Otago/Southland,Primary,313.76
1/03/2022,Otago/Southland,Professionals,316.7
1/03/2022,Otago/Southland,Sales,322.45
1/03/2022,Otago/Southland,Sales Workers,413.5
1/03/2022,Otago/Southland,Semi-Skilled,759.8
1/03/2022,Otago/Southland,Skilled,316.36
1/03/2022,Otago/Southland,SkilledIndex,437.6
1/03/2022,Otago/Southland,Technicians and Trades Workers,612.7
1/03/2022,Otago/Southland,Unskilled,642.33
1/03/2022,Otago/Southland,UnskilledIndex,608.9
1/03/2022,Tasman/Nelson/Marlborough/West Coast,Business services,425.86
1/03/2022,Tasman/Nelson/Marlborough/West Coast,Clerical and Administrative Workers,530.7
1/03/2022,Tasman/Nelson/Marlborough/West Coast,Community and Personal Service Workers,553.6
1/03/2022,Tasman/Nelson/Marlborough/West Coast,Construction,663.56
1/03/2022,Tasman/Nelson/Marlborough/West Coast,Education,88.7
1/03/2022,Tasman/Nelson/Marlborough/West Coast,Health care,698.38
1/03/2022,Tasman/Nelson/Marlborough/West Coast,Highly-Skilled,405.99
1/03/2022,Tasman/Nelson/Marlborough/West Coast,Hospitality,306.45
1/03/2022,Tasman/Nelson/Marlborough/West Coast,IT,323.08
1/03/2022,Tasman/Nelson/Marlborough/West Coast,Labourers,959.8
1/03/2022,Tasman/Nelson/Marlborough/West Coast,Low-Skilled,567.28
1/03/2022,Tasman/Nelson/Marlborough/West Coast,Machinery Operators and Drivers,657.3
1/03/2022,Tasman/Nelson/Marlborough/West Coast,Managers,329
1/03/2022,Tasman/Nelson/Marlborough/West Coast,Manufacturing,1063.04
1/03/2022,Tasman/Nelson/Marlborough/West Coast,Other,709.21
1/03/2022,Tasman/Nelson/Marlborough/West Coast,Primary,424.73
1/03/2022,Tasman/Nelson/Marlborough/West Coast,Professionals,279.6
1/03/2022,Tasman/Nelson/Marlborough/West Coast,Sales,325.89
1/03/2022,Tasman/Nelson/Marlborough/West Coast,Sales Workers,426.7
1/03/2022,Tasman/Nelson/Marlborough/West Coast,Semi-Skilled,685.59
1/03/2022,Tasman/Nelson/Marlborough/West Coast,Skilled,246.06
1/03/2022,Tasman/Nelson/Marlborough/West Coast,SkilledIndex,370.8
1/03/2022,Tasman/Nelson/Marlborough/West Coast,Technicians and Trades Workers,515.4
1/03/2022,Tasman/Nelson/Marlborough/West Coast,Unskilled,655.71
1/03/2022,Tasman/Nelson/Marlborough/West Coast,UnskilledIndex,593.7
1/03/2022,Totals,Auckland,248.77
1/03/2022,Totals,Bay of Plenty,564.03
1/03/2022,Totals,Business services,253.32
1/03/2022,Totals,Canterbury,314.05
1/03/2022,Totals,Clerical and Administrative Workers,289.9
1/03/2022,Totals,Community and Personal Service Workers,415.6
1/03/2022,Totals,Construction,463.8
1/03/2022,Totals,Education,131.04
1/03/2022,Totals,Gisborne/Hawkes Bay,507.66
1/03/2022,Totals,Health care,409.54
1/03/2022,Totals,Highly-Skilled,254.72
1/03/2022,Totals,Hospitality,292.04
1/03/2022,Totals,IT,142.15
1/03/2022,Totals,Labourers,796.1
1/03/2022,Totals,Low-Skilled,371.16
1/03/2022,Totals,Machinery Operators and Drivers,680.4
1/03/2022,Totals,Managers,234.7
1/03/2022,Totals,Manawatu-Whanganui/Taranaki,407.1
1/03/2022,Totals,Manufacturing,570.65
1/03/2022,Totals,Northland,482.75
1/03/2022,Totals,Otago/Southland,485.89
1/03/2022,Totals,Other,618.55
1/03/2022,Totals,Primary,433.41
1/03/2022,Totals,Professionals,233.8
1/03/2022,Totals,Sales,229.92
1/03/2022,Totals,Sales Workers,307.4
1/03/2022,Totals,Semi-Skilled,550.17
1/03/2022,Totals,Skilled,232.46
1/03/2022,Totals,SkilledIndex,275.5
1/03/2022,Totals,Tasman/Nelson/Marlborough/West Coast,444.1
1/03/2022,Totals,Technicians and Trades Workers,447.1
1/03/2022,Totals,TotalsIndex,306.87
1/03/2022,Totals,Unskilled,488.91
1/03/2022,Totals,UnskilledIndex,400.6
1/03/2022,Totals,Waikato,413.73
1/03/2022,Totals,Wellington,238.85
1/03/2022,Waikato,Business services,383.74
1/03/2022,Waikato,Clerical and Administrative Workers,450.9
1/03/2022,Waikato,Community and Personal Service Workers,482.9
1/03/2022,Waikato,Construction,609
1/03/2022,Waikato,Education,141.94
1/03/2022,Waikato,Health care,447.87
1/03/2022,Waikato,Highly-Skilled,356.04
1/03/2022,Waikato,Hospitality,336.61
1/03/2022,Waikato,IT,259.3
1/03/2022,Waikato,Labourers,934.6
1/03/2022,Waikato,Low-Skilled,515.93
1/03/2022,Waikato,Machinery Operators and Drivers,693.6
1/03/2022,Waikato,Managers,338.2
1/03/2022,Waikato,Manufacturing,669.77
1/03/2022,Waikato,Other,673.54
1/03/2022,Waikato,Primary,572.63
1/03/2022,Waikato,Professionals,271
1/03/2022,Waikato,Sales,267.58
1/03/2022,Waikato,Sales Workers,362.7
1/03/2022,Waikato,Semi-Skilled,705.94
1/03/2022,Waikato,Skilled,267.09
1/03/2022,Waikato,SkilledIndex,370.5
1/03/2022,Waikato,Technicians and Trades Workers,607.6
1/03/2022,Waikato,Unskilled,537.83
1/03/2022,Waikato,UnskilledIndex,522.4
1/03/2022,Wellington,Business services,237.32
1/03/2022,Wellington,Clerical and Administrative Workers,237
1/03/2022,Wellington,Community and Personal Service Workers,362.7
1/03/2022,Wellington,Construction,356.78
1/03/2022,Wellington,Education,170.76
1/03/2022,Wellington,Health care,383.63
1/03/2022,Wellington,Highly-Skilled,203.99
1/03/2022,Wellington,Hospitality,267.24
1/03/2022,Wellington,IT,105.26
1/03/2022,Wellington,Labourers,647.5
1/03/2022,Wellington,Low-Skilled,308.08
1/03/2022,Wellington,Machinery Operators and Drivers,607.9
1/03/2022,Wellington,Managers,180.2
1/03/2022,Wellington,Manufacturing,499.18
1/03/2022,Wellington,Other,456.39
1/03/2022,Wellington,Primary,388.06
1/03/2022,Wellington,Professionals,202.6
1/03/2022,Wellington,Sales,191.14
1/03/2022,Wellington,Sales Workers,266
1/03/2022,Wellington,Semi-Skilled,412.21
1/03/2022,Wellington,Skilled,209.49
1/03/2022,Wellington,SkilledIndex,217.5
1/03/2022,Wellington,Technicians and Trades Workers,316.1
1/03/2022,Wellington,Unskilled,361.03
1/03/2022,Wellington,UnskilledIndex,321.8
1/06/2022,Auckland,Business services,199.18
1/06/2022,Auckland,Clerical and Administrative Workers,227.2
1/06/2022,Auckland,Community and Personal Service Workers,426
1/06/2022,Auckland,Construction,390.1
1/06/2022,Auckland,Education,145.52
1/06/2022,Auckland,Health care,284.94
1/06/2022,Auckland,Highly-Skilled,195.46
1/06/2022,Auckland,Hospitality,397.14
1/06/2022,Auckland,IT,131.62
1/06/2022,Auckland,Labourers,776
1/06/2022,Auckland,Low-Skilled,313.58
1/06/2022,Auckland,Machinery Operators and Drivers,597.1
1/06/2022,Auckland,Managers,184.8
1/06/2022,Auckland,Manufacturing,396.51
1/06/2022,Auckland,Other,556.52
1/06/2022,Auckland,Primary,339.46
1/06/2022,Auckland,Professionals,188.4
1/06/2022,Auckland,Sales,200.42
1/06/2022,Auckland,Sales Workers,280.9
1/06/2022,Auckland,Semi-Skilled,450.71
1/06/2022,Auckland,Skilled,229.62
1/06/2022,Auckland,SkilledIndex,221.6
1/06/2022,Auckland,Technicians and Trades Workers,399.5
1/06/2022,Auckland,Unskilled,456.78
1/06/2022,Auckland,UnskilledIndex,343.5
1/06/2022,Bay of Plenty,Business services,595.47
1/06/2022,Bay of Plenty,Clerical and Administrative Workers,599.4
1/06/2022,Bay of Plenty,Community and Personal Service Workers,483.6
1/06/2022,Bay of Plenty,Construction,650
1/06/2022,Bay of Plenty,Education,143.28
1/06/2022,Bay of Plenty,Health care,742.53
1/06/2022,Bay of Plenty,Highly-Skilled,544.05
1/06/2022,Bay of Plenty,Hospitality,450.74
1/06/2022,Bay of Plenty,IT,367.47
1/06/2022,Bay of Plenty,Labourers,1017.3
1/06/2022,Bay of Plenty,Low-Skilled,579.49
1/06/2022,Bay of Plenty,Machinery Operators and Drivers,871.9
1/06/2022,Bay of Plenty,Managers,416.3
1/06/2022,Bay of Plenty,Manufacturing,845.99
1/06/2022,Bay of Plenty,Other,830.77
1/06/2022,Bay of Plenty,Primary,650
1/06/2022,Bay of Plenty,Professionals,431.2
1/06/2022,Bay of Plenty,Sales,356.49
1/06/2022,Bay of Plenty,Sales Workers,489.6
1/06/2022,Bay of Plenty,Semi-Skilled,682.32
1/06/2022,Bay of Plenty,Skilled,334.18
1/06/2022,Bay of Plenty,SkilledIndex,486.3
1/06/2022,Bay of Plenty,Technicians and Trades Workers,590.1
1/06/2022,Bay of Plenty,Unskilled,719
1/06/2022,Bay of Plenty,UnskilledIndex,620.1
1/06/2022,Canterbury,Business services,241.26
1/06/2022,Canterbury,Clerical and Administrative Workers,250.5
1/06/2022,Canterbury,Community and Personal Service Workers,324.2
1/06/2022,Canterbury,Construction,376.07
1/06/2022,Canterbury,Education,108.83
1/06/2022,Canterbury,Health care,379.01
1/06/2022,Canterbury,Highly-Skilled,253.34
1/06/2022,Canterbury,Hospitality,297.59
1/06/2022,Canterbury,IT,216.93
1/06/2022,Canterbury,Labourers,656.5
1/06/2022,Canterbury,Low-Skilled,362.02
1/06/2022,Canterbury,Machinery Operators and Drivers,637.7
1/06/2022,Canterbury,Managers,222.8
1/06/2022,Canterbury,Manufacturing,567.5
1/06/2022,Canterbury,Other,743.26
1/06/2022,Canterbury,Primary,379.01
1/06/2022,Canterbury,Professionals,226.9
1/06/2022,Canterbury,Sales,191.55
1/06/2022,Canterbury,Sales Workers,281
1/06/2022,Canterbury,Semi-Skilled,447.74
1/06/2022,Canterbury,Skilled,216.77
1/06/2022,Canterbury,SkilledIndex,267.2
1/06/2022,Canterbury,Technicians and Trades Workers,384.5
1/06/2022,Canterbury,Unskilled,390.07
1/06/2022,Canterbury,UnskilledIndex,370.2
1/06/2022,Gisborne/Hawkes Bay,Business services,638.3
1/06/2022,Gisborne/Hawkes Bay,Clerical and Administrative Workers,705.3
1/06/2022,Gisborne/Hawkes Bay,Community and Personal Service Workers,491.2
1/06/2022,Gisborne/Hawkes Bay,Construction,628.79
1/06/2022,Gisborne/Hawkes Bay,Education,115.92
1/06/2022,Gisborne/Hawkes Bay,Health care,477.43
1/06/2022,Gisborne/Hawkes Bay,Highly-Skilled,466.62
1/06/2022,Gisborne/Hawkes Bay,Hospitality,340
1/06/2022,Gisborne/Hawkes Bay,IT,540.74
1/06/2022,Gisborne/Hawkes Bay,Labourers,874.2
1/06/2022,Gisborne/Hawkes Bay,Low-Skilled,536.99
1/06/2022,Gisborne/Hawkes Bay,Machinery Operators and Drivers,868.1
1/06/2022,Gisborne/Hawkes Bay,Managers,466
1/06/2022,Gisborne/Hawkes Bay,Manufacturing,892.74
1/06/2022,Gisborne/Hawkes Bay,Other,821.05
1/06/2022,Gisborne/Hawkes Bay,Primary,576.19
1/06/2022,Gisborne/Hawkes Bay,Professionals,303.2
1/06/2022,Gisborne/Hawkes Bay,Sales,402.5
1/06/2022,Gisborne/Hawkes Bay,Sales Workers,410.3
1/06/2022,Gisborne/Hawkes Bay,Semi-Skilled,646.62
1/06/2022,Gisborne/Hawkes Bay,Skilled,306.66
1/06/2022,Gisborne/Hawkes Bay,SkilledIndex,434.9
1/06/2022,Gisborne/Hawkes Bay,Technicians and Trades Workers,554.9
1/06/2022,Gisborne/Hawkes Bay,Unskilled,728
1/06/2022,Gisborne/Hawkes Bay,UnskilledIndex,588.8
1/06/2022,Manawatu-Whanganui/Taranaki,Business services,422.47
1/06/2022,Manawatu-Whanganui/Taranaki,Clerical and Administrative Workers,452.5
1/06/2022,Manawatu-Whanganui/Taranaki,Community and Personal Service Workers,533.1
1/06/2022,Manawatu-Whanganui/Taranaki,Construction,444.19
1/06/2022,Manawatu-Whanganui/Taranaki,Education,131.44
1/06/2022,Manawatu-Whanganui/Taranaki,Health care,565.05
1/06/2022,Manawatu-Whanganui/Taranaki,Highly-Skilled,374.94
1/06/2022,Manawatu-Whanganui/Taranaki,Hospitality,515.79
1/06/2022,Manawatu-Whanganui/Taranaki,IT,251.76
1/06/2022,Manawatu-Whanganui/Taranaki,Labourers,1040.5
1/06/2022,Manawatu-Whanganui/Taranaki,Low-Skilled,533.08
1/06/2022,Manawatu-Whanganui/Taranaki,Machinery Operators and Drivers,702.9
1/06/2022,Manawatu-Whanganui/Taranaki,Managers,273.6
1/06/2022,Manawatu-Whanganui/Taranaki,Manufacturing,616.96
1/06/2022,Manawatu-Whanganui/Taranaki,Other,566.89
1/06/2022,Manawatu-Whanganui/Taranaki,Primary,425.71
1/06/2022,Manawatu-Whanganui/Taranaki,Professionals,289.3
1/06/2022,Manawatu-Whanganui/Taranaki,Sales,244.34
1/06/2022,Manawatu-Whanganui/Taranaki,Sales Workers,348.8
1/06/2022,Manawatu-Whanganui/Taranaki,Semi-Skilled,548.02
1/06/2022,Manawatu-Whanganui/Taranaki,Skilled,236.25
1/06/2022,Manawatu-Whanganui/Taranaki,SkilledIndex,341.1
1/06/2022,Manawatu-Whanganui/Taranaki,Technicians and Trades Workers,476
1/06/2022,Manawatu-Whanganui/Taranaki,Unskilled,593.27
1/06/2022,Manawatu-Whanganui/Taranaki,UnskilledIndex,550.1
1/06/2022,Northland,Business services,403.08
1/06/2022,Northland,Clerical and Administrative Workers,619
1/06/2022,Northland,Community and Personal Service Workers,656.2
1/06/2022,Northland,Construction,633.78
1/06/2022,Northland,Education,100.91
1/06/2022,Northland,Health care,448.3
1/06/2022,Northland,Highly-Skilled,421.73
1/06/2022,Northland,Hospitality,512.07
1/06/2022,Northland,IT,407.14
1/06/2022,Northland,Labourers,835.7
1/06/2022,Northland,Low-Skilled,589.91
1/06/2022,Northland,Machinery Operators and Drivers,893.3
1/06/2022,Northland,Managers,391.1
1/06/2022,Northland,Manufacturing,857.14
1/06/2022,Northland,Other,1376.47
1/06/2022,Northland,Primary,358.97
1/06/2022,Northland,Professionals,272.8
1/06/2022,Northland,Sales,406.15
1/06/2022,Northland,Sales Workers,412
1/06/2022,Northland,Semi-Skilled,503.26
1/06/2022,Northland,Skilled,257.67
1/06/2022,Northland,SkilledIndex,365.5
1/06/2022,Northland,Technicians and Trades Workers,546.8
1/06/2022,Northland,Unskilled,712.86
1/06/2022,Northland,UnskilledIndex,623.3
1/06/2022,Otago/Southland,Business services,421.58
1/06/2022,Otago/Southland,Clerical and Administrative Workers,587.8
1/06/2022,Otago/Southland,Community and Personal Service Workers,724.7
1/06/2022,Otago/Southland,Construction,723.43
1/06/2022,Otago/Southland,Education,103.15
1/06/2022,Otago/Southland,Health care,617.84
1/06/2022,Otago/Southland,Highly-Skilled,403.21
1/06/2022,Otago/Southland,Hospitality,653.25
1/06/2022,Otago/Southland,IT,273.12
1/06/2022,Otago/Southland,Labourers,1072.2
1/06/2022,Otago/Southland,Low-Skilled,626.37
1/06/2022,Otago/Southland,Machinery Operators and Drivers,800
1/06/2022,Otago/Southland,Managers,346.6
1/06/2022,Otago/Southland,Manufacturing,735.63
1/06/2022,Otago/Southland,Other,1053.57
1/06/2022,Otago/Southland,Primary,373.39
1/06/2022,Otago/Southland,Professionals,306.3
1/06/2022,Otago/Southland,Sales,310.66
1/06/2022,Otago/Southland,Sales Workers,410.4
1/06/2022,Otago/Southland,Semi-Skilled,694.12
1/06/2022,Otago/Southland,Skilled,328.81
1/06/2022,Otago/Southland,SkilledIndex,416
1/06/2022,Otago/Southland,Technicians and Trades Workers,608.7
1/06/2022,Otago/Southland,Unskilled,668.84
1/06/2022,Otago/Southland,UnskilledIndex,639.6
1/06/2022,Tasman/Nelson/Marlborough/West Coast,Business services,428.16
1/06/2022,Tasman/Nelson/Marlborough/West Coast,Clerical and Administrative Workers,472.8
1/06/2022,Tasman/Nelson/Marlborough/West Coast,Community and Personal Service Workers,472.9
1/06/2022,Tasman/Nelson/Marlborough/West Coast,Construction,626.27
1/06/2022,Tasman/Nelson/Marlborough/West Coast,Education,87.83
1/06/2022,Tasman/Nelson/Marlborough/West Coast,Health care,595.31
1/06/2022,Tasman/Nelson/Marlborough/West Coast,Highly-Skilled,372.79
1/06/2022,Tasman/Nelson/Marlborough/West Coast,Hospitality,320
1/06/2022,Tasman/Nelson/Marlborough/West Coast,IT,253.85
1/06/2022,Tasman/Nelson/Marlborough/West Coast,Labourers,839.9
1/06/2022,Tasman/Nelson/Marlborough/West Coast,Low-Skilled,490.9
1/06/2022,Tasman/Nelson/Marlborough/West Coast,Machinery Operators and Drivers,586.2
1/06/2022,Tasman/Nelson/Marlborough/West Coast,Managers,338.9
1/06/2022,Tasman/Nelson/Marlborough/West Coast,Manufacturing,871.74
1/06/2022,Tasman/Nelson/Marlborough/West Coast,Other,611.84
1/06/2022,Tasman/Nelson/Marlborough/West Coast,Primary,378.49
1/06/2022,Tasman/Nelson/Marlborough/West Coast,Professionals,249
1/06/2022,Tasman/Nelson/Marlborough/West Coast,Sales,266.52
1/06/2022,Tasman/Nelson/Marlborough/West Coast,Sales Workers,362.9
1/06/2022,Tasman/Nelson/Marlborough/West Coast,Semi-Skilled,661.86
1/06/2022,Tasman/Nelson/Marlborough/West Coast,Skilled,228.75
1/06/2022,Tasman/Nelson/Marlborough/West Coast,SkilledIndex,345.5
1/06/2022,Tasman/Nelson/Marlborough/West Coast,Technicians and Trades Workers,485
1/06/2022,Tasman/Nelson/Marlborough/West Coast,Unskilled,564.16
1/06/2022,Tasman/Nelson/Marlborough/West Coast,UnskilledIndex,512.8
1/06/2022,Totals,Auckland,250
1/06/2022,Totals,Bay of Plenty,527.19
1/06/2022,Totals,Business services,246.78
1/06/2022,Totals,Canterbury,300.55
1/06/2022,Totals,Clerical and Administrative Workers,285.7
1/06/2022,Totals,Community and Personal Service Workers,448.1
1/06/2022,Totals,Construction,439.39
1/06/2022,Totals,Education,132.64
1/06/2022,Totals,Gisborne/Hawkes Bay,479.66
1/06/2022,Totals,Health care,390.8
1/06/2022,Totals,Highly-Skilled,237.23
1/06/2022,Totals,Hospitality,396.13
1/06/2022,Totals,IT,136.64
1/06/2022,Totals,Labourers,808.4
1/06/2022,Totals,Low-Skilled,380.58
1/06/2022,Totals,Machinery Operators and Drivers,652
1/06/2022,Totals,Managers,212.6
1/06/2022,Totals,Manawatu-Whanganui/Taranaki,393.83
1/06/2022,Totals,Manufacturing,515.92
1/06/2022,Totals,Northland,437.55
1/06/2022,Totals,Otago/Southland,482.05
1/06/2022,Totals,Other,581.04
1/06/2022,Totals,Primary,413.65
1/06/2022,Totals,Professionals,224.5
1/06/2022,Totals,Sales,220.88
1/06/2022,Totals,Sales Workers,313.9
1/06/2022,Totals,Semi-Skilled,502.19
1/06/2022,Totals,Skilled,242.05
1/06/2022,Totals,SkilledIndex,262.3
1/06/2022,Totals,Tasman/Nelson/Marlborough/West Coast,399.9
1/06/2022,Totals,Technicians and Trades Workers,433.4
1/06/2022,Totals,TotalsIndex,298.88
1/06/2022,Totals,Unskilled,487.98
1/06/2022,Totals,UnskilledIndex,407.5
1/06/2022,Totals,Waikato,398.49
1/06/2022,Totals,Wellington,231.82
1/06/2022,Waikato,Business services,373.91
1/06/2022,Waikato,Clerical and Administrative Workers,439.3
1/06/2022,Waikato,Community and Personal Service Workers,488.5
1/06/2022,Waikato,Construction,550.07
1/06/2022,Waikato,Education,125.81
1/06/2022,Waikato,Health care,445.88
1/06/2022,Waikato,Highly-Skilled,339.17
1/06/2022,Waikato,Hospitality,410.27
1/06/2022,Waikato,IT,252.76
1/06/2022,Waikato,Labourers,936
1/06/2022,Waikato,Low-Skilled,532.78
1/06/2022,Waikato,Machinery Operators and Drivers,681.9
1/06/2022,Waikato,Managers,290.6
1/06/2022,Waikato,Manufacturing,636.66
1/06/2022,Waikato,Other,678.84
1/06/2022,Waikato,Primary,571.58
1/06/2022,Waikato,Professionals,274.1
1/06/2022,Waikato,Sales,254.85
1/06/2022,Waikato,Sales Workers,378.6
1/06/2022,Waikato,Semi-Skilled,617.49
1/06/2022,Waikato,Skilled,261.52
1/06/2022,Waikato,SkilledIndex,348.5
1/06/2022,Waikato,Technicians and Trades Workers,562.2
1/06/2022,Waikato,Unskilled,534.87
1/06/2022,Waikato,UnskilledIndex,533.4
1/06/2022,Wellington,Business services,229.42
1/06/2022,Wellington,Clerical and Administrative Workers,234.9
1/06/2022,Wellington,Community and Personal Service Workers,417.5
1/06/2022,Wellington,Construction,344.66
1/06/2022,Wellington,Education,163.45
1/06/2022,Wellington,Health care,368.85
1/06/2022,Wellington,Highly-Skilled,191.09
1/06/2022,Wellington,Hospitality,366.48
1/06/2022,Wellington,IT,102.51
1/06/2022,Wellington,Labourers,700.7
1/06/2022,Wellington,Low-Skilled,309.99
1/06/2022,Wellington,Machinery Operators and Drivers,542.6
1/06/2022,Wellington,Managers,165.5
1/06/2022,Wellington,Manufacturing,441.14
1/06/2022,Wellington,Other,393.41
1/06/2022,Wellington,Primary,335.82
1/06/2022,Wellington,Professionals,192.2
1/06/2022,Wellington,Sales,190.38
1/06/2022,Wellington,Sales Workers,266.8
1/06/2022,Wellington,Semi-Skilled,396.55
1/06/2022,Wellington,Skilled,215.64
1/06/2022,Wellington,SkilledIndex,208.4
1/06/2022,Wellington,Technicians and Trades Workers,310.2
1/06/2022,Wellington,Unskilled,380.65
1/06/2022,Wellington,UnskilledIndex,328.3
1/09/2022,Auckland,Business services,199.49
1/09/2022,Auckland,Clerical and Administrative Workers,230.5
1/09/2022,Auckland,Community and Personal Service Workers,416
1/09/2022,Auckland,Construction,395.37
1/09/2022,Auckland,Education,180.56
1/09/2022,Auckland,Health care,259.5
1/09/2022,Auckland,Highly-Skilled,189.63
1/09/2022,Auckland,Hospitality,432.73
1/09/2022,Auckland,IT,124.42
1/09/2022,Auckland,Labourers,787
1/09/2022,Auckland,Low-Skilled,331.64
1/09/2022,Auckland,Machinery Operators and Drivers,667.5
1/09/2022,Auckland,Managers,182.9
1/09/2022,Auckland,Manufacturing,425.16
1/09/2022,Auckland,Other,584.65
1/09/2022,Auckland,Primary,359.86
1/09/2022,Auckland,Professionals,191
1/09/2022,Auckland,Sales,202.76
1/09/2022,Auckland,Sales Workers,301.8
1/09/2022,Auckland,Semi-Skilled,445.96
1/09/2022,Auckland,Skilled,254.17
1/09/2022,Auckland,SkilledIndex,222.3
1/09/2022,Auckland,Technicians and Trades Workers,413.5
1/09/2022,Auckland,Unskilled,478.56
1/09/2022,Auckland,UnskilledIndex,362.3
1/09/2022,Bay of Plenty,Business services,598.11
1/09/2022,Bay of Plenty,Clerical and Administrative Workers,606.7
1/09/2022,Bay of Plenty,Community and Personal Service Workers,502.9
1/09/2022,Bay of Plenty,Construction,662.33
1/09/2022,Bay of Plenty,Education,180
1/09/2022,Bay of Plenty,Health care,822.47
1/09/2022,Bay of Plenty,Highly-Skilled,567.16
1/09/2022,Bay of Plenty,Hospitality,496.55
1/09/2022,Bay of Plenty,IT,349.4
1/09/2022,Bay of Plenty,Labourers,990.8
1/09/2022,Bay of Plenty,Low-Skilled,605.16
1/09/2022,Bay of Plenty,Machinery Operators and Drivers,884.4
1/09/2022,Bay of Plenty,Managers,417.8
1/09/2022,Bay of Plenty,Manufacturing,772.73
1/09/2022,Bay of Plenty,Other,889.42
1/09/2022,Bay of Plenty,Primary,704.55
1/09/2022,Bay of Plenty,Professionals,466.8
1/09/2022,Bay of Plenty,Sales,366.22
1/09/2022,Bay of Plenty,Sales Workers,519.7
1/09/2022,Bay of Plenty,Semi-Skilled,695.96
1/09/2022,Bay of Plenty,Skilled,367.09
1/09/2022,Bay of Plenty,SkilledIndex,511.6
1/09/2022,Bay of Plenty,Technicians and Trades Workers,614.2
1/09/2022,Bay of Plenty,Unskilled,689.2
1/09/2022,Bay of Plenty,UnskilledIndex,629.6
1/09/2022,Canterbury,Business services,245.65
1/09/2022,Canterbury,Clerical and Administrative Workers,263.1
1/09/2022,Canterbury,Community and Personal Service Workers,342.4
1/09/2022,Canterbury,Construction,399.8
1/09/2022,Canterbury,Education,180.21
1/09/2022,Canterbury,Health care,400.99
1/09/2022,Canterbury,Highly-Skilled,263.88
1/09/2022,Canterbury,Hospitality,336.84
1/09/2022,Canterbury,IT,214.29
1/09/2022,Canterbury,Labourers,716.8
1/09/2022,Canterbury,Low-Skilled,408.5
1/09/2022,Canterbury,Machinery Operators and Drivers,737.4
1/09/2022,Canterbury,Managers,236.3
1/09/2022,Canterbury,Manufacturing,660.04
1/09/2022,Canterbury,Other,844.19
1/09/2022,Canterbury,Primary,436.42
1/09/2022,Canterbury,Professionals,251.5
1/09/2022,Canterbury,Sales,216.12
1/09/2022,Canterbury,Sales Workers,336
1/09/2022,Canterbury,Semi-Skilled,481.87
1/09/2022,Canterbury,Skilled,254.64
1/09/2022,Canterbury,SkilledIndex,288.9
1/09/2022,Canterbury,Technicians and Trades Workers,427.2
1/09/2022,Canterbury,Unskilled,443.07
1/09/2022,Canterbury,UnskilledIndex,418.6
1/09/2022,Gisborne/Hawkes Bay,Business services,638.3
1/09/2022,Gisborne/Hawkes Bay,Clerical and Administrative Workers,761.1
1/09/2022,Gisborne/Hawkes Bay,Community and Personal Service Workers,519.9
1/09/2022,Gisborne/Hawkes Bay,Construction,602.27
1/09/2022,Gisborne/Hawkes Bay,Education,143.27
1/09/2022,Gisborne/Hawkes Bay,Health care,490.27
1/09/2022,Gisborne/Hawkes Bay,Highly-Skilled,475.12
1/09/2022,Gisborne/Hawkes Bay,Hospitality,452
1/09/2022,Gisborne/Hawkes Bay,IT,466.67
1/09/2022,Gisborne/Hawkes Bay,Labourers,921.7
1/09/2022,Gisborne/Hawkes Bay,Low-Skilled,589.97
1/09/2022,Gisborne/Hawkes Bay,Machinery Operators and Drivers,892.8
1/09/2022,Gisborne/Hawkes Bay,Managers,491.9
1/09/2022,Gisborne/Hawkes Bay,Manufacturing,889.52
1/09/2022,Gisborne/Hawkes Bay,Other,889.47
1/09/2022,Gisborne/Hawkes Bay,Primary,638.1
1/09/2022,Gisborne/Hawkes Bay,Professionals,320.6
1/09/2022,Gisborne/Hawkes Bay,Sales,402
1/09/2022,Gisborne/Hawkes Bay,Sales Workers,430.2
1/09/2022,Gisborne/Hawkes Bay,Semi-Skilled,644.59
1/09/2022,Gisborne/Hawkes Bay,Skilled,332.65
1/09/2022,Gisborne/Hawkes Bay,SkilledIndex,448.3
1/09/2022,Gisborne/Hawkes Bay,Technicians and Trades Workers,559.2
1/09/2022,Gisborne/Hawkes Bay,Unskilled,742.4
1/09/2022,Gisborne/Hawkes Bay,UnskilledIndex,631.3
1/09/2022,Manawatu-Whanganui/Taranaki,Business services,464.79
1/09/2022,Manawatu-Whanganui/Taranaki,Clerical and Administrative Workers,479.2
1/09/2022,Manawatu-Whanganui/Taranaki,Community and Personal Service Workers,614
1/09/2022,Manawatu-Whanganui/Taranaki,Construction,465.33
1/09/2022,Manawatu-Whanganui/Taranaki,Education,193.5
1/09/2022,Manawatu-Whanganui/Taranaki,Health care,600.42
1/09/2022,Manawatu-Whanganui/Taranaki,Highly-Skilled,404.79
1/09/2022,Manawatu-Whanganui/Taranaki,Hospitality,491.73
1/09/2022,Manawatu-Whanganui/Taranaki,IT,301.18
1/09/2022,Manawatu-Whanganui/Taranaki,Labourers,1095.2
1/09/2022,Manawatu-Whanganui/Taranaki,Low-Skilled,579.45
1/09/2022,Manawatu-Whanganui/Taranaki,Machinery Operators and Drivers,772.1
1/09/2022,Manawatu-Whanganui/Taranaki,Managers,309.9
1/09/2022,Manawatu-Whanganui/Taranaki,Manufacturing,643.48
1/09/2022,Manawatu-Whanganui/Taranaki,Other,667.55
1/09/2022,Manawatu-Whanganui/Taranaki,Primary,518.57
1/09/2022,Manawatu-Whanganui/Taranaki,Professionals,324.5
1/09/2022,Manawatu-Whanganui/Taranaki,Sales,279.04
1/09/2022,Manawatu-Whanganui/Taranaki,Sales Workers,416.9
1/09/2022,Manawatu-Whanganui/Taranaki,Semi-Skilled,583.98
1/09/2022,Manawatu-Whanganui/Taranaki,Skilled,285.7
1/09/2022,Manawatu-Whanganui/Taranaki,SkilledIndex,379.3
1/09/2022,Manawatu-Whanganui/Taranaki,Technicians and Trades Workers,502.6
1/09/2022,Manawatu-Whanganui/Taranaki,Unskilled,655.1
1/09/2022,Manawatu-Whanganui/Taranaki,UnskilledIndex,600.9
1/09/2022,Northland,Business services,386.15
1/09/2022,Northland,Clerical and Administrative Workers,601.9
1/09/2022,Northland,Community and Personal Service Workers,717.7
1/09/2022,Northland,Construction,687.16
1/09/2022,Northland,Education,133.33
1/09/2022,Northland,Health care,505.09
1/09/2022,Northland,Highly-Skilled,467.03
1/09/2022,Northland,Hospitality,674.14
1/09/2022,Northland,IT,314.29
1/09/2022,Northland,Labourers,750
1/09/2022,Northland,Low-Skilled,597.36
1/09/2022,Northland,Machinery Operators and Drivers,966.7
1/09/2022,Northland,Managers,472.3
1/09/2022,Northland,Manufacturing,780.36
1/09/2022,Northland,Other,1441.18
1/09/2022,Northland,Primary,358.97
1/09/2022,Northland,Professionals,309.7
1/09/2022,Northland,Sales,421.54
1/09/2022,Northland,Sales Workers,395.7
1/09/2022,Northland,Semi-Skilled,571.74
1/09/2022,Northland,Skilled,300.45
1/09/2022,Northland,SkilledIndex,412.7
1/09/2022,Northland,Technicians and Trades Workers,631
1/09/2022,Northland,Unskilled,700
1/09/2022,Northland,UnskilledIndex,625.2
1/09/2022,Otago/Southland,Business services,458.22
1/09/2022,Otago/Southland,Clerical and Administrative Workers,641.8
1/09/2022,Otago/Southland,Community and Personal Service Workers,890.3
1/09/2022,Otago/Southland,Construction,816.88
1/09/2022,Otago/Southland,Education,149.21
1/09/2022,Otago/Southland,Health care,613.46
1/09/2022,Otago/Southland,Highly-Skilled,416.52
1/09/2022,Otago/Southland,Hospitality,834.15
1/09/2022,Otago/Southland,IT,241.94
1/09/2022,Otago/Southland,Labourers,1232
1/09/2022,Otago/Southland,Low-Skilled,767.93
1/09/2022,Otago/Southland,Machinery Operators and Drivers,1025.7
1/09/2022,Otago/Southland,Managers,372.9
1/09/2022,Otago/Southland,Manufacturing,901.25
1/09/2022,Otago/Southland,Other,1333.33
1/09/2022,Otago/Southland,Primary,411.93
1/09/2022,Otago/Southland,Professionals,334.6
1/09/2022,Otago/Southland,Sales,374.38
1/09/2022,Otago/Southland,Sales Workers,531.5
1/09/2022,Otago/Southland,Semi-Skilled,803.92
1/09/2022,Otago/Southland,Skilled,395.54
1/09/2022,Otago/Southland,SkilledIndex,461.4
1/09/2022,Otago/Southland,Technicians and Trades Workers,704.6
1/09/2022,Otago/Southland,Unskilled,807.44
1/09/2022,Otago/Southland,UnskilledIndex,780.3
1/09/2022,Tasman/Nelson/Marlborough/West Coast,Business services,379.31
1/09/2022,Tasman/Nelson/Marlborough/West Coast,Clerical and Administrative Workers,448.6
1/09/2022,Tasman/Nelson/Marlborough/West Coast,Community and Personal Service Workers,555.1
1/09/2022,Tasman/Nelson/Marlborough/West Coast,Construction,635.59
1/09/2022,Tasman/Nelson/Marlborough/West Coast,Education,131.74
1/09/2022,Tasman/Nelson/Marlborough/West Coast,Health care,594.19
1/09/2022,Tasman/Nelson/Marlborough/West Coast,Highly-Skilled,357.17
1/09/2022,Tasman/Nelson/Marlborough/West Coast,Hospitality,397.42
1/09/2022,Tasman/Nelson/Marlborough/West Coast,IT,307.69
1/09/2022,Tasman/Nelson/Marlborough/West Coast,Labourers,914.2
1/09/2022,Tasman/Nelson/Marlborough/West Coast,Low-Skilled,527.35
1/09/2022,Tasman/Nelson/Marlborough/West Coast,Machinery Operators and Drivers,605.8
1/09/2022,Tasman/Nelson/Marlborough/West Coast,Managers,308
1/09/2022,Tasman/Nelson/Marlborough/West Coast,Manufacturing,914.13
1/09/2022,Tasman/Nelson/Marlborough/West Coast,Other,680.26
1/09/2022,Tasman/Nelson/Marlborough/West Coast,Primary,429.03
1/09/2022,Tasman/Nelson/Marlborough/West Coast,Professionals,262.7
1/09/2022,Tasman/Nelson/Marlborough/West Coast,Sales,277.68
1/09/2022,Tasman/Nelson/Marlborough/West Coast,Sales Workers,430.2
1/09/2022,Tasman/Nelson/Marlborough/West Coast,Semi-Skilled,653.39
1/09/2022,Tasman/Nelson/Marlborough/West Coast,Skilled,262.2
1/09/2022,Tasman/Nelson/Marlborough/West Coast,SkilledIndex,351.6
1/09/2022,Tasman/Nelson/Marlborough/West Coast,Technicians and Trades Workers,504.2
1/09/2022,Tasman/Nelson/Marlborough/West Coast,Unskilled,644.54
1/09/2022,Tasman/Nelson/Marlborough/West Coast,UnskilledIndex,562.3
1/09/2022,Totals,Auckland,254.72
1/09/2022,Totals,Bay of Plenty,546.14
1/09/2022,Totals,Business services,249.49
1/09/2022,Totals,Canterbury,332.13
1/09/2022,Totals,Clerical and Administrative Workers,295.5
1/09/2022,Totals,Community and Personal Service Workers,469.4
1/09/2022,Totals,Construction,449.79
1/09/2022,Totals,Education,174.92
1/09/2022,Totals,Gisborne/Hawkes Bay,494.69
1/09/2022,Totals,Health care,389.6
1/09/2022,Totals,Highly-Skilled,236.67
1/09/2022,Totals,Hospitality,445.51
1/09/2022,Totals,IT,131.47
1/09/2022,Totals,Labourers,840
1/09/2022,Totals,Low-Skilled,409.19
1/09/2022,Totals,Machinery Operators and Drivers,714.7
1/09/2022,Totals,Managers,216.2
1/09/2022,Totals,Manawatu-Whanganui/Taranaki,432.31
1/09/2022,Totals,Manufacturing,548.27
1/09/2022,Totals,Northland,469.24
1/09/2022,Totals,Otago/Southland,559.45
1/09/2022,Totals,Other,646.73
1/09/2022,Totals,Primary,450.61
1/09/2022,Totals,Professionals,234.3
1/09/2022,Totals,Sales,231.57
1/09/2022,Totals,Sales Workers,350.1
1/09/2022,Totals,Semi-Skilled,513.74
1/09/2022,Totals,Skilled,274.74
1/09/2022,Totals,SkilledIndex,271.3
1/09/2022,Totals,Tasman/Nelson/Marlborough/West Coast,421.17
1/09/2022,Totals,Technicians and Trades Workers,456
1/09/2022,Totals,TotalsIndex,313.42
1/09/2022,Totals,Unskilled,523.6
1/09/2022,Totals,UnskilledIndex,437.8
1/09/2022,Totals,Waikato,403.01
1/09/2022,Totals,Wellington,239.15
1/09/2022,Waikato,Business services,360.11
1/09/2022,Waikato,Clerical and Administrative Workers,452.7
1/09/2022,Waikato,Community and Personal Service Workers,513.4
1/09/2022,Waikato,Construction,537.55
1/09/2022,Waikato,Education,175.05
1/09/2022,Waikato,Health care,385.03
1/09/2022,Waikato,Highly-Skilled,311.89
1/09/2022,Waikato,Hospitality,461.16
1/09/2022,Waikato,IT,248.24
1/09/2022,Waikato,Labourers,957.4
1/09/2022,Waikato,Low-Skilled,556.07
1/09/2022,Waikato,Machinery Operators and Drivers,697.1
1/09/2022,Waikato,Managers,303.5
1/09/2022,Waikato,Manufacturing,669.77
1/09/2022,Waikato,Other,716.4
1/09/2022,Waikato,Primary,555.79
1/09/2022,Waikato,Professionals,260.7
1/09/2022,Waikato,Sales,267.73
1/09/2022,Waikato,Sales Workers,401.3
1/09/2022,Waikato,Semi-Skilled,619.8
1/09/2022,Waikato,Skilled,298.74
1/09/2022,Waikato,SkilledIndex,345.5
1/09/2022,Waikato,Technicians and Trades Workers,570.4
1/09/2022,Waikato,Unskilled,557.24
1/09/2022,Waikato,UnskilledIndex,556.4
1/09/2022,Wellington,Business services,238.29
1/09/2022,Wellington,Clerical and Administrative Workers,250.7
1/09/2022,Wellington,Community and Personal Service Workers,421.4
1/09/2022,Wellington,Construction,339.59
1/09/2022,Wellington,Education,191.37
1/09/2022,Wellington,Health care,361.65
1/09/2022,Wellington,Highly-Skilled,190.84
1/09/2022,Wellington,Hospitality,386.1
1/09/2022,Wellington,IT,100.03
1/09/2022,Wellington,Labourers,711
1/09/2022,Wellington,Low-Skilled,317.03
1/09/2022,Wellington,Machinery Operators and Drivers,529.5
1/09/2022,Wellington,Managers,163.9
1/09/2022,Wellington,Manufacturing,427.79
1/09/2022,Wellington,Other,462.98
1/09/2022,Wellington,Primary,347.76
1/09/2022,Wellington,Professionals,198.9
1/09/2022,Wellington,Sales,195.41
1/09/2022,Wellington,Sales Workers,304.4
1/09/2022,Wellington,Semi-Skilled,380.48
1/09/2022,Wellington,Skilled,242.77
1/09/2022,Wellington,SkilledIndex,212.9
1/09/2022,Wellington,Technicians and Trades Workers,308
1/09/2022,Wellington,Unskilled,414.6
1/09/2022,Wellington,UnskilledIndex,342.3
1/12/2022,Auckland,Business services,146.57
1/12/2022,Auckland,Clerical and Administrative Workers,165
1/12/2022,Auckland,Community and Personal Service Workers,326.8
1/12/2022,Auckland,Construction,291.46
1/12/2022,Auckland,Education,177.35
1/12/2022,Auckland,Health care,213.82
1/12/2022,Auckland,Highly-Skilled,147.2
1/12/2022,Auckland,Hospitality,333.86
1/12/2022,Auckland,IT,90.83
1/12/2022,Auckland,Labourers,568.5
1/12/2022,Auckland,Low-Skilled,244.9
1/12/2022,Auckland,Machinery Operators and Drivers,519.9
1/12/2022,Auckland,Managers,147
1/12/2022,Auckland,Manufacturing,345.15
1/12/2022,Auckland,Other,388.99
1/12/2022,Auckland,Primary,272.79
1/12/2022,Auckland,Professionals,148.2
1/12/2022,Auckland,Sales,150.58
1/12/2022,Auckland,Sales Workers,221.8
1/12/2022,Auckland,Semi-Skilled,329.01
1/12/2022,Auckland,Skilled,199.9
1/12/2022,Auckland,SkilledIndex,171.9
1/12/2022,Auckland,Technicians and Trades Workers,309.3
1/12/2022,Auckland,Unskilled,358.26
1/12/2022,Auckland,UnskilledIndex,268.6
1/12/2022,Bay of Plenty,Business services,425.28
1/12/2022,Bay of Plenty,Clerical and Administrative Workers,445.6
1/12/2022,Bay of Plenty,Community and Personal Service Workers,413.2
1/12/2022,Bay of Plenty,Construction,526.71
1/12/2022,Bay of Plenty,Education,182.95
1/12/2022,Bay of Plenty,Health care,634.57
1/12/2022,Bay of Plenty,Highly-Skilled,463.24
1/12/2022,Bay of Plenty,Hospitality,406.4
1/12/2022,Bay of Plenty,IT,301.2
1/12/2022,Bay of Plenty,Labourers,766.3
1/12/2022,Bay of Plenty,Low-Skilled,451.36
1/12/2022,Bay of Plenty,Machinery Operators and Drivers,684.4
1/12/2022,Bay of Plenty,Managers,364.3
1/12/2022,Bay of Plenty,Manufacturing,657.75
1/12/2022,Bay of Plenty,Other,730.77
1/12/2022,Bay of Plenty,Primary,634.09
1/12/2022,Bay of Plenty,Professionals,386.3
1/12/2022,Bay of Plenty,Sales,273.24
1/12/2022,Bay of Plenty,Sales Workers,378.1
1/12/2022,Bay of Plenty,Semi-Skilled,575.25
1/12/2022,Bay of Plenty,Skilled,311.2
1/12/2022,Bay of Plenty,SkilledIndex,423.1
1/12/2022,Bay of Plenty,Technicians and Trades Workers,497.1
1/12/2022,Bay of Plenty,Unskilled,539.25
1/12/2022,Bay of Plenty,UnskilledIndex,476.9
1/12/2022,Canterbury,Business services,190.82
1/12/2022,Canterbury,Clerical and Administrative Workers,196.9
1/12/2022,Canterbury,Community and Personal Service Workers,289.6
1/12/2022,Canterbury,Construction,304.69
1/12/2022,Canterbury,Education,167.73
1/12/2022,Canterbury,Health care,350.53
1/12/2022,Canterbury,Highly-Skilled,219.79
1/12/2022,Canterbury,Hospitality,250.08
1/12/2022,Canterbury,IT,176.09
1/12/2022,Canterbury,Labourers,522.6
1/12/2022,Canterbury,Low-Skilled,299.42
1/12/2022,Canterbury,Machinery Operators and Drivers,579
1/12/2022,Canterbury,Managers,198.1
1/12/2022,Canterbury,Manufacturing,509.95
1/12/2022,Canterbury,Other,626.51
1/12/2022,Canterbury,Primary,302.47
1/12/2022,Canterbury,Professionals,210.3
1/12/2022,Canterbury,Sales,171.63
1/12/2022,Canterbury,Sales Workers,244.3
1/12/2022,Canterbury,Semi-Skilled,360.98
1/12/2022,Canterbury,Skilled,214.97
1/12/2022,Canterbury,SkilledIndex,236.3
1/12/2022,Canterbury,Technicians and Trades Workers,321.2
1/12/2022,Canterbury,Unskilled,341.31
1/12/2022,Canterbury,UnskilledIndex,311.7
1/12/2022,Gisborne/Hawkes Bay,Business services,499.29
1/12/2022,Gisborne/Hawkes Bay,Clerical and Administrative Workers,590.3
1/12/2022,Gisborne/Hawkes Bay,Community and Personal Service Workers,411
1/12/2022,Gisborne/Hawkes Bay,Construction,494.7
1/12/2022,Gisborne/Hawkes Bay,Education,189.8
1/12/2022,Gisborne/Hawkes Bay,Health care,433.13
1/12/2022,Gisborne/Hawkes Bay,Highly-Skilled,431.95
1/12/2022,Gisborne/Hawkes Bay,Hospitality,375.2
1/12/2022,Gisborne/Hawkes Bay,IT,344.44
1/12/2022,Gisborne/Hawkes Bay,Labourers,720.3
1/12/2022,Gisborne/Hawkes Bay,Low-Skilled,475.37
1/12/2022,Gisborne/Hawkes Bay,Machinery Operators and Drivers,743.5
1/12/2022,Gisborne/Hawkes Bay,Managers,439.5
1/12/2022,Gisborne/Hawkes Bay,Manufacturing,717.74
1/12/2022,Gisborne/Hawkes Bay,Other,680.26
1/12/2022,Gisborne/Hawkes Bay,Primary,569.84
1/12/2022,Gisborne/Hawkes Bay,Professionals,312.6
1/12/2022,Gisborne/Hawkes Bay,Sales,331
1/12/2022,Gisborne/Hawkes Bay,Sales Workers,359.5
1/12/2022,Gisborne/Hawkes Bay,Semi-Skilled,478.38
1/12/2022,Gisborne/Hawkes Bay,Skilled,287.65
1/12/2022,Gisborne/Hawkes Bay,SkilledIndex,385.5
1/12/2022,Gisborne/Hawkes Bay,Technicians and Trades Workers,431.2
1/12/2022,Gisborne/Hawkes Bay,Unskilled,644.8
1/12/2022,Gisborne/Hawkes Bay,UnskilledIndex,521.3
1/12/2022,Manawatu-Whanganui/Taranaki,Business services,376.03
1/12/2022,Manawatu-Whanganui/Taranaki,Clerical and Administrative Workers,398.5
1/12/2022,Manawatu-Whanganui/Taranaki,Community and Personal Service Workers,514.5
1/12/2022,Manawatu-Whanganui/Taranaki,Construction,405.71
1/12/2022,Manawatu-Whanganui/Taranaki,Education,186.18
1/12/2022,Manawatu-Whanganui/Taranaki,Health care,519.93
1/12/2022,Manawatu-Whanganui/Taranaki,Highly-Skilled,352.53
1/12/2022,Manawatu-Whanganui/Taranaki,Hospitality,422.56
1/12/2022,Manawatu-Whanganui/Taranaki,IT,236.47
1/12/2022,Manawatu-Whanganui/Taranaki,Labourers,854.8
1/12/2022,Manawatu-Whanganui/Taranaki,Low-Skilled,460.36
1/12/2022,Manawatu-Whanganui/Taranaki,Machinery Operators and Drivers,554.8
1/12/2022,Manawatu-Whanganui/Taranaki,Managers,242.8
1/12/2022,Manawatu-Whanganui/Taranaki,Manufacturing,483.48
1/12/2022,Manawatu-Whanganui/Taranaki,Other,560.26
1/12/2022,Manawatu-Whanganui/Taranaki,Primary,385.71
1/12/2022,Manawatu-Whanganui/Taranaki,Professionals,300.9
1/12/2022,Manawatu-Whanganui/Taranaki,Sales,215.18
1/12/2022,Manawatu-Whanganui/Taranaki,Sales Workers,295
1/12/2022,Manawatu-Whanganui/Taranaki,Semi-Skilled,504.46
1/12/2022,Manawatu-Whanganui/Taranaki,Skilled,240.52
1/12/2022,Manawatu-Whanganui/Taranaki,SkilledIndex,326.6
1/12/2022,Manawatu-Whanganui/Taranaki,Technicians and Trades Workers,434.6
1/12/2022,Manawatu-Whanganui/Taranaki,Unskilled,521.31
1/12/2022,Manawatu-Whanganui/Taranaki,UnskilledIndex,477.6
1/12/2022,Northland,Business services,330.77
1/12/2022,Northland,Clerical and Administrative Workers,477
1/12/2022,Northland,Community and Personal Service Workers,617.1
1/12/2022,Northland,Construction,547.3
1/12/2022,Northland,Education,171.23
1/12/2022,Northland,Health care,443.14
1/12/2022,Northland,Highly-Skilled,400.8
1/12/2022,Northland,Hospitality,486.21
1/12/2022,Northland,IT,335.71
1/12/2022,Northland,Labourers,576.2
1/12/2022,Northland,Low-Skilled,499.04
1/12/2022,Northland,Machinery Operators and Drivers,746.7
1/12/2022,Northland,Managers,353.5
1/12/2022,Northland,Manufacturing,644.64
1/12/2022,Northland,Other,994.12
1/12/2022,Northland,Primary,315.38
1/12/2022,Northland,Professionals,297.1
1/12/2022,Northland,Sales,343.08
1/12/2022,Northland,Sales Workers,331.5
1/12/2022,Northland,Semi-Skilled,485.87
1/12/2022,Northland,Skilled,269.37
1/12/2022,Northland,SkilledIndex,358.2
1/12/2022,Northland,Technicians and Trades Workers,524.6
1/12/2022,Northland,Unskilled,558.57
1/12/2022,Northland,UnskilledIndex,515.2
1/12/2022,Otago/Southland,Business services,388.01
1/12/2022,Otago/Southland,Clerical and Administrative Workers,529.1
1/12/2022,Otago/Southland,Community and Personal Service Workers,689
1/12/2022,Otago/Southland,Construction,647.86
1/12/2022,Otago/Southland,Education,184.54
1/12/2022,Otago/Southland,Health care,548.65
1/12/2022,Otago/Southland,Highly-Skilled,380.89
1/12/2022,Otago/Southland,Hospitality,622.36
1/12/2022,Otago/Southland,IT,232.26
1/12/2022,Otago/Southland,Labourers,1012.4
1/12/2022,Otago/Southland,Low-Skilled,605.91
1/12/2022,Otago/Southland,Machinery Operators and Drivers,783.2
1/12/2022,Otago/Southland,Managers,355.7
1/12/2022,Otago/Southland,Manufacturing,813.75
1/12/2022,Otago/Southland,Other,953.57
1/12/2022,Otago/Southland,Primary,296.33
1/12/2022,Otago/Southland,Professionals,306.1
1/12/2022,Otago/Southland,Sales,313.38
1/12/2022,Otago/Southland,Sales Workers,440.5
1/12/2022,Otago/Southland,Semi-Skilled,598.53
1/12/2022,Otago/Southland,Skilled,328.81
1/12/2022,Otago/Southland,SkilledIndex,391.7
1/12/2022,Otago/Southland,Technicians and Trades Workers,524.3
1/12/2022,Otago/Southland,Unskilled,674.42
1/12/2022,Otago/Southland,UnskilledIndex,627.3
1/12/2022,Tasman/Nelson/Marlborough/West Coast,Business services,314.37
1/12/2022,Tasman/Nelson/Marlborough/West Coast,Clerical and Administrative Workers,407.6
1/12/2022,Tasman/Nelson/Marlborough/West Coast,Community and Personal Service Workers,461.5
1/12/2022,Tasman/Nelson/Marlborough/West Coast,Construction,506.36
1/12/2022,Tasman/Nelson/Marlborough/West Coast,Education,150.43
1/12/2022,Tasman/Nelson/Marlborough/West Coast,Health care,540.12
1/12/2022,Tasman/Nelson/Marlborough/West Coast,Highly-Skilled,317.89
1/12/2022,Tasman/Nelson/Marlborough/West Coast,Hospitality,348.39
1/12/2022,Tasman/Nelson/Marlborough/West Coast,IT,211.54
1/12/2022,Tasman/Nelson/Marlborough/West Coast,Labourers,812.5
1/12/2022,Tasman/Nelson/Marlborough/West Coast,Low-Skilled,446.85
1/12/2022,Tasman/Nelson/Marlborough/West Coast,Machinery Operators and Drivers,493
1/12/2022,Tasman/Nelson/Marlborough/West Coast,Managers,253.9
1/12/2022,Tasman/Nelson/Marlborough/West Coast,Manufacturing,798.91
1/12/2022,Tasman/Nelson/Marlborough/West Coast,Other,560.53
1/12/2022,Tasman/Nelson/Marlborough/West Coast,Primary,386.02
1/12/2022,Tasman/Nelson/Marlborough/West Coast,Professionals,246.1
1/12/2022,Tasman/Nelson/Marlborough/West Coast,Sales,246.88
1/12/2022,Tasman/Nelson/Marlborough/West Coast,Sales Workers,321.6
1/12/2022,Tasman/Nelson/Marlborough/West Coast,Semi-Skilled,478.81
1/12/2022,Tasman/Nelson/Marlborough/West Coast,Skilled,241.85
1/12/2022,Tasman/Nelson/Marlborough/West Coast,SkilledIndex,304.5
1/12/2022,Tasman/Nelson/Marlborough/West Coast,Technicians and Trades Workers,409.3
1/12/2022,Tasman/Nelson/Marlborough/West Coast,Unskilled,543.32
1/12/2022,Tasman/Nelson/Marlborough/West Coast,UnskilledIndex,475.7
1/12/2022,Totals,Auckland,194.24
1/12/2022,Totals,Bay of Plenty,436.73
1/12/2022,Totals,Business services,187.79
1/12/2022,Totals,Canterbury,260.77
1/12/2022,Totals,Clerical and Administrative Workers,218.4
1/12/2022,Totals,Community and Personal Service Workers,381.3
1/12/2022,Totals,Construction,346.68
1/12/2022,Totals,Education,181.28
1/12/2022,Totals,Gisborne/Hawkes Bay,418.25
1/12/2022,Totals,Health care,333.84
1/12/2022,Totals,Highly-Skilled,192.02
1/12/2022,Totals,Hospitality,347.67
1/12/2022,Totals,IT,98.37
1/12/2022,Totals,Labourers,626
1/12/2022,Totals,Low-Skilled,309.02
1/12/2022,Totals,Machinery Operators and Drivers,557.6
1/12/2022,Totals,Managers,177.7
1/12/2022,Totals,Manawatu-Whanganui/Taranaki,360.3
1/12/2022,Totals,Manufacturing,443.31
1/12/2022,Totals,Northland,395.33
1/12/2022,Totals,Otago/Southland,463.59
1/12/2022,Totals,Other,467.71
1/12/2022,Totals,Primary,355.38
1/12/2022,Totals,Professionals,194.5
1/12/2022,Totals,Sales,177.38
1/12/2022,Totals,Sales Workers,262.8
1/12/2022,Totals,Semi-Skilled,391.11
1/12/2022,Totals,Skilled,227.5
1/12/2022,Totals,SkilledIndex,219
1/12/2022,Totals,Tasman/Nelson/Marlborough/West Coast,365.08
1/12/2022,Totals,Technicians and Trades Workers,351.8
1/12/2022,Totals,TotalsIndex,247.5
1/12/2022,Totals,Unskilled,406.8
1/12/2022,Totals,UnskilledIndex,333.5
1/12/2022,Totals,Waikato,322.17
1/12/2022,Totals,Wellington,184.09
1/12/2022,Waikato,Business services,259.55
1/12/2022,Waikato,Clerical and Administrative Workers,319
1/12/2022,Waikato,Community and Personal Service Workers,437.3
1/12/2022,Waikato,Construction,410.97
1/12/2022,Waikato,Education,204.95
1/12/2022,Waikato,Health care,330.17
1/12/2022,Waikato,Highly-Skilled,262.72
1/12/2022,Waikato,Hospitality,374.11
1/12/2022,Waikato,IT,181.91
1/12/2022,Waikato,Labourers,676.5
1/12/2022,Waikato,Low-Skilled,405.51
1/12/2022,Waikato,Machinery Operators and Drivers,526.9
1/12/2022,Waikato,Managers,250.9
1/12/2022,Waikato,Manufacturing,531.83
1/12/2022,Waikato,Other,524.87
1/12/2022,Waikato,Primary,393.68
1/12/2022,Waikato,Professionals,234.3
1/12/2022,Waikato,Sales,223.18
1/12/2022,Waikato,Sales Workers,333.1
1/12/2022,Waikato,Semi-Skilled,472.61
1/12/2022,Waikato,Skilled,258.99
1/12/2022,Waikato,SkilledIndex,287.3
1/12/2022,Waikato,Technicians and Trades Workers,432.8
1/12/2022,Waikato,Unskilled,459.21
1/12/2022,Waikato,UnskilledIndex,421.3
1/12/2022,Wellington,Business services,177.81
1/12/2022,Wellington,Clerical and Administrative Workers,175.6
1/12/2022,Wellington,Community and Personal Service Workers,345
1/12/2022,Wellington,Construction,264.5
1/12/2022,Wellington,Education,188.74
1/12/2022,Wellington,Health care,312.24
1/12/2022,Wellington,Highly-Skilled,148.03
1/12/2022,Wellington,Hospitality,305.14
1/12/2022,Wellington,IT,72.36
1/12/2022,Wellington,Labourers,492.5
1/12/2022,Wellington,Low-Skilled,240.45
1/12/2022,Wellington,Machinery Operators and Drivers,437.4
1/12/2022,Wellington,Managers,130.8
1/12/2022,Wellington,Manufacturing,335.15
1/12/2022,Wellington,Other,326.75
1/12/2022,Wellington,Primary,334.33
1/12/2022,Wellington,Professionals,157.3
1/12/2022,Wellington,Sales,136.52
1/12/2022,Wellington,Sales Workers,213.8
1/12/2022,Wellington,Semi-Skilled,288.53
1/12/2022,Wellington,Skilled,199.37
1/12/2022,Wellington,SkilledIndex,167.1
1/12/2022,Wellington,Technicians and Trades Workers,247.9
1/12/2022,Wellington,Unskilled,297.39
1/12/2022,Wellington,UnskilledIndex,255.2
1/03/2023,Auckland,Business services,169.31
1/03/2023,Auckland,Clerical and Administrative Workers,185.9
1/03/2023,Auckland,Community and Personal Service Workers,361.9
1/03/2023,Auckland,Construction,318.95
1/03/2023,Auckland,Education,164
1/03/2023,Auckland,Health care,238.95
1/03/2023,Auckland,Highly-Skilled,156.3
1/03/2023,Auckland,Hospitality,337.62
1/03/2023,Auckland,IT,86.18
1/03/2023,Auckland,Labourers,626.4
1/03/2023,Auckland,Low-Skilled,270.02
1/03/2023,Auckland,Machinery Operators and Drivers,569.2
1/03/2023,Auckland,Managers,149.1
1/03/2023,Auckland,Manufacturing,347.06
1/03/2023,Auckland,Other,446.88
1/03/2023,Auckland,Primary,324.49
1/03/2023,Auckland,Professionals,155.4
1/03/2023,Auckland,Sales,162.2
1/03/2023,Auckland,Sales Workers,242.5
1/03/2023,Auckland,Semi-Skilled,379.08
1/03/2023,Auckland,Skilled,197.78
1/03/2023,Auckland,SkilledIndex,181.6
1/03/2023,Auckland,Technicians and Trades Workers,326.2
1/03/2023,Auckland,Unskilled,380.51
1/03/2023,Auckland,UnskilledIndex,293.1
1/03/2023,Bay of Plenty,Business services,492.83
1/03/2023,Bay of Plenty,Clerical and Administrative Workers,510.1
1/03/2023,Bay of Plenty,Community and Personal Service Workers,439
1/03/2023,Bay of Plenty,Construction,548.17
1/03/2023,Bay of Plenty,Education,144.59
1/03/2023,Bay of Plenty,Health care,641.99
1/03/2023,Bay of Plenty,Highly-Skilled,459.7
1/03/2023,Bay of Plenty,Hospitality,449.75
1/03/2023,Bay of Plenty,IT,232.53
1/03/2023,Bay of Plenty,Labourers,821.4
1/03/2023,Bay of Plenty,Low-Skilled,527.56
1/03/2023,Bay of Plenty,Machinery Operators and Drivers,832.3
1/03/2023,Bay of Plenty,Managers,353
1/03/2023,Bay of Plenty,Manufacturing,708.56
1/03/2023,Bay of Plenty,Other,776.92
1/03/2023,Bay of Plenty,Primary,804.55
1/03/2023,Bay of Plenty,Professionals,376.8
1/03/2023,Bay of Plenty,Sales,317.03
1/03/2023,Bay of Plenty,Sales Workers,445.4
1/03/2023,Bay of Plenty,Semi-Skilled,643.94
1/03/2023,Bay of Plenty,Skilled,306.92
1/03/2023,Bay of Plenty,SkilledIndex,429.5
1/03/2023,Bay of Plenty,Technicians and Trades Workers,533.4
1/03/2023,Bay of Plenty,Unskilled,575.88
1/03/2023,Bay of Plenty,UnskilledIndex,541.6
1/03/2023,Canterbury,Business services,238.55
1/03/2023,Canterbury,Clerical and Administrative Workers,242.4
1/03/2023,Canterbury,Community and Personal Service Workers,339.9
1/03/2023,Canterbury,Construction,342.83
1/03/2023,Canterbury,Education,139.27
1/03/2023,Canterbury,Health care,417.34
1/03/2023,Canterbury,Highly-Skilled,237.9
1/03/2023,Canterbury,Hospitality,278.95
1/03/2023,Canterbury,IT,176.09
1/03/2023,Canterbury,Labourers,604.4
1/03/2023,Canterbury,Low-Skilled,360.99
1/03/2023,Canterbury,Machinery Operators and Drivers,663
1/03/2023,Canterbury,Managers,204.5
1/03/2023,Canterbury,Manufacturing,560.04
1/03/2023,Canterbury,Other,670.23
1/03/2023,Canterbury,Primary,351.85
1/03/2023,Canterbury,Professionals,220
1/03/2023,Canterbury,Sales,195.5
1/03/2023,Canterbury,Sales Workers,300.3
1/03/2023,Canterbury,Semi-Skilled,421.17
1/03/2023,Canterbury,Skilled,215.33
1/03/2023,Canterbury,SkilledIndex,254.5
1/03/2023,Canterbury,Technicians and Trades Workers,353.8
1/03/2023,Canterbury,Unskilled,386.57
1/03/2023,Canterbury,UnskilledIndex,368.5
1/03/2023,Gisborne/Hawkes Bay,Business services,525.53
1/03/2023,Gisborne/Hawkes Bay,Clerical and Administrative Workers,583.2
1/03/2023,Gisborne/Hawkes Bay,Community and Personal Service Workers,455.1
1/03/2023,Gisborne/Hawkes Bay,Construction,516.29
1/03/2023,Gisborne/Hawkes Bay,Education,131.84
1/03/2023,Gisborne/Hawkes Bay,Health care,425.26
1/03/2023,Gisborne/Hawkes Bay,Highly-Skilled,404.69
1/03/2023,Gisborne/Hawkes Bay,Hospitality,383.2
1/03/2023,Gisborne/Hawkes Bay,IT,270.37
1/03/2023,Gisborne/Hawkes Bay,Labourers,717.8
1/03/2023,Gisborne/Hawkes Bay,Low-Skilled,497.7
1/03/2023,Gisborne/Hawkes Bay,Machinery Operators and Drivers,821.7
1/03/2023,Gisborne/Hawkes Bay,Managers,449.7
1/03/2023,Gisborne/Hawkes Bay,Manufacturing,716.94
1/03/2023,Gisborne/Hawkes Bay,Other,689.47
1/03/2023,Gisborne/Hawkes Bay,Primary,526.98
1/03/2023,Gisborne/Hawkes Bay,Professionals,265.3
1/03/2023,Gisborne/Hawkes Bay,Sales,372.5
1/03/2023,Gisborne/Hawkes Bay,Sales Workers,417.5
1/03/2023,Gisborne/Hawkes Bay,Semi-Skilled,486.49
1/03/2023,Gisborne/Hawkes Bay,Skilled,268.64
1/03/2023,Gisborne/Hawkes Bay,SkilledIndex,366.8
1/03/2023,Gisborne/Hawkes Bay,Technicians and Trades Workers,428.6
1/03/2023,Gisborne/Hawkes Bay,Unskilled,672
1/03/2023,Gisborne/Hawkes Bay,UnskilledIndex,545
1/03/2023,Manawatu-Whanganui/Taranaki,Business services,416.85
1/03/2023,Manawatu-Whanganui/Taranaki,Clerical and Administrative Workers,388.2
1/03/2023,Manawatu-Whanganui/Taranaki,Community and Personal Service Workers,522.1
1/03/2023,Manawatu-Whanganui/Taranaki,Construction,381.9
1/03/2023,Manawatu-Whanganui/Taranaki,Education,134.96
1/03/2023,Manawatu-Whanganui/Taranaki,Health care,501.43
1/03/2023,Manawatu-Whanganui/Taranaki,Highly-Skilled,335.47
1/03/2023,Manawatu-Whanganui/Taranaki,Hospitality,449.62
1/03/2023,Manawatu-Whanganui/Taranaki,IT,180
1/03/2023,Manawatu-Whanganui/Taranaki,Labourers,942.9
1/03/2023,Manawatu-Whanganui/Taranaki,Low-Skilled,516.64
1/03/2023,Manawatu-Whanganui/Taranaki,Machinery Operators and Drivers,731.7
1/03/2023,Manawatu-Whanganui/Taranaki,Managers,244
1/03/2023,Manawatu-Whanganui/Taranaki,Manufacturing,542.61
1/03/2023,Manawatu-Whanganui/Taranaki,Other,531.13
1/03/2023,Manawatu-Whanganui/Taranaki,Primary,472.86
1/03/2023,Manawatu-Whanganui/Taranaki,Professionals,258.9
1/03/2023,Manawatu-Whanganui/Taranaki,Sales,227.47
1/03/2023,Manawatu-Whanganui/Taranaki,Sales Workers,337.4
1/03/2023,Manawatu-Whanganui/Taranaki,Semi-Skilled,484.71
1/03/2023,Manawatu-Whanganui/Taranaki,Skilled,204.5
1/03/2023,Manawatu-Whanganui/Taranaki,SkilledIndex,301.8
1/03/2023,Manawatu-Whanganui/Taranaki,Technicians and Trades Workers,412.7
1/03/2023,Manawatu-Whanganui/Taranaki,Unskilled,545.29
1/03/2023,Manawatu-Whanganui/Taranaki,UnskilledIndex,524.8
1/03/2023,Northland,Business services,326.15
1/03/2023,Northland,Clerical and Administrative Workers,480.4
1/03/2023,Northland,Community and Personal Service Workers,599.1
1/03/2023,Northland,Construction,574.32
1/03/2023,Northland,Education,135.62
1/03/2023,Northland,Health care,436.69
1/03/2023,Northland,Highly-Skilled,413.99
1/03/2023,Northland,Hospitality,510.34
1/03/2023,Northland,IT,385.71
1/03/2023,Northland,Labourers,726.2
1/03/2023,Northland,Low-Skilled,502.22
1/03/2023,Northland,Machinery Operators and Drivers,810
1/03/2023,Northland,Managers,394.1
1/03/2023,Northland,Manufacturing,676.79
1/03/2023,Northland,Other,1117.65
1/03/2023,Northland,Primary,305.13
1/03/2023,Northland,Professionals,279.2
1/03/2023,Northland,Sales,309.23
1/03/2023,Northland,Sales Workers,302.2
1/03/2023,Northland,Semi-Skilled,459.78
1/03/2023,Northland,Skilled,240.63
1/03/2023,Northland,SkilledIndex,349.6
1/03/2023,Northland,Technicians and Trades Workers,479.4
1/03/2023,Northland,Unskilled,567.14
1/03/2023,Northland,UnskilledIndex,519.8
1/03/2023,Otago/Southland,Business services,424.66
1/03/2023,Otago/Southland,Clerical and Administrative Workers,569.5
1/03/2023,Otago/Southland,Community and Personal Service Workers,742.2
1/03/2023,Otago/Southland,Construction,673.3
1/03/2023,Otago/Southland,Education,151.1
1/03/2023,Otago/Southland,Health care,586.31
1/03/2023,Otago/Southland,Highly-Skilled,390.68
1/03/2023,Otago/Southland,Hospitality,608.13
1/03/2023,Otago/Southland,IT,265.59
1/03/2023,Otago/Southland,Labourers,1114.4
1/03/2023,Otago/Southland,Low-Skilled,637.97
1/03/2023,Otago/Southland,Machinery Operators and Drivers,809.9
1/03/2023,Otago/Southland,Managers,353.6
1/03/2023,Otago/Southland,Manufacturing,764.38
1/03/2023,Otago/Southland,Other,1002.38
1/03/2023,Otago/Southland,Primary,341.28
1/03/2023,Otago/Southland,Professionals,299.8
1/03/2023,Otago/Southland,Sales,329.25
1/03/2023,Otago/Southland,Sales Workers,441.9
1/03/2023,Otago/Southland,Semi-Skilled,642.16
1/03/2023,Otago/Southland,Skilled,336.25
1/03/2023,Otago/Southland,SkilledIndex,405.3
1/03/2023,Otago/Southland,Technicians and Trades Workers,563.9
1/03/2023,Otago/Southland,Unskilled,685.12
1/03/2023,Otago/Southland,UnskilledIndex,652.7
1/03/2023,Tasman/Nelson/Marlborough/West Coast,Business services,366.09
1/03/2023,Tasman/Nelson/Marlborough/West Coast,Clerical and Administrative Workers,476.5
1/03/2023,Tasman/Nelson/Marlborough/West Coast,Community and Personal Service Workers,520.9
1/03/2023,Tasman/Nelson/Marlborough/West Coast,Construction,533.47
1/03/2023,Tasman/Nelson/Marlborough/West Coast,Education,128.7
1/03/2023,Tasman/Nelson/Marlborough/West Coast,Health care,607.14
1/03/2023,Tasman/Nelson/Marlborough/West Coast,Highly-Skilled,346.75
1/03/2023,Tasman/Nelson/Marlborough/West Coast,Hospitality,303.23
1/03/2023,Tasman/Nelson/Marlborough/West Coast,IT,215.38
1/03/2023,Tasman/Nelson/Marlborough/West Coast,Labourers,764.2
1/03/2023,Tasman/Nelson/Marlborough/West Coast,Low-Skilled,505.16
1/03/2023,Tasman/Nelson/Marlborough/West Coast,Machinery Operators and Drivers,555.5
1/03/2023,Tasman/Nelson/Marlborough/West Coast,Managers,267.7
1/03/2023,Tasman/Nelson/Marlborough/West Coast,Manufacturing,893.48
1/03/2023,Tasman/Nelson/Marlborough/West Coast,Other,636.84
1/03/2023,Tasman/Nelson/Marlborough/West Coast,Primary,354.84
1/03/2023,Tasman/Nelson/Marlborough/West Coast,Professionals,251
1/03/2023,Tasman/Nelson/Marlborough/West Coast,Sales,270.54
1/03/2023,Tasman/Nelson/Marlborough/West Coast,Sales Workers,391.4
1/03/2023,Tasman/Nelson/Marlborough/West Coast,Semi-Skilled,553.39
1/03/2023,Tasman/Nelson/Marlborough/West Coast,Skilled,233.66
1/03/2023,Tasman/Nelson/Marlborough/West Coast,SkilledIndex,322.9
1/03/2023,Tasman/Nelson/Marlborough/West Coast,Technicians and Trades Workers,406.5
1/03/2023,Tasman/Nelson/Marlborough/West Coast,Unskilled,500.15
1/03/2023,Tasman/Nelson/Marlborough/West Coast,UnskilledIndex,503.7
1/03/2023,Totals,Auckland,207.5
1/03/2023,Totals,Bay of Plenty,462.57
1/03/2023,Totals,Business services,219.33
1/03/2023,Totals,Canterbury,291.35
1/03/2023,Totals,Clerical and Administrative Workers,248.6
1/03/2023,Totals,Community and Personal Service Workers,424.2
1/03/2023,Totals,Construction,372.6
1/03/2023,Totals,Education,153.73
1/03/2023,Totals,Gisborne/Hawkes Bay,417.35
1/03/2023,Totals,Health care,358.7
1/03/2023,Totals,Highly-Skilled,203.26
1/03/2023,Totals,Hospitality,360.7
1/03/2023,Totals,IT,98.38
1/03/2023,Totals,Labourers,697.2
1/03/2023,Totals,Low-Skilled,347.09
1/03/2023,Totals,Machinery Operators and Drivers,625.6
1/03/2023,Totals,Managers,184.1
1/03/2023,Totals,Manawatu-Whanganui/Taranaki,357.59
1/03/2023,Totals,Manufacturing,464.4
1/03/2023,Totals,Northland,392.91
1/03/2023,Totals,Otago/Southland,474.62
1/03/2023,Totals,Other,513.7
1/03/2023,Totals,Primary,400.67
1/03/2023,Totals,Professionals,197.7
1/03/2023,Totals,Sales,194.55
1/03/2023,Totals,Sales Workers,292.1
1/03/2023,Totals,Semi-Skilled,435.55
1/03/2023,Totals,Skilled,223.7
1/03/2023,Totals,SkilledIndex,229.4
1/03/2023,Totals,Tasman/Nelson/Marlborough/West Coast,385.71
1/03/2023,Totals,Technicians and Trades Workers,368.9
1/03/2023,Totals,TotalsIndex,264.56
1/03/2023,Totals,Unskilled,434.36
1/03/2023,Totals,UnskilledIndex,368.9
1/03/2023,Totals,Waikato,341.6
1/03/2023,Totals,Wellington,209.08
1/03/2023,Waikato,Business services,307.18
1/03/2023,Waikato,Clerical and Administrative Workers,375.2
1/03/2023,Waikato,Community and Personal Service Workers,515.2
1/03/2023,Waikato,Construction,431.65
1/03/2023,Waikato,Education,166.02
1/03/2023,Waikato,Health care,379.8
1/03/2023,Waikato,Highly-Skilled,276.18
1/03/2023,Waikato,Hospitality,376.34
1/03/2023,Waikato,IT,170.35
1/03/2023,Waikato,Labourers,783.8
1/03/2023,Waikato,Low-Skilled,455.1
1/03/2023,Waikato,Machinery Operators and Drivers,561.4
1/03/2023,Waikato,Managers,266.7
1/03/2023,Waikato,Manufacturing,570.42
1/03/2023,Waikato,Other,550.26
1/03/2023,Waikato,Primary,493.68
1/03/2023,Waikato,Professionals,230.5
1/03/2023,Waikato,Sales,235.15
1/03/2023,Waikato,Sales Workers,331.5
1/03/2023,Waikato,Semi-Skilled,504.62
1/03/2023,Waikato,Skilled,260.51
1/03/2023,Waikato,SkilledIndex,299.2
1/03/2023,Waikato,Technicians and Trades Workers,443.2
1/03/2023,Waikato,Unskilled,462.83
1/03/2023,Waikato,UnskilledIndex,457.4
1/03/2023,Wellington,Business services,217.42
1/03/2023,Wellington,Clerical and Administrative Workers,216
1/03/2023,Wellington,Community and Personal Service Workers,396.7
1/03/2023,Wellington,Construction,296.9
1/03/2023,Wellington,Education,167.54
1/03/2023,Wellington,Health care,329.74
1/03/2023,Wellington,Highly-Skilled,167.82
1/03/2023,Wellington,Hospitality,340.95
1/03/2023,Wellington,IT,83.01
1/03/2023,Wellington,Labourers,603.2
1/03/2023,Wellington,Low-Skilled,282.89
1/03/2023,Wellington,Machinery Operators and Drivers,505.3
1/03/2023,Wellington,Managers,146.6
1/03/2023,Wellington,Manufacturing,388.28
1/03/2023,Wellington,Other,379.18
1/03/2023,Wellington,Primary,382.09
1/03/2023,Wellington,Professionals,170.8
1/03/2023,Wellington,Sales,163.86
1/03/2023,Wellington,Sales Workers,250.5
1/03/2023,Wellington,Semi-Skilled,338.92
1/03/2023,Wellington,Skilled,204.2
1/03/2023,Wellington,SkilledIndex,185.5
1/03/2023,Wellington,Technicians and Trades Workers,269.2
1/03/2023,Wellington,Unskilled,353.01
1/03/2023,Wellington,UnskilledIndex,301.1
1/06/2023,Auckland,Business services,162.17
1/06/2023,Auckland,Clerical and Administrative Workers,169.3
1/06/2023,Auckland,Community and Personal Service Workers,286.6
1/06/2023,Auckland,Construction,284.53
1/06/2023,Auckland,Education,160.23
1/06/2023,Auckland,Health care,237.62
1/06/2023,Auckland,Highly-Skilled,147.43
1/06/2023,Auckland,Hospitality,230.17
1/06/2023,Auckland,IT,80.22
1/06/2023,Auckland,Labourers,501.6
1/06/2023,Auckland,Low-Skilled,230.92
1/06/2023,Auckland,Machinery Operators and Drivers,478.9
1/06/2023,Auckland,Managers,138.5
1/06/2023,Auckland,Manufacturing,282.01
1/06/2023,Auckland,Other,392.66
1/06/2023,Auckland,Primary,289.12
1/06/2023,Auckland,Professionals,150.7
1/06/2023,Auckland,Sales,151.14
1/06/2023,Auckland,Sales Workers,225.7
1/06/2023,Auckland,Semi-Skilled,329.01
1/06/2023,Auckland,Skilled,183.82
1/06/2023,Auckland,SkilledIndex,168.6
1/06/2023,Auckland,Technicians and Trades Workers,276
1/06/2023,Auckland,Unskilled,326.43
1/06/2023,Auckland,UnskilledIndex,250.9
1/06/2023,Bay of Plenty,Business services,467.55
1/06/2023,Bay of Plenty,Clerical and Administrative Workers,444.8
1/06/2023,Bay of Plenty,Community and Personal Service Workers,332.9
1/06/2023,Bay of Plenty,Construction,471
1/06/2023,Bay of Plenty,Education,142.3
1/06/2023,Bay of Plenty,Health care,655.17
1/06/2023,Bay of Plenty,Highly-Skilled,444.4
1/06/2023,Bay of Plenty,Hospitality,280.3
1/06/2023,Bay of Plenty,IT,181.93
1/06/2023,Bay of Plenty,Labourers,612.2
1/06/2023,Bay of Plenty,Low-Skilled,424.49
1/06/2023,Bay of Plenty,Machinery Operators and Drivers,685.4
1/06/2023,Bay of Plenty,Managers,316.5
1/06/2023,Bay of Plenty,Manufacturing,535.29
1/06/2023,Bay of Plenty,Other,725
1/06/2023,Bay of Plenty,Primary,693.18
1/06/2023,Bay of Plenty,Professionals,374.3
1/06/2023,Bay of Plenty,Sales,273.24
1/06/2023,Bay of Plenty,Sales Workers,384.2
1/06/2023,Bay of Plenty,Semi-Skilled,543.94
1/06/2023,Bay of Plenty,Skilled,266.99
1/06/2023,Bay of Plenty,SkilledIndex,393.1
1/06/2023,Bay of Plenty,Technicians and Trades Workers,434.4
1/06/2023,Bay of Plenty,Unskilled,452.79
1/06/2023,Bay of Plenty,UnskilledIndex,432.7
1/06/2023,Canterbury,Business services,221.95
1/06/2023,Canterbury,Clerical and Administrative Workers,212.9
1/06/2023,Canterbury,Community and Personal Service Workers,257.4
1/06/2023,Canterbury,Construction,293.32
1/06/2023,Canterbury,Education,138.51
1/06/2023,Canterbury,Health care,356.69
1/06/2023,Canterbury,Highly-Skilled,216.26
1/06/2023,Canterbury,Hospitality,183.31
1/06/2023,Canterbury,IT,154.04
1/06/2023,Canterbury,Labourers,460
1/06/2023,Canterbury,Low-Skilled,281.48
1/06/2023,Canterbury,Machinery Operators and Drivers,503.2
1/06/2023,Canterbury,Managers,179.4
1/06/2023,Canterbury,Manufacturing,417.05
1/06/2023,Canterbury,Other,559.07
1/06/2023,Canterbury,Primary,305.56
1/06/2023,Canterbury,Professionals,205.5
1/06/2023,Canterbury,Sales,161.71
1/06/2023,Canterbury,Sales Workers,235.8
1/06/2023,Canterbury,Semi-Skilled,351.06
1/06/2023,Canterbury,Skilled,188.55
1/06/2023,Canterbury,SkilledIndex,225.2
1/06/2023,Canterbury,Technicians and Trades Workers,289.6
1/06/2023,Canterbury,Unskilled,298.98
1/06/2023,Canterbury,UnskilledIndex,286.6
1/06/2023,Gisborne/Hawkes Bay,Business services,553.9
1/06/2023,Gisborne/Hawkes Bay,Clerical and Administrative Workers,614.2
1/06/2023,Gisborne/Hawkes Bay,Community and Personal Service Workers,416.2
1/06/2023,Gisborne/Hawkes Bay,Construction,562.5
1/06/2023,Gisborne/Hawkes Bay,Education,126.94
1/06/2023,Gisborne/Hawkes Bay,Health care,472.46
1/06/2023,Gisborne/Hawkes Bay,Highly-Skilled,427.59
1/06/2023,Gisborne/Hawkes Bay,Hospitality,294.4
1/06/2023,Gisborne/Hawkes Bay,IT,188.89
1/06/2023,Gisborne/Hawkes Bay,Labourers,714.1
1/06/2023,Gisborne/Hawkes Bay,Low-Skilled,471.5
1/06/2023,Gisborne/Hawkes Bay,Machinery Operators and Drivers,792.8
1/06/2023,Gisborne/Hawkes Bay,Managers,423.8
1/06/2023,Gisborne/Hawkes Bay,Manufacturing,647.58
1/06/2023,Gisborne/Hawkes Bay,Other,706.58
1/06/2023,Gisborne/Hawkes Bay,Primary,479.37
1/06/2023,Gisborne/Hawkes Bay,Professionals,287.7
1/06/2023,Gisborne/Hawkes Bay,Sales,356.5
1/06/2023,Gisborne/Hawkes Bay,Sales Workers,408.7
1/06/2023,Gisborne/Hawkes Bay,Semi-Skilled,537.16
1/06/2023,Gisborne/Hawkes Bay,Skilled,268.36
1/06/2023,Gisborne/Hawkes Bay,SkilledIndex,385.3
1/06/2023,Gisborne/Hawkes Bay,Technicians and Trades Workers,437.6
1/06/2023,Gisborne/Hawkes Bay,Unskilled,641.6
1/06/2023,Gisborne/Hawkes Bay,UnskilledIndex,517.6
1/06/2023,Manawatu-Whanganui/Taranaki,Business services,356.93
1/06/2023,Manawatu-Whanganui/Taranaki,Clerical and Administrative Workers,371.5
1/06/2023,Manawatu-Whanganui/Taranaki,Community and Personal Service Workers,449.4
1/06/2023,Manawatu-Whanganui/Taranaki,Construction,334.29
1/06/2023,Manawatu-Whanganui/Taranaki,Education,136.86
1/06/2023,Manawatu-Whanganui/Taranaki,Health care,493.32
1/06/2023,Manawatu-Whanganui/Taranaki,Highly-Skilled,305.75
1/06/2023,Manawatu-Whanganui/Taranaki,Hospitality,353.38
1/06/2023,Manawatu-Whanganui/Taranaki,IT,161.18
1/06/2023,Manawatu-Whanganui/Taranaki,Labourers,759.5
1/06/2023,Manawatu-Whanganui/Taranaki,Low-Skilled,438.23
1/06/2023,Manawatu-Whanganui/Taranaki,Machinery Operators and Drivers,567.3
1/06/2023,Manawatu-Whanganui/Taranaki,Managers,205.7
1/06/2023,Manawatu-Whanganui/Taranaki,Manufacturing,446.52
1/06/2023,Manawatu-Whanganui/Taranaki,Other,461.59
1/06/2023,Manawatu-Whanganui/Taranaki,Primary,420
1/06/2023,Manawatu-Whanganui/Taranaki,Professionals,248.5
1/06/2023,Manawatu-Whanganui/Taranaki,Sales,201.45
1/06/2023,Manawatu-Whanganui/Taranaki,Sales Workers,287.6
1/06/2023,Manawatu-Whanganui/Taranaki,Semi-Skilled,432.04
1/06/2023,Manawatu-Whanganui/Taranaki,Skilled,196.87
1/06/2023,Manawatu-Whanganui/Taranaki,SkilledIndex,278
1/06/2023,Manawatu-Whanganui/Taranaki,Technicians and Trades Workers,375.3
1/06/2023,Manawatu-Whanganui/Taranaki,Unskilled,457.34
1/06/2023,Manawatu-Whanganui/Taranaki,UnskilledIndex,443.6
1/06/2023,Northland,Business services,358.46
1/06/2023,Northland,Clerical and Administrative Workers,488.4
1/06/2023,Northland,Community and Personal Service Workers,570.6
1/06/2023,Northland,Construction,545.27
1/06/2023,Northland,Education,142.47
1/06/2023,Northland,Health care,427.22
1/06/2023,Northland,Highly-Skilled,395.93
1/06/2023,Northland,Hospitality,317.24
1/06/2023,Northland,IT,300
1/06/2023,Northland,Labourers,559.5
1/06/2023,Northland,Low-Skilled,491.06
1/06/2023,Northland,Machinery Operators and Drivers,800
1/06/2023,Northland,Managers,357.4
1/06/2023,Northland,Manufacturing,587.5
1/06/2023,Northland,Other,1038.24
1/06/2023,Northland,Primary,297.44
1/06/2023,Northland,Professionals,276.8
1/06/2023,Northland,Sales,297.69
1/06/2023,Northland,Sales Workers,290.2
1/06/2023,Northland,Semi-Skilled,444.57
1/06/2023,Northland,Skilled,222.25
1/06/2023,Northland,SkilledIndex,331.8
1/06/2023,Northland,Technicians and Trades Workers,438.9
1/06/2023,Northland,Unskilled,507.14
1/06/2023,Northland,UnskilledIndex,495.4
1/06/2023,Otago/Southland,Business services,381.16
1/06/2023,Otago/Southland,Clerical and Administrative Workers,469
1/06/2023,Otago/Southland,Community and Personal Service Workers,613.6
1/06/2023,Otago/Southland,Construction,576.32
1/06/2023,Otago/Southland,Education,146.06
1/06/2023,Otago/Southland,Health care,594.63
1/06/2023,Otago/Southland,Highly-Skilled,357.78
1/06/2023,Otago/Southland,Hospitality,380.49
1/06/2023,Otago/Southland,IT,258.06
1/06/2023,Otago/Southland,Labourers,801
1/06/2023,Otago/Southland,Low-Skilled,501.05
1/06/2023,Otago/Southland,Machinery Operators and Drivers,644.6
1/06/2023,Otago/Southland,Managers,288.8
1/06/2023,Otago/Southland,Manufacturing,582.5
1/06/2023,Otago/Southland,Other,844.05
1/06/2023,Otago/Southland,Primary,303.67
1/06/2023,Otago/Southland,Professionals,283.8
1/06/2023,Otago/Southland,Sales,258.96
1/06/2023,Otago/Southland,Sales Workers,353.6
1/06/2023,Otago/Southland,Semi-Skilled,557.84
1/06/2023,Otago/Southland,Skilled,266.17
1/06/2023,Otago/Southland,SkilledIndex,352.2
1/06/2023,Otago/Southland,Technicians and Trades Workers,458.1
1/06/2023,Otago/Southland,Unskilled,532.56
1/06/2023,Otago/Southland,UnskilledIndex,510.9
1/06/2023,Tasman/Nelson/Marlborough/West Coast,Business services,354.6
1/06/2023,Tasman/Nelson/Marlborough/West Coast,Clerical and Administrative Workers,432.5
1/06/2023,Tasman/Nelson/Marlborough/West Coast,Community and Personal Service Workers,413.5
1/06/2023,Tasman/Nelson/Marlborough/West Coast,Construction,461.44
1/06/2023,Tasman/Nelson/Marlborough/West Coast,Education,122.61
1/06/2023,Tasman/Nelson/Marlborough/West Coast,Health care,566.03
1/06/2023,Tasman/Nelson/Marlborough/West Coast,Highly-Skilled,327
1/06/2023,Tasman/Nelson/Marlborough/West Coast,Hospitality,232.9
1/06/2023,Tasman/Nelson/Marlborough/West Coast,IT,253.85
1/06/2023,Tasman/Nelson/Marlborough/West Coast,Labourers,636.4
1/06/2023,Tasman/Nelson/Marlborough/West Coast,Low-Skilled,393.29
1/06/2023,Tasman/Nelson/Marlborough/West Coast,Machinery Operators and Drivers,392.4
1/06/2023,Tasman/Nelson/Marlborough/West Coast,Managers,255
1/06/2023,Tasman/Nelson/Marlborough/West Coast,Manufacturing,671.74
1/06/2023,Tasman/Nelson/Marlborough/West Coast,Other,572.37
1/06/2023,Tasman/Nelson/Marlborough/West Coast,Primary,324.73
1/06/2023,Tasman/Nelson/Marlborough/West Coast,Professionals,241.8
1/06/2023,Tasman/Nelson/Marlborough/West Coast,Sales,208.48
1/06/2023,Tasman/Nelson/Marlborough/West Coast,Sales Workers,307.8
1/06/2023,Tasman/Nelson/Marlborough/West Coast,Semi-Skilled,494.07
1/06/2023,Tasman/Nelson/Marlborough/West Coast,Skilled,209.1
1/06/2023,Tasman/Nelson/Marlborough/West Coast,SkilledIndex,296.5
1/06/2023,Tasman/Nelson/Marlborough/West Coast,Technicians and Trades Workers,361.2
1/06/2023,Tasman/Nelson/Marlborough/West Coast,Unskilled,441.35
1/06/2023,Tasman/Nelson/Marlborough/West Coast,UnskilledIndex,407.6
1/06/2023,Totals,Auckland,186.65
1/06/2023,Totals,Bay of Plenty,402.71
1/06/2023,Totals,Business services,207.33
1/06/2023,Totals,Canterbury,243.45
1/06/2023,Totals,Clerical and Administrative Workers,224.9
1/06/2023,Totals,Community and Personal Service Workers,341.6
1/06/2023,Totals,Construction,330.43
1/06/2023,Totals,Education,147.88
1/06/2023,Totals,Gisborne/Hawkes Bay,417.03
1/06/2023,Totals,Health care,349.42
1/06/2023,Totals,Highly-Skilled,191.6
1/06/2023,Totals,Hospitality,247.56
1/06/2023,Totals,IT,89.82
1/06/2023,Totals,Labourers,555.6
1/06/2023,Totals,Low-Skilled,291.42
1/06/2023,Totals,Machinery Operators and Drivers,518.9
1/06/2023,Totals,Managers,166
1/06/2023,Totals,Manawatu-Whanganui/Taranaki,317.21
1/06/2023,Totals,Manufacturing,371.72
1/06/2023,Totals,Northland,371.75
1/06/2023,Totals,Otago/Southland,397.3
1/06/2023,Totals,Other,462.32
1/06/2023,Totals,Primary,358.93
1/06/2023,Totals,Professionals,191.9
1/06/2023,Totals,Sales,172.38
1/06/2023,Totals,Sales Workers,254.2
1/06/2023,Totals,Semi-Skilled,382.35
1/06/2023,Totals,Skilled,201.82
1/06/2023,Totals,SkilledIndex,211.4
1/06/2023,Totals,Tasman/Nelson/Marlborough/West Coast,334.86
1/06/2023,Totals,Technicians and Trades Workers,314.2
1/06/2023,Totals,TotalsIndex,234.53
1/06/2023,Totals,Unskilled,358.21
1/06/2023,Totals,UnskilledIndex,308.1
1/06/2023,Totals,Waikato,303.34
1/06/2023,Totals,Wellington,186.88
1/06/2023,Waikato,Business services,272.78
1/06/2023,Waikato,Clerical and Administrative Workers,314.8
1/06/2023,Waikato,Community and Personal Service Workers,414.3
1/06/2023,Waikato,Construction,377.22
1/06/2023,Waikato,Education,158.92
1/06/2023,Waikato,Health care,380.29
1/06/2023,Waikato,Highly-Skilled,266.87
1/06/2023,Waikato,Hospitality,290.63
1/06/2023,Waikato,IT,176.38
1/06/2023,Waikato,Labourers,669.1
1/06/2023,Waikato,Low-Skilled,374.55
1/06/2023,Waikato,Machinery Operators and Drivers,473.7
1/06/2023,Waikato,Managers,234.6
1/06/2023,Waikato,Manufacturing,445.66
1/06/2023,Waikato,Other,504.76
1/06/2023,Waikato,Primary,475.79
1/06/2023,Waikato,Professionals,232
1/06/2023,Waikato,Sales,206.97
1/06/2023,Waikato,Sales Workers,286.7
1/06/2023,Waikato,Semi-Skilled,445.21
1/06/2023,Waikato,Skilled,235.07
1/06/2023,Waikato,SkilledIndex,278.6
1/06/2023,Waikato,Technicians and Trades Workers,380.4
1/06/2023,Waikato,Unskilled,382.24
1/06/2023,Waikato,UnskilledIndex,376.8
1/06/2023,Wellington,Business services,205.07
1/06/2023,Wellington,Clerical and Administrative Workers,198.8
1/06/2023,Wellington,Community and Personal Service Workers,320
1/06/2023,Wellington,Construction,263.97
1/06/2023,Wellington,Education,142.11
1/06/2023,Wellington,Health care,310.83
1/06/2023,Wellington,Highly-Skilled,158.06
1/06/2023,Wellington,Hospitality,240.19
1/06/2023,Wellington,IT,74.15
1/06/2023,Wellington,Labourers,476.2
1/06/2023,Wellington,Low-Skilled,249.4
1/06/2023,Wellington,Machinery Operators and Drivers,462.6
1/06/2023,Wellington,Managers,131.6
1/06/2023,Wellington,Manufacturing,343.6
1/06/2023,Wellington,Other,356.79
1/06/2023,Wellington,Primary,316.42
1/06/2023,Wellington,Professionals,164.6
1/06/2023,Wellington,Sales,141.75
1/06/2023,Wellington,Sales Workers,205.1
1/06/2023,Wellington,Semi-Skilled,294.95
1/06/2023,Wellington,Skilled,179.86
1/06/2023,Wellington,SkilledIndex,170.7
1/06/2023,Wellington,Technicians and Trades Workers,224
1/06/2023,Wellington,Unskilled,269.06
1/06/2023,Wellington,UnskilledIndex,254.5
1/09/2023,Auckland,Business services,148.74
1/09/2023,Auckland,Clerical and Administrative Workers,154.3
1/09/2023,Auckland,Community and Personal Service Workers,259.9
1/09/2023,Auckland,Construction,264.86
1/09/2023,Auckland,Education,148.23
1/09/2023,Auckland,Health care,225.05
1/09/2023,Auckland,Highly-Skilled,141.35
1/09/2023,Auckland,Hospitality,211.66
1/09/2023,Auckland,IT,75.19
1/09/2023,Auckland,Labourers,411.8
1/09/2023,Auckland,Low-Skilled,204.01
1/09/2023,Auckland,Machinery Operators and Drivers,403.8
1/09/2023,Auckland,Managers,130.9
1/09/2023,Auckland,Manufacturing,245.81
1/09/2023,Auckland,Other,407.61
1/09/2023,Auckland,Primary,297.28
1/09/2023,Auckland,Professionals,144.9
1/09/2023,Auckland,Sales,135.93
1/09/2023,Auckland,Sales Workers,199.6
1/09/2023,Auckland,Semi-Skilled,299.36
1/09/2023,Auckland,Skilled,176.61
1/09/2023,Auckland,SkilledIndex,160.6
1/09/2023,Auckland,Technicians and Trades Workers,258.4
1/09/2023,Auckland,Unskilled,269.79
1/09/2023,Auckland,UnskilledIndex,217.8
1/09/2023,Bay of Plenty,Business services,435.47
1/09/2023,Bay of Plenty,Clerical and Administrative Workers,405.9
1/09/2023,Bay of Plenty,Community and Personal Service Workers,335.3
1/09/2023,Bay of Plenty,Construction,454.79
1/09/2023,Bay of Plenty,Education,156.72
1/09/2023,Bay of Plenty,Health care,567.82
1/09/2023,Bay of Plenty,Highly-Skilled,409.95
1/09/2023,Bay of Plenty,Hospitality,272.91
1/09/2023,Bay of Plenty,IT,143.37
1/09/2023,Bay of Plenty,Labourers,543.9
1/09/2023,Bay of Plenty,Low-Skilled,377.77
1/09/2023,Bay of Plenty,Machinery Operators and Drivers,540.6
1/09/2023,Bay of Plenty,Managers,297.7
1/09/2023,Bay of Plenty,Manufacturing,403.21
1/09/2023,Bay of Plenty,Other,706.73
1/09/2023,Bay of Plenty,Primary,534.09
1/09/2023,Bay of Plenty,Professionals,351.1
1/09/2023,Bay of Plenty,Sales,266.76
1/09/2023,Bay of Plenty,Sales Workers,362.3
1/09/2023,Bay of Plenty,Semi-Skilled,474.24
1/09/2023,Bay of Plenty,Skilled,269.52
1/09/2023,Bay of Plenty,SkilledIndex,367.3
1/09/2023,Bay of Plenty,Technicians and Trades Workers,388.1
1/09/2023,Bay of Plenty,Unskilled,405.41
1/09/2023,Bay of Plenty,UnskilledIndex,385.8
1/09/2023,Canterbury,Business services,200.88
1/09/2023,Canterbury,Clerical and Administrative Workers,198
1/09/2023,Canterbury,Community and Personal Service Workers,255.3
1/09/2023,Canterbury,Construction,276.07
1/09/2023,Canterbury,Education,160.43
1/09/2023,Canterbury,Health care,344.21
1/09/2023,Canterbury,Highly-Skilled,205.23
1/09/2023,Canterbury,Hospitality,197.59
1/09/2023,Canterbury,IT,132.14
1/09/2023,Canterbury,Labourers,395
1/09/2023,Canterbury,Low-Skilled,270.64
1/09/2023,Canterbury,Machinery Operators and Drivers,462.3
1/09/2023,Canterbury,Managers,175.6
1/09/2023,Canterbury,Manufacturing,375.49
1/09/2023,Canterbury,Other,584.19
1/09/2023,Canterbury,Primary,311.73
1/09/2023,Canterbury,Professionals,200
1/09/2023,Canterbury,Sales,157.75
1/09/2023,Canterbury,Sales Workers,232.7
1/09/2023,Canterbury,Semi-Skilled,337.11
1/09/2023,Canterbury,Skilled,195.6
1/09/2023,Canterbury,SkilledIndex,219.1
1/09/2023,Canterbury,Technicians and Trades Workers,288.2
1/09/2023,Canterbury,Unskilled,265.55
1/09/2023,Canterbury,UnskilledIndex,269.1
1/09/2023,Gisborne/Hawkes Bay,Business services,587.23
1/09/2023,Gisborne/Hawkes Bay,Clerical and Administrative Workers,634.5
1/09/2023,Gisborne/Hawkes Bay,Community and Personal Service Workers,416.9
1/09/2023,Gisborne/Hawkes Bay,Construction,598.11
1/09/2023,Gisborne/Hawkes Bay,Education,146.53
1/09/2023,Gisborne/Hawkes Bay,Health care,482.82
1/09/2023,Gisborne/Hawkes Bay,Highly-Skilled,458.55
1/09/2023,Gisborne/Hawkes Bay,Hospitality,295.2
1/09/2023,Gisborne/Hawkes Bay,IT,240.74
1/09/2023,Gisborne/Hawkes Bay,Labourers,705.3
1/09/2023,Gisborne/Hawkes Bay,Low-Skilled,455.43
1/09/2023,Gisborne/Hawkes Bay,Machinery Operators and Drivers,743.5
1/09/2023,Gisborne/Hawkes Bay,Managers,426.6
1/09/2023,Gisborne/Hawkes Bay,Manufacturing,590.32
1/09/2023,Gisborne/Hawkes Bay,Other,726.32
1/09/2023,Gisborne/Hawkes Bay,Primary,515.87
1/09/2023,Gisborne/Hawkes Bay,Professionals,319.7
1/09/2023,Gisborne/Hawkes Bay,Sales,333
1/09/2023,Gisborne/Hawkes Bay,Sales Workers,398.4
1/09/2023,Gisborne/Hawkes Bay,Semi-Skilled,557.43
1/09/2023,Gisborne/Hawkes Bay,Skilled,273.11
1/09/2023,Gisborne/Hawkes Bay,SkilledIndex,404.9
1/09/2023,Gisborne/Hawkes Bay,Technicians and Trades Workers,435.1
1/09/2023,Gisborne/Hawkes Bay,Unskilled,648
1/09/2023,Gisborne/Hawkes Bay,UnskilledIndex,507.7
1/09/2023,Manawatu-Whanganui/Taranaki,Business services,379.78
1/09/2023,Manawatu-Whanganui/Taranaki,Clerical and Administrative Workers,363.3
1/09/2023,Manawatu-Whanganui/Taranaki,Community and Personal Service Workers,472.1
1/09/2023,Manawatu-Whanganui/Taranaki,Construction,340.57
1/09/2023,Manawatu-Whanganui/Taranaki,Education,146.88
1/09/2023,Manawatu-Whanganui/Taranaki,Health care,519.93
1/09/2023,Manawatu-Whanganui/Taranaki,Highly-Skilled,323.05
1/09/2023,Manawatu-Whanganui/Taranaki,Hospitality,321.8
1/09/2023,Manawatu-Whanganui/Taranaki,IT,185.88
1/09/2023,Manawatu-Whanganui/Taranaki,Labourers,735.7
1/09/2023,Manawatu-Whanganui/Taranaki,Low-Skilled,424.74
1/09/2023,Manawatu-Whanganui/Taranaki,Machinery Operators and Drivers,561.5
1/09/2023,Manawatu-Whanganui/Taranaki,Managers,221.4
1/09/2023,Manawatu-Whanganui/Taranaki,Manufacturing,426.52
1/09/2023,Manawatu-Whanganui/Taranaki,Other,498.01
1/09/2023,Manawatu-Whanganui/Taranaki,Primary,337.14
1/09/2023,Manawatu-Whanganui/Taranaki,Professionals,267.6
1/09/2023,Manawatu-Whanganui/Taranaki,Sales,192.53
1/09/2023,Manawatu-Whanganui/Taranaki,Sales Workers,281.7
1/09/2023,Manawatu-Whanganui/Taranaki,Semi-Skilled,405.19
1/09/2023,Manawatu-Whanganui/Taranaki,Skilled,218.85
1/09/2023,Manawatu-Whanganui/Taranaki,SkilledIndex,291.9
1/09/2023,Manawatu-Whanganui/Taranaki,Technicians and Trades Workers,358.8
1/09/2023,Manawatu-Whanganui/Taranaki,Unskilled,444.55
1/09/2023,Manawatu-Whanganui/Taranaki,UnskilledIndex,430.4
1/09/2023,Northland,Business services,342.31
1/09/2023,Northland,Clerical and Administrative Workers,499.7
1/09/2023,Northland,Community and Personal Service Workers,596.1
1/09/2023,Northland,Construction,492.57
1/09/2023,Northland,Education,144.29
1/09/2023,Northland,Health care,426.36
1/09/2023,Northland,Highly-Skilled,400.52
1/09/2023,Northland,Hospitality,356.9
1/09/2023,Northland,IT,264.29
1/09/2023,Northland,Labourers,481
1/09/2023,Northland,Low-Skilled,453.33
1/09/2023,Northland,Machinery Operators and Drivers,676.7
1/09/2023,Northland,Managers,322.8
1/09/2023,Northland,Manufacturing,500
1/09/2023,Northland,Other,1120.59
1/09/2023,Northland,Primary,338.46
1/09/2023,Northland,Professionals,277.9
1/09/2023,Northland,Sales,285.38
1/09/2023,Northland,Sales Workers,298.9
1/09/2023,Northland,Semi-Skilled,381.52
1/09/2023,Northland,Skilled,224.59
1/09/2023,Northland,SkilledIndex,327
1/09/2023,Northland,Technicians and Trades Workers,394.4
1/09/2023,Northland,Unskilled,485.71
1/09/2023,Northland,UnskilledIndex,462.1
1/09/2023,Otago/Southland,Business services,403.42
1/09/2023,Otago/Southland,Clerical and Administrative Workers,488.3
1/09/2023,Otago/Southland,Community and Personal Service Workers,618.8
1/09/2023,Otago/Southland,Construction,652.39
1/09/2023,Otago/Southland,Education,167.82
1/09/2023,Otago/Southland,Health care,576.68
1/09/2023,Otago/Southland,Highly-Skilled,361.18
1/09/2023,Otago/Southland,Hospitality,435.37
1/09/2023,Otago/Southland,IT,196.77
1/09/2023,Otago/Southland,Labourers,790.7
1/09/2023,Otago/Southland,Low-Skilled,510.97
1/09/2023,Otago/Southland,Machinery Operators and Drivers,728.7
1/09/2023,Otago/Southland,Managers,323.9
1/09/2023,Otago/Southland,Manufacturing,583.13
1/09/2023,Otago/Southland,Other,886.9
1/09/2023,Otago/Southland,Primary,352.29
1/09/2023,Otago/Southland,Professionals,288.7
1/09/2023,Otago/Southland,Sales,253.97
1/09/2023,Otago/Southland,Sales Workers,365.3
1/09/2023,Otago/Southland,Semi-Skilled,621.57
1/09/2023,Otago/Southland,Skilled,310.97
1/09/2023,Otago/Southland,SkilledIndex,378.5
1/09/2023,Otago/Southland,Technicians and Trades Workers,516.5
1/09/2023,Otago/Southland,Unskilled,560.47
1/09/2023,Otago/Southland,UnskilledIndex,526.4
1/09/2023,Tasman/Nelson/Marlborough/West Coast,Business services,318.39
1/09/2023,Tasman/Nelson/Marlborough/West Coast,Clerical and Administrative Workers,397.3
1/09/2023,Tasman/Nelson/Marlborough/West Coast,Community and Personal Service Workers,406.6
1/09/2023,Tasman/Nelson/Marlborough/West Coast,Construction,497.03
1/09/2023,Tasman/Nelson/Marlborough/West Coast,Education,143.48
1/09/2023,Tasman/Nelson/Marlborough/West Coast,Health care,504.07
1/09/2023,Tasman/Nelson/Marlborough/West Coast,Highly-Skilled,323.97
1/09/2023,Tasman/Nelson/Marlborough/West Coast,Hospitality,271.61
1/09/2023,Tasman/Nelson/Marlborough/West Coast,IT,203.85
1/09/2023,Tasman/Nelson/Marlborough/West Coast,Labourers,589.5
1/09/2023,Tasman/Nelson/Marlborough/West Coast,Low-Skilled,399.31
1/09/2023,Tasman/Nelson/Marlborough/West Coast,Machinery Operators and Drivers,431.7
1/09/2023,Tasman/Nelson/Marlborough/West Coast,Managers,258.3
1/09/2023,Tasman/Nelson/Marlborough/West Coast,Manufacturing,627.17
1/09/2023,Tasman/Nelson/Marlborough/West Coast,Other,590.79
1/09/2023,Tasman/Nelson/Marlborough/West Coast,Primary,322.58
1/09/2023,Tasman/Nelson/Marlborough/West Coast,Professionals,240.9
1/09/2023,Tasman/Nelson/Marlborough/West Coast,Sales,226.34
1/09/2023,Tasman/Nelson/Marlborough/West Coast,Sales Workers,320.7
1/09/2023,Tasman/Nelson/Marlborough/West Coast,Semi-Skilled,473.73
1/09/2023,Tasman/Nelson/Marlborough/West Coast,Skilled,210.04
1/09/2023,Tasman/Nelson/Marlborough/West Coast,SkilledIndex,293.1
1/09/2023,Tasman/Nelson/Marlborough/West Coast,Technicians and Trades Workers,383.6
1/09/2023,Tasman/Nelson/Marlborough/West Coast,Unskilled,454.75
1/09/2023,Tasman/Nelson/Marlborough/West Coast,UnskilledIndex,415.9
1/09/2023,Totals,Auckland,172.59
1/09/2023,Totals,Bay of Plenty,370.42
1/09/2023,Totals,Business services,193.85
1/09/2023,Totals,Canterbury,233.99
1/09/2023,Totals,Clerical and Administrative Workers,211.6
1/09/2023,Totals,Community and Personal Service Workers,332.1
1/09/2023,Totals,Construction,320.4
1/09/2023,Totals,Education,152.53
1/09/2023,Totals,Gisborne/Hawkes Bay,426.6
1/09/2023,Totals,Health care,351.75
1/09/2023,Totals,Highly-Skilled,186.75
1/09/2023,Totals,Hospitality,244.15
1/09/2023,Totals,IT,83.37
1/09/2023,Totals,Labourers,489.8
1/09/2023,Totals,Low-Skilled,271.04
1/09/2023,Totals,Machinery Operators and Drivers,470.1
1/09/2023,Totals,Managers,163.3
1/09/2023,Totals,Manawatu-Whanganui/Taranaki,321.32
1/09/2023,Totals,Manufacturing,333.36
1/09/2023,Totals,Northland,362.43
1/09/2023,Totals,Otago/Southland,419.9
1/09/2023,Totals,Other,477.87
1/09/2023,Totals,Primary,353.39
1/09/2023,Totals,Professionals,188.1
1/09/2023,Totals,Sales,160.1
1/09/2023,Totals,Sales Workers,238.9
1/09/2023,Totals,Semi-Skilled,362.51
1/09/2023,Totals,Skilled,203.05
1/09/2023,Totals,SkilledIndex,206.7
1/09/2023,Totals,Tasman/Nelson/Marlborough/West Coast,335.95
1/09/2023,Totals,Technicians and Trades Workers,305.4
1/09/2023,Totals,TotalsIndex,225.89
1/09/2023,Totals,Unskilled,324.06
1/09/2023,Totals,UnskilledIndex,284.3
1/09/2023,Totals,Waikato,294.93
1/09/2023,Totals,Wellington,175.17
1/09/2023,Waikato,Business services,282.61
1/09/2023,Waikato,Clerical and Administrative Workers,316.4
1/09/2023,Waikato,Community and Personal Service Workers,393.1
1/09/2023,Waikato,Construction,369.9
1/09/2023,Waikato,Education,158.49
1/09/2023,Waikato,Health care,336.4
1/09/2023,Waikato,Highly-Skilled,255.01
1/09/2023,Waikato,Hospitality,282.14
1/09/2023,Waikato,IT,159.8
1/09/2023,Waikato,Labourers,623.5
1/09/2023,Waikato,Low-Skilled,376.06
1/09/2023,Waikato,Machinery Operators and Drivers,482.5
1/09/2023,Waikato,Managers,223
1/09/2023,Waikato,Manufacturing,436.98
1/09/2023,Waikato,Other,549.21
1/09/2023,Waikato,Primary,463.16
1/09/2023,Waikato,Professionals,221.6
1/09/2023,Waikato,Sales,186.52
1/09/2023,Waikato,Sales Workers,277.3
1/09/2023,Waikato,Semi-Skilled,437.95
1/09/2023,Waikato,Skilled,226.33
1/09/2023,Waikato,SkilledIndex,268.3
1/09/2023,Waikato,Technicians and Trades Workers,378.5
1/09/2023,Waikato,Unskilled,356.25
1/09/2023,Waikato,UnskilledIndex,370.2
1/09/2023,Wellington,Business services,182.44
1/09/2023,Wellington,Clerical and Administrative Workers,179.9
1/09/2023,Wellington,Community and Personal Service Workers,317.9
1/09/2023,Wellington,Construction,245.12
1/09/2023,Wellington,Education,153.36
1/09/2023,Wellington,Health care,300.78
1/09/2023,Wellington,Highly-Skilled,148.51
1/09/2023,Wellington,Hospitality,217.9
1/09/2023,Wellington,IT,70.82
1/09/2023,Wellington,Labourers,391.2
1/09/2023,Wellington,Low-Skilled,223.13
1/09/2023,Wellington,Machinery Operators and Drivers,377.9
1/09/2023,Wellington,Managers,128
1/09/2023,Wellington,Manufacturing,306.81
1/09/2023,Wellington,Other,356.92
1/09/2023,Wellington,Primary,283.58
1/09/2023,Wellington,Professionals,154.4
1/09/2023,Wellington,Sales,128.04
1/09/2023,Wellington,Sales Workers,185.8
1/09/2023,Wellington,Semi-Skilled,272.46
1/09/2023,Wellington,Skilled,176.44
1/09/2023,Wellington,SkilledIndex,161.7
1/09/2023,Wellington,Technicians and Trades Workers,214.2
1/09/2023,Wellington,Unskilled,240.57
1/09/2023,Wellington,UnskilledIndex,227.7
1/12/2023,Auckland,Business services,105.1
1/12/2023,Auckland,Clerical and Administrative Workers,113.7
1/12/2023,Auckland,Community and Personal Service Workers,220
1/12/2023,Auckland,Construction,200.64
1/12/2023,Auckland,Education,179.27
1/12/2023,Auckland,Health care,198.63
1/12/2023,Auckland,Highly-Skilled,107.14
1/12/2023,Auckland,Hospitality,183.37
1/12/2023,Auckland,IT,52.67
1/12/2023,Auckland,Labourers,298.5
1/12/2023,Auckland,Low-Skilled,152.89
1/12/2023,Auckland,Machinery Operators and Drivers,294.7
1/12/2023,Auckland,Managers,97.7
1/12/2023,Auckland,Manufacturing,183.36
1/12/2023,Auckland,Other,291.85
1/12/2023,Auckland,Primary,218.37
1/12/2023,Auckland,Professionals,119.3
1/12/2023,Auckland,Sales,95.34
1/12/2023,Auckland,Sales Workers,134
1/12/2023,Auckland,Semi-Skilled,236.17
1/12/2023,Auckland,Skilled,157.15
1/12/2023,Auckland,SkilledIndex,127.3
1/12/2023,Auckland,Technicians and Trades Workers,203.4
1/12/2023,Auckland,Unskilled,186.72
1/12/2023,Auckland,UnskilledIndex,160
1/12/2023,Bay of Plenty,Business services,360.75
1/12/2023,Bay of Plenty,Clerical and Administrative Workers,344.4
1/12/2023,Bay of Plenty,Community and Personal Service Workers,277
1/12/2023,Bay of Plenty,Construction,343.15
1/12/2023,Bay of Plenty,Education,187.54
1/12/2023,Bay of Plenty,Health care,468.1
1/12/2023,Bay of Plenty,Highly-Skilled,320.31
1/12/2023,Bay of Plenty,Hospitality,253.2
1/12/2023,Bay of Plenty,IT,161.45
1/12/2023,Bay of Plenty,Labourers,513.3
1/12/2023,Bay of Plenty,Low-Skilled,319.62
1/12/2023,Bay of Plenty,Machinery Operators and Drivers,486.5
1/12/2023,Bay of Plenty,Managers,228.4
1/12/2023,Bay of Plenty,Manufacturing,393.58
1/12/2023,Bay of Plenty,Other,475
1/12/2023,Bay of Plenty,Primary,443.18
1/12/2023,Bay of Plenty,Professionals,298.5
1/12/2023,Bay of Plenty,Sales,170.54
1/12/2023,Bay of Plenty,Sales Workers,239.9
1/12/2023,Bay of Plenty,Semi-Skilled,366.16
1/12/2023,Bay of Plenty,Skilled,241.68
1/12/2023,Bay of Plenty,SkilledIndex,297.8
1/12/2023,Bay of Plenty,Technicians and Trades Workers,296.6
1/12/2023,Bay of Plenty,Unskilled,327.26
1/12/2023,Bay of Plenty,UnskilledIndex,321.8
1/12/2023,Canterbury,Business services,149.8
1/12/2023,Canterbury,Clerical and Administrative Workers,151.8
1/12/2023,Canterbury,Community and Personal Service Workers,205.8
1/12/2023,Canterbury,Construction,216.52
1/12/2023,Canterbury,Education,158.45
1/12/2023,Canterbury,Health care,315.55
1/12/2023,Canterbury,Highly-Skilled,167.08
1/12/2023,Canterbury,Hospitality,167.22
1/12/2023,Canterbury,IT,106.37
1/12/2023,Canterbury,Labourers,318.8
1/12/2023,Canterbury,Low-Skilled,215.01
1/12/2023,Canterbury,Machinery Operators and Drivers,397.5
1/12/2023,Canterbury,Managers,139.5
1/12/2023,Canterbury,Manufacturing,321.31
1/12/2023,Canterbury,Other,450.7
1/12/2023,Canterbury,Primary,227.16
1/12/2023,Canterbury,Professionals,172
1/12/2023,Canterbury,Sales,117.29
1/12/2023,Canterbury,Sales Workers,167.1
1/12/2023,Canterbury,Semi-Skilled,262.96
1/12/2023,Canterbury,Skilled,170.91
1/12/2023,Canterbury,SkilledIndex,180.4
1/12/2023,Canterbury,Technicians and Trades Workers,229.3
1/12/2023,Canterbury,Unskilled,205.55
1/12/2023,Canterbury,UnskilledIndex,212.2
1/12/2023,Gisborne/Hawkes Bay,Business services,458.16
1/12/2023,Gisborne/Hawkes Bay,Clerical and Administrative Workers,522.1
1/12/2023,Gisborne/Hawkes Bay,Community and Personal Service Workers,350
1/12/2023,Gisborne/Hawkes Bay,Construction,462.88
1/12/2023,Gisborne/Hawkes Bay,Education,204.08
1/12/2023,Gisborne/Hawkes Bay,Health care,486.54
1/12/2023,Gisborne/Hawkes Bay,Highly-Skilled,410.58
1/12/2023,Gisborne/Hawkes Bay,Hospitality,266.4
1/12/2023,Gisborne/Hawkes Bay,IT,251.85
1/12/2023,Gisborne/Hawkes Bay,Labourers,584
1/12/2023,Gisborne/Hawkes Bay,Low-Skilled,375.36
1/12/2023,Gisborne/Hawkes Bay,Machinery Operators and Drivers,595.7
1/12/2023,Gisborne/Hawkes Bay,Managers,364
1/12/2023,Gisborne/Hawkes Bay,Manufacturing,479.03
1/12/2023,Gisborne/Hawkes Bay,Other,575
1/12/2023,Gisborne/Hawkes Bay,Primary,469.84
1/12/2023,Gisborne/Hawkes Bay,Professionals,325
1/12/2023,Gisborne/Hawkes Bay,Sales,266
1/12/2023,Gisborne/Hawkes Bay,Sales Workers,302.4
1/12/2023,Gisborne/Hawkes Bay,Semi-Skilled,416.22
1/12/2023,Gisborne/Hawkes Bay,Skilled,285.13
1/12/2023,Gisborne/Hawkes Bay,SkilledIndex,364.9
1/12/2023,Gisborne/Hawkes Bay,Technicians and Trades Workers,350.1
1/12/2023,Gisborne/Hawkes Bay,Unskilled,533.6
1/12/2023,Gisborne/Hawkes Bay,UnskilledIndex,418.3
1/12/2023,Manawatu-Whanganui/Taranaki,Business services,234.83
1/12/2023,Manawatu-Whanganui/Taranaki,Clerical and Administrative Workers,244.5
1/12/2023,Manawatu-Whanganui/Taranaki,Community and Personal Service Workers,358.7
1/12/2023,Manawatu-Whanganui/Taranaki,Construction,256.95
1/12/2023,Manawatu-Whanganui/Taranaki,Education,192.68
1/12/2023,Manawatu-Whanganui/Taranaki,Health care,448.53
1/12/2023,Manawatu-Whanganui/Taranaki,Highly-Skilled,261.41
1/12/2023,Manawatu-Whanganui/Taranaki,Hospitality,284.96
1/12/2023,Manawatu-Whanganui/Taranaki,IT,116.47
1/12/2023,Manawatu-Whanganui/Taranaki,Labourers,564.3
1/12/2023,Manawatu-Whanganui/Taranaki,Low-Skilled,319.76
1/12/2023,Manawatu-Whanganui/Taranaki,Machinery Operators and Drivers,411.5
1/12/2023,Manawatu-Whanganui/Taranaki,Managers,182.7
1/12/2023,Manawatu-Whanganui/Taranaki,Manufacturing,334.78
1/12/2023,Manawatu-Whanganui/Taranaki,Other,347.02
1/12/2023,Manawatu-Whanganui/Taranaki,Primary,238.57
1/12/2023,Manawatu-Whanganui/Taranaki,Professionals,242.2
1/12/2023,Manawatu-Whanganui/Taranaki,Sales,146.99
1/12/2023,Manawatu-Whanganui/Taranaki,Sales Workers,200.8
1/12/2023,Manawatu-Whanganui/Taranaki,Semi-Skilled,308.96
1/12/2023,Manawatu-Whanganui/Taranaki,Skilled,192.14
1/12/2023,Manawatu-Whanganui/Taranaki,SkilledIndex,239.9
1/12/2023,Manawatu-Whanganui/Taranaki,Technicians and Trades Workers,273.3
1/12/2023,Manawatu-Whanganui/Taranaki,Unskilled,329.95
1/12/2023,Manawatu-Whanganui/Taranaki,UnskilledIndex,322.6
1/12/2023,Northland,Business services,233.08
1/12/2023,Northland,Clerical and Administrative Workers,363.4
1/12/2023,Northland,Community and Personal Service Workers,527
1/12/2023,Northland,Construction,420.95
1/12/2023,Northland,Education,185.39
1/12/2023,Northland,Health care,377.31
1/12/2023,Northland,Highly-Skilled,331.14
1/12/2023,Northland,Hospitality,356.9
1/12/2023,Northland,IT,228.57
1/12/2023,Northland,Labourers,450
1/12/2023,Northland,Low-Skilled,357.67
1/12/2023,Northland,Machinery Operators and Drivers,570
1/12/2023,Northland,Managers,269.3
1/12/2023,Northland,Manufacturing,403.57
1/12/2023,Northland,Other,926.47
1/12/2023,Northland,Primary,217.95
1/12/2023,Northland,Professionals,266.9
1/12/2023,Northland,Sales,204.62
1/12/2023,Northland,Sales Workers,182.6
1/12/2023,Northland,Semi-Skilled,328.26
1/12/2023,Northland,Skilled,239.63
1/12/2023,Northland,SkilledIndex,293.8
1/12/2023,Northland,Technicians and Trades Workers,346.8
1/12/2023,Northland,Unskilled,405.71
1/12/2023,Northland,UnskilledIndex,370.7
1/12/2023,Otago/Southland,Business services,294.18
1/12/2023,Otago/Southland,Clerical and Administrative Workers,408.5
1/12/2023,Otago/Southland,Community and Personal Service Workers,601.3
1/12/2023,Otago/Southland,Construction,528.46
1/12/2023,Otago/Southland,Education,187.7
1/12/2023,Otago/Southland,Health care,501.36
1/12/2023,Otago/Southland,Highly-Skilled,285.86
1/12/2023,Otago/Southland,Hospitality,458.94
1/12/2023,Otago/Southland,IT,166.67
1/12/2023,Otago/Southland,Labourers,692.8
1/12/2023,Otago/Southland,Low-Skilled,436.71
1/12/2023,Otago/Southland,Machinery Operators and Drivers,572.3
1/12/2023,Otago/Southland,Managers,246.2
1/12/2023,Otago/Southland,Manufacturing,501.25
1/12/2023,Otago/Southland,Other,729.76
1/12/2023,Otago/Southland,Primary,205.5
1/12/2023,Otago/Southland,Professionals,253.1
1/12/2023,Otago/Southland,Sales,218.82
1/12/2023,Otago/Southland,Sales Workers,318.5
1/12/2023,Otago/Southland,Semi-Skilled,520.1
1/12/2023,Otago/Southland,Skilled,292.01
1/12/2023,Otago/Southland,SkilledIndex,319.7
1/12/2023,Otago/Southland,Technicians and Trades Workers,443.4
1/12/2023,Otago/Southland,Unskilled,517.67
1/12/2023,Otago/Southland,UnskilledIndex,462
1/12/2023,Tasman/Nelson/Marlborough/West Coast,Business services,239.08
1/12/2023,Tasman/Nelson/Marlborough/West Coast,Clerical and Administrative Workers,321.1
1/12/2023,Tasman/Nelson/Marlborough/West Coast,Community and Personal Service Workers,378.5
1/12/2023,Tasman/Nelson/Marlborough/West Coast,Construction,360.17
1/12/2023,Tasman/Nelson/Marlborough/West Coast,Education,170.43
1/12/2023,Tasman/Nelson/Marlborough/West Coast,Health care,497.31
1/12/2023,Tasman/Nelson/Marlborough/West Coast,Highly-Skilled,270.59
1/12/2023,Tasman/Nelson/Marlborough/West Coast,Hospitality,229.03
1/12/2023,Tasman/Nelson/Marlborough/West Coast,IT,226.92
1/12/2023,Tasman/Nelson/Marlborough/West Coast,Labourers,490.3
1/12/2023,Tasman/Nelson/Marlborough/West Coast,Low-Skilled,313.11
1/12/2023,Tasman/Nelson/Marlborough/West Coast,Machinery Operators and Drivers,312.7
1/12/2023,Tasman/Nelson/Marlborough/West Coast,Managers,193.2
1/12/2023,Tasman/Nelson/Marlborough/West Coast,Manufacturing,492.39
1/12/2023,Tasman/Nelson/Marlborough/West Coast,Other,459.21
1/12/2023,Tasman/Nelson/Marlborough/West Coast,Primary,238.71
1/12/2023,Tasman/Nelson/Marlborough/West Coast,Professionals,230.3
1/12/2023,Tasman/Nelson/Marlborough/West Coast,Sales,154.91
1/12/2023,Tasman/Nelson/Marlborough/West Coast,Sales Workers,188.8
1/12/2023,Tasman/Nelson/Marlborough/West Coast,Semi-Skilled,393.22
1/12/2023,Tasman/Nelson/Marlborough/West Coast,Skilled,205.13
1/12/2023,Tasman/Nelson/Marlborough/West Coast,SkilledIndex,257.2
1/12/2023,Tasman/Nelson/Marlborough/West Coast,Technicians and Trades Workers,303.3
1/12/2023,Tasman/Nelson/Marlborough/West Coast,Unskilled,321.53
1/12/2023,Tasman/Nelson/Marlborough/West Coast,UnskilledIndex,315.6
1/12/2023,Totals,Auckland,133.67
1/12/2023,Totals,Bay of Plenty,303.5
1/12/2023,Totals,Business services,136.98
1/12/2023,Totals,Canterbury,190.09
1/12/2023,Totals,Clerical and Administrative Workers,157.3
1/12/2023,Totals,Community and Personal Service Workers,277.1
1/12/2023,Totals,Construction,247.31
1/12/2023,Totals,Education,179.27
1/12/2023,Totals,Gisborne/Hawkes Bay,372.77
1/12/2023,Totals,Health care,308.96
1/12/2023,Totals,Highly-Skilled,144.09
1/12/2023,Totals,Hospitality,214.45
1/12/2023,Totals,IT,59.96
1/12/2023,Totals,Labourers,392
1/12/2023,Totals,Low-Skilled,210.64
1/12/2023,Totals,Machinery Operators and Drivers,368.7
1/12/2023,Totals,Managers,122.7
1/12/2023,Totals,Manawatu-Whanganui/Taranaki,256.2
1/12/2023,Totals,Manufacturing,265.96
1/12/2023,Totals,Northland,311.27
1/12/2023,Totals,Otago/Southland,358.58
1/12/2023,Totals,Other,339.94
1/12/2023,Totals,Primary,251.5
1/12/2023,Totals,Professionals,159.1
1/12/2023,Totals,Sales,115.6
1/12/2023,Totals,Sales Workers,168.2
1/12/2023,Totals,Semi-Skilled,284.4
1/12/2023,Totals,Skilled,182.32
1/12/2023,Totals,SkilledIndex,166.5
1/12/2023,Totals,Tasman/Nelson/Marlborough/West Coast,276.35
1/12/2023,Totals,Technicians and Trades Workers,242.3
1/12/2023,Totals,TotalsIndex,179.11
1/12/2023,Totals,Unskilled,246.73
1/12/2023,Totals,UnskilledIndex,219.7
1/12/2023,Totals,Waikato,237.7
1/12/2023,Totals,Wellington,129.53
1/12/2023,Waikato,Business services,195.46
1/12/2023,Waikato,Clerical and Administrative Workers,232
1/12/2023,Waikato,Community and Personal Service Workers,307.8
1/12/2023,Waikato,Construction,303.09
1/12/2023,Waikato,Education,183.01
1/12/2023,Waikato,Health care,327.68
1/12/2023,Waikato,Highly-Skilled,205.84
1/12/2023,Waikato,Hospitality,219.64
1/12/2023,Waikato,IT,115.08
1/12/2023,Waikato,Labourers,476.5
1/12/2023,Waikato,Low-Skilled,286.46
1/12/2023,Waikato,Machinery Operators and Drivers,398.8
1/12/2023,Waikato,Managers,172.5
1/12/2023,Waikato,Manufacturing,350.8
1/12/2023,Waikato,Other,391.01
1/12/2023,Waikato,Primary,261.05
1/12/2023,Waikato,Professionals,198
1/12/2023,Waikato,Sales,135.91
1/12/2023,Waikato,Sales Workers,192.2
1/12/2023,Waikato,Semi-Skilled,343.89
1/12/2023,Waikato,Skilled,208.36
1/12/2023,Waikato,SkilledIndex,223.6
1/12/2023,Waikato,Technicians and Trades Workers,305.7
1/12/2023,Waikato,Unskilled,265.79
1/12/2023,Waikato,UnskilledIndex,280.4
1/12/2023,Wellington,Business services,118.88
1/12/2023,Wellington,Clerical and Administrative Workers,119.7
1/12/2023,Wellington,Community and Personal Service Workers,248.3
1/12/2023,Wellington,Construction,183.42
1/12/2023,Wellington,Education,169.88
1/12/2023,Wellington,Health care,273.01
1/12/2023,Wellington,Highly-Skilled,105.13
1/12/2023,Wellington,Hospitality,172.57
1/12/2023,Wellington,IT,47.54
1/12/2023,Wellington,Labourers,335.2
1/12/2023,Wellington,Low-Skilled,169.59
1/12/2023,Wellington,Machinery Operators and Drivers,293.2
1/12/2023,Wellington,Managers,89.6
1/12/2023,Wellington,Manufacturing,233.79
1/12/2023,Wellington,Other,220.82
1/12/2023,Wellington,Primary,208.96
1/12/2023,Wellington,Professionals,116.7
1/12/2023,Wellington,Sales,89.36
1/12/2023,Wellington,Sales Workers,138.5
1/12/2023,Wellington,Semi-Skilled,199.38
1/12/2023,Wellington,Skilled,142.2
1/12/2023,Wellington,SkilledIndex,118.5
1/12/2023,Wellington,Technicians and Trades Workers,160.8
1/12/2023,Wellington,Unskilled,185.12
1/12/2023,Wellington,UnskilledIndex,173.6
1/03/2024,Auckland,Business services,127.44
1/03/2024,Auckland,Clerical and Administrative Workers,132.4
1/03/2024,Auckland,Community and Personal Service Workers,256.4
1/03/2024,Auckland,Construction,225.07
1/03/2024,Auckland,Education,136.11
1/03/2024,Auckland,Health care,201.79
1/03/2024,Auckland,Highly-Skilled,118.23
1/03/2024,Auckland,Hospitality,205.57
1/03/2024,Auckland,IT,55.21
1/03/2024,Auckland,Labourers,344.2
1/03/2024,Auckland,Low-Skilled,174.41
1/03/2024,Auckland,Machinery Operators and Drivers,316.6
1/03/2024,Auckland,Managers,110.1
1/03/2024,Auckland,Manufacturing,200.7
1/03/2024,Auckland,Other,338.32
1/03/2024,Auckland,Primary,267.35
1/03/2024,Auckland,Professionals,121.3
1/03/2024,Auckland,Sales,119.37
1/03/2024,Auckland,Sales Workers,160.4
1/03/2024,Auckland,Semi-Skilled,267.87
1/03/2024,Auckland,Skilled,155.57
1/03/2024,Auckland,SkilledIndex,137.3
1/03/2024,Auckland,Technicians and Trades Workers,233.5
1/03/2024,Auckland,Unskilled,224.34
1/03/2024,Auckland,UnskilledIndex,184.8
1/03/2024,Bay of Plenty,Business services,383.02
1/03/2024,Bay of Plenty,Clerical and Administrative Workers,366.6
1/03/2024,Bay of Plenty,Community and Personal Service Workers,319.3
1/03/2024,Bay of Plenty,Construction,392.01
1/03/2024,Bay of Plenty,Education,137.7
1/03/2024,Bay of Plenty,Health care,496.12
1/03/2024,Bay of Plenty,Highly-Skilled,336.06
1/03/2024,Bay of Plenty,Hospitality,307.88
1/03/2024,Bay of Plenty,IT,131.33
1/03/2024,Bay of Plenty,Labourers,578.6
1/03/2024,Bay of Plenty,Low-Skilled,383.59
1/03/2024,Bay of Plenty,Machinery Operators and Drivers,620.8
1/03/2024,Bay of Plenty,Managers,232.2
1/03/2024,Bay of Plenty,Manufacturing,468.98
1/03/2024,Bay of Plenty,Other,576.92
1/03/2024,Bay of Plenty,Primary,597.73
1/03/2024,Bay of Plenty,Professionals,292.5
1/03/2024,Bay of Plenty,Sales,214.86
1/03/2024,Bay of Plenty,Sales Workers,321.3
1/03/2024,Bay of Plenty,Semi-Skilled,459.09
1/03/2024,Bay of Plenty,Skilled,226.29
1/03/2024,Bay of Plenty,SkilledIndex,313
1/03/2024,Bay of Plenty,Technicians and Trades Workers,368.7
1/03/2024,Bay of Plenty,Unskilled,402.48
1/03/2024,Bay of Plenty,UnskilledIndex,389.1
1/03/2024,Canterbury,Business services,179.33
1/03/2024,Canterbury,Clerical and Administrative Workers,177.5
1/03/2024,Canterbury,Community and Personal Service Workers,236
1/03/2024,Canterbury,Construction,237.81
1/03/2024,Canterbury,Education,116.59
1/03/2024,Canterbury,Health care,324.52
1/03/2024,Canterbury,Highly-Skilled,171.75
1/03/2024,Canterbury,Hospitality,195.49
1/03/2024,Canterbury,IT,97.36
1/03/2024,Canterbury,Labourers,379.7
1/03/2024,Canterbury,Low-Skilled,243.18
1/03/2024,Canterbury,Machinery Operators and Drivers,394.7
1/03/2024,Canterbury,Managers,146.9
1/03/2024,Canterbury,Manufacturing,339.79
1/03/2024,Canterbury,Other,486.98
1/03/2024,Canterbury,Primary,227.78
1/03/2024,Canterbury,Professionals,162.8
1/03/2024,Canterbury,Sales,140.08
1/03/2024,Canterbury,Sales Workers,201.7
1/03/2024,Canterbury,Semi-Skilled,301.46
1/03/2024,Canterbury,Skilled,167.38
1/03/2024,Canterbury,SkilledIndex,186.9
1/03/2024,Canterbury,Technicians and Trades Workers,259.7
1/03/2024,Canterbury,Unskilled,237.81
1/03/2024,Canterbury,UnskilledIndex,241.6
1/03/2024,Gisborne/Hawkes Bay,Business services,334.75
1/03/2024,Gisborne/Hawkes Bay,Clerical and Administrative Workers,415
1/03/2024,Gisborne/Hawkes Bay,Community and Personal Service Workers,314.7
1/03/2024,Gisborne/Hawkes Bay,Construction,359.85
1/03/2024,Gisborne/Hawkes Bay,Education,64.9
1/03/2024,Gisborne/Hawkes Bay,Health care,399.17
1/03/2024,Gisborne/Hawkes Bay,Highly-Skilled,291.53
1/03/2024,Gisborne/Hawkes Bay,Hospitality,262.4
1/03/2024,Gisborne/Hawkes Bay,IT,133.33
1/03/2024,Gisborne/Hawkes Bay,Labourers,499
1/03/2024,Gisborne/Hawkes Bay,Low-Skilled,332.49
1/03/2024,Gisborne/Hawkes Bay,Machinery Operators and Drivers,587
1/03/2024,Gisborne/Hawkes Bay,Managers,210.2
1/03/2024,Gisborne/Hawkes Bay,Manufacturing,441.94
1/03/2024,Gisborne/Hawkes Bay,Other,421.05
1/03/2024,Gisborne/Hawkes Bay,Primary,373.02
1/03/2024,Gisborne/Hawkes Bay,Professionals,208.9
1/03/2024,Gisborne/Hawkes Bay,Sales,215
1/03/2024,Gisborne/Hawkes Bay,Sales Workers,257.1
1/03/2024,Gisborne/Hawkes Bay,Semi-Skilled,335.81
1/03/2024,Gisborne/Hawkes Bay,Skilled,171.08
1/03/2024,Gisborne/Hawkes Bay,SkilledIndex,253.6
1/03/2024,Gisborne/Hawkes Bay,Technicians and Trades Workers,289.8
1/03/2024,Gisborne/Hawkes Bay,Unskilled,467.2
1/03/2024,Gisborne/Hawkes Bay,UnskilledIndex,369
1/03/2024,Manawatu-Whanganui/Taranaki,Business services,277.15
1/03/2024,Manawatu-Whanganui/Taranaki,Clerical and Administrative Workers,275.6
1/03/2024,Manawatu-Whanganui/Taranaki,Community and Personal Service Workers,412.2
1/03/2024,Manawatu-Whanganui/Taranaki,Construction,278.29
1/03/2024,Manawatu-Whanganui/Taranaki,Education,110.03
1/03/2024,Manawatu-Whanganui/Taranaki,Health care,471.25
1/03/2024,Manawatu-Whanganui/Taranaki,Highly-Skilled,257.27
1/03/2024,Manawatu-Whanganui/Taranaki,Hospitality,340.6
1/03/2024,Manawatu-Whanganui/Taranaki,IT,107.06
1/03/2024,Manawatu-Whanganui/Taranaki,Labourers,684.5
1/03/2024,Manawatu-Whanganui/Taranaki,Low-Skilled,360.23
1/03/2024,Manawatu-Whanganui/Taranaki,Machinery Operators and Drivers,476.9
1/03/2024,Manawatu-Whanganui/Taranaki,Managers,185.5
1/03/2024,Manawatu-Whanganui/Taranaki,Manufacturing,358.26
1/03/2024,Manawatu-Whanganui/Taranaki,Other,425.83
1/03/2024,Manawatu-Whanganui/Taranaki,Primary,292.86
1/03/2024,Manawatu-Whanganui/Taranaki,Professionals,208.6
1/03/2024,Manawatu-Whanganui/Taranaki,Sales,160.96
1/03/2024,Manawatu-Whanganui/Taranaki,Sales Workers,239.3
1/03/2024,Manawatu-Whanganui/Taranaki,Semi-Skilled,371.76
1/03/2024,Manawatu-Whanganui/Taranaki,Skilled,169.71
1/03/2024,Manawatu-Whanganui/Taranaki,SkilledIndex,236.5
1/03/2024,Manawatu-Whanganui/Taranaki,Technicians and Trades Workers,304.8
1/03/2024,Manawatu-Whanganui/Taranaki,Unskilled,383.78
1/03/2024,Manawatu-Whanganui/Taranaki,UnskilledIndex,366.9
1/03/2024,Northland,Business services,280
1/03/2024,Northland,Clerical and Administrative Workers,415.7
1/03/2024,Northland,Community and Personal Service Workers,572.1
1/03/2024,Northland,Construction,458.78
1/03/2024,Northland,Education,118.26
1/03/2024,Northland,Health care,414.74
1/03/2024,Northland,Highly-Skilled,357.51
1/03/2024,Northland,Hospitality,367.24
1/03/2024,Northland,IT,235.71
1/03/2024,Northland,Labourers,442.9
1/03/2024,Northland,Low-Skilled,391.68
1/03/2024,Northland,Machinery Operators and Drivers,596.7
1/03/2024,Northland,Managers,274.3
1/03/2024,Northland,Manufacturing,400
1/03/2024,Northland,Other,855.88
1/03/2024,Northland,Primary,253.85
1/03/2024,Northland,Professionals,248.2
1/03/2024,Northland,Sales,222.31
1/03/2024,Northland,Sales Workers,214.1
1/03/2024,Northland,Semi-Skilled,360.87
1/03/2024,Northland,Skilled,189.83
1/03/2024,Northland,SkilledIndex,290.1
1/03/2024,Northland,Technicians and Trades Workers,359.5
1/03/2024,Northland,Unskilled,417.14
1/03/2024,Northland,UnskilledIndex,398.6
1/03/2024,Otago/Southland,Business services,344.52
1/03/2024,Otago/Southland,Clerical and Administrative Workers,447.4
1/03/2024,Otago/Southland,Community and Personal Service Workers,641.6
1/03/2024,Otago/Southland,Construction,554.66
1/03/2024,Otago/Southland,Education,120.19
1/03/2024,Otago/Southland,Health care,527.64
1/03/2024,Otago/Southland,Highly-Skilled,302.83
1/03/2024,Otago/Southland,Hospitality,471.95
1/03/2024,Otago/Southland,IT,137.63
1/03/2024,Otago/Southland,Labourers,718.6
1/03/2024,Otago/Southland,Low-Skilled,461.39
1/03/2024,Otago/Southland,Machinery Operators and Drivers,513.9
1/03/2024,Otago/Southland,Managers,255.1
1/03/2024,Otago/Southland,Manufacturing,472.5
1/03/2024,Otago/Southland,Other,823.81
1/03/2024,Otago/Southland,Primary,247.71
1/03/2024,Otago/Southland,Professionals,244.8
1/03/2024,Otago/Southland,Sales,244.22
1/03/2024,Otago/Southland,Sales Workers,345
1/03/2024,Otago/Southland,Semi-Skilled,567.16
1/03/2024,Otago/Southland,Skilled,279.93
1/03/2024,Otago/Southland,SkilledIndex,330.4
1/03/2024,Otago/Southland,Technicians and Trades Workers,478.6
1/03/2024,Otago/Southland,Unskilled,508.37
1/03/2024,Otago/Southland,UnskilledIndex,476.1
1/03/2024,Tasman/Nelson/Marlborough/West Coast,Business services,268.39
1/03/2024,Tasman/Nelson/Marlborough/West Coast,Clerical and Administrative Workers,341.6
1/03/2024,Tasman/Nelson/Marlborough/West Coast,Community and Personal Service Workers,365.5
1/03/2024,Tasman/Nelson/Marlborough/West Coast,Construction,369.92
1/03/2024,Tasman/Nelson/Marlborough/West Coast,Education,102.61
1/03/2024,Tasman/Nelson/Marlborough/West Coast,Health care,504.64
1/03/2024,Tasman/Nelson/Marlborough/West Coast,Highly-Skilled,286.64
1/03/2024,Tasman/Nelson/Marlborough/West Coast,Hospitality,251.61
1/03/2024,Tasman/Nelson/Marlborough/West Coast,IT,161.54
1/03/2024,Tasman/Nelson/Marlborough/West Coast,Labourers,478.6
1/03/2024,Tasman/Nelson/Marlborough/West Coast,Low-Skilled,342.27
1/03/2024,Tasman/Nelson/Marlborough/West Coast,Machinery Operators and Drivers,386.3
1/03/2024,Tasman/Nelson/Marlborough/West Coast,Managers,232.4
1/03/2024,Tasman/Nelson/Marlborough/West Coast,Manufacturing,547.83
1/03/2024,Tasman/Nelson/Marlborough/West Coast,Other,521.05
1/03/2024,Tasman/Nelson/Marlborough/West Coast,Primary,241.94
1/03/2024,Tasman/Nelson/Marlborough/West Coast,Professionals,210.6
1/03/2024,Tasman/Nelson/Marlborough/West Coast,Sales,197.32
1/03/2024,Tasman/Nelson/Marlborough/West Coast,Sales Workers,253.4
1/03/2024,Tasman/Nelson/Marlborough/West Coast,Semi-Skilled,405.08
1/03/2024,Tasman/Nelson/Marlborough/West Coast,Skilled,182.44
1/03/2024,Tasman/Nelson/Marlborough/West Coast,SkilledIndex,256.3
1/03/2024,Tasman/Nelson/Marlborough/West Coast,Technicians and Trades Workers,301.9
1/03/2024,Tasman/Nelson/Marlborough/West Coast,Unskilled,334.18
1/03/2024,Tasman/Nelson/Marlborough/West Coast,UnskilledIndex,339.9
1/03/2024,Totals,Auckland,147.98
1/03/2024,Totals,Bay of Plenty,336.81
1/03/2024,Totals,Business services,162.52
1/03/2024,Totals,Canterbury,204.24
1/03/2024,Totals,Clerical and Administrative Workers,180
1/03/2024,Totals,Community and Personal Service Workers,314.6
1/03/2024,Totals,Construction,272.77
1/03/2024,Totals,Education,123.81
1/03/2024,Totals,Gisborne/Hawkes Bay,285.34
1/03/2024,Totals,Health care,313.99
1/03/2024,Totals,Highly-Skilled,151.18
1/03/2024,Totals,Hospitality,244.01
1/03/2024,Totals,IT,56.59
1/03/2024,Totals,Labourers,439.4
1/03/2024,Totals,Low-Skilled,239.27
1/03/2024,Totals,Machinery Operators and Drivers,401.6
1/03/2024,Totals,Managers,130.9
1/03/2024,Totals,Manawatu-Whanganui/Taranaki,268.78
1/03/2024,Totals,Manufacturing,291.15
1/03/2024,Totals,Northland,318.26
1/03/2024,Totals,Otago/Southland,370.82
1/03/2024,Totals,Other,372.32
1/03/2024,Totals,Primary,295.67
1/03/2024,Totals,Professionals,152.6
1/03/2024,Totals,Sales,140.91
1/03/2024,Totals,Sales Workers,203.2
1/03/2024,Totals,Semi-Skilled,325.34
1/03/2024,Totals,Skilled,173.12
1/03/2024,Totals,SkilledIndex,172.5
1/03/2024,Totals,Tasman/Nelson/Marlborough/West Coast,285.61
1/03/2024,Totals,Technicians and Trades Workers,273.9
1/03/2024,Totals,TotalsIndex,192.43
1/03/2024,Totals,Unskilled,283.78
1/03/2024,Totals,UnskilledIndex,250.4
1/03/2024,Totals,Waikato,257.32
1/03/2024,Totals,Wellington,132.82
1/03/2024,Waikato,Business services,246.88
1/03/2024,Waikato,Clerical and Administrative Workers,291.1
1/03/2024,Waikato,Community and Personal Service Workers,365.4
1/03/2024,Waikato,Construction,326.02
1/03/2024,Waikato,Education,126.67
1/03/2024,Waikato,Health care,314.96
1/03/2024,Waikato,Highly-Skilled,214.21
1/03/2024,Waikato,Hospitality,237.05
1/03/2024,Waikato,IT,108.54
1/03/2024,Waikato,Labourers,509.6
1/03/2024,Waikato,Low-Skilled,333.18
1/03/2024,Waikato,Machinery Operators and Drivers,438.6
1/03/2024,Waikato,Managers,180.5
1/03/2024,Waikato,Manufacturing,396.78
1/03/2024,Waikato,Other,449.74
1/03/2024,Waikato,Primary,375.79
1/03/2024,Waikato,Professionals,184.4
1/03/2024,Waikato,Sales,171.67
1/03/2024,Waikato,Sales Workers,236
1/03/2024,Waikato,Semi-Skilled,394.06
1/03/2024,Waikato,Skilled,197.47
1/03/2024,Waikato,SkilledIndex,230.9
1/03/2024,Waikato,Technicians and Trades Workers,344.8
1/03/2024,Waikato,Unskilled,307.24
1/03/2024,Waikato,UnskilledIndex,325.6
1/03/2024,Wellington,Business services,133.92
1/03/2024,Wellington,Clerical and Administrative Workers,129.6
1/03/2024,Wellington,Community and Personal Service Workers,279.5
1/03/2024,Wellington,Construction,203.33
1/03/2024,Wellington,Education,109.06
1/03/2024,Wellington,Health care,271.12
1/03/2024,Wellington,Highly-Skilled,101.85
1/03/2024,Wellington,Hospitality,210.67
1/03/2024,Wellington,IT,38.64
1/03/2024,Wellington,Labourers,363.2
1/03/2024,Wellington,Low-Skilled,186.66
1/03/2024,Wellington,Machinery Operators and Drivers,315.3
1/03/2024,Wellington,Managers,90
1/03/2024,Wellington,Manufacturing,246.05
1/03/2024,Wellington,Other,209.35
1/03/2024,Wellington,Primary,276.12
1/03/2024,Wellington,Professionals,106.2
1/03/2024,Wellington,Sales,108.03
1/03/2024,Wellington,Sales Workers,162.2
1/03/2024,Wellington,Semi-Skilled,241.14
1/03/2024,Wellington,Skilled,132.08
1/03/2024,Wellington,SkilledIndex,116.4
1/03/2024,Wellington,Technicians and Trades Workers,183.7
1/03/2024,Wellington,Unskilled,214.98
1/03/2024,Wellington,UnskilledIndex,194
1/06/2024,Auckland,Business services,111.3
1/06/2024,Auckland,Clerical and Administrative Workers,107.9
1/06/2024,Auckland,Community and Personal Service Workers,191.6
1/06/2024,Auckland,Construction,182.87
1/06/2024,Auckland,Education,127.1
1/06/2024,Auckland,Health care,149.93
1/06/2024,Auckland,Highly-Skilled,103.5
1/06/2024,Auckland,Hospitality,143.57
1/06/2024,Auckland,IT,51.25
1/06/2024,Auckland,Labourers,239.1
1/06/2024,Auckland,Low-Skilled,137.82
1/06/2024,Auckland,Machinery Operators and Drivers,245.6
1/06/2024,Auckland,Managers,97.3
1/06/2024,Auckland,Manufacturing,163.09
1/06/2024,Auckland,Other,265.08
1/06/2024,Auckland,Primary,210.88
1/06/2024,Auckland,Professionals,107.9
1/06/2024,Auckland,Sales,99.06
1/06/2024,Auckland,Sales Workers,126.3
1/06/2024,Auckland,Semi-Skilled,210.28
1/06/2024,Auckland,Skilled,132.81
1/06/2024,Auckland,SkilledIndex,117.6
1/06/2024,Auckland,Technicians and Trades Workers,181.6
1/06/2024,Auckland,Unskilled,157.79
1/06/2024,Auckland,UnskilledIndex,142
1/06/2024,Bay of Plenty,Business services,333.58
1/06/2024,Bay of Plenty,Clerical and Administrative Workers,306.3
1/06/2024,Bay of Plenty,Community and Personal Service Workers,256.4
1/06/2024,Bay of Plenty,Construction,345.89
1/06/2024,Bay of Plenty,Education,116.07
1/06/2024,Bay of Plenty,Health care,337.89
1/06/2024,Bay of Plenty,Highly-Skilled,284.54
1/06/2024,Bay of Plenty,Hospitality,189.66
1/06/2024,Bay of Plenty,IT,163.86
1/06/2024,Bay of Plenty,Labourers,375.5
1/06/2024,Bay of Plenty,Low-Skilled,281.93
1/06/2024,Bay of Plenty,Machinery Operators and Drivers,384.4
1/06/2024,Bay of Plenty,Managers,217
1/06/2024,Bay of Plenty,Manufacturing,342.25
1/06/2024,Bay of Plenty,Other,449.04
1/06/2024,Bay of Plenty,Primary,386.36
1/06/2024,Bay of Plenty,Professionals,234.5
1/06/2024,Bay of Plenty,Sales,165.95
1/06/2024,Bay of Plenty,Sales Workers,226.8
1/06/2024,Bay of Plenty,Semi-Skilled,377.27
1/06/2024,Bay of Plenty,Skilled,182.47
1/06/2024,Bay of Plenty,SkilledIndex,260.1
1/06/2024,Bay of Plenty,Technicians and Trades Workers,300.7
1/06/2024,Bay of Plenty,Unskilled,265.23
1/06/2024,Bay of Plenty,UnskilledIndex,277.1
1/06/2024,Canterbury,Business services,162.25
1/06/2024,Canterbury,Clerical and Administrative Workers,143.4
1/06/2024,Canterbury,Community and Personal Service Workers,181.5
1/06/2024,Canterbury,Construction,204.89
1/06/2024,Canterbury,Education,104.26
1/06/2024,Canterbury,Health care,253.32
1/06/2024,Canterbury,Highly-Skilled,151.78
1/06/2024,Canterbury,Hospitality,113.68
1/06/2024,Canterbury,IT,90.99
1/06/2024,Canterbury,Labourers,285.9
1/06/2024,Canterbury,Low-Skilled,189.25
1/06/2024,Canterbury,Machinery Operators and Drivers,333.1
1/06/2024,Canterbury,Managers,134.5
1/06/2024,Canterbury,Manufacturing,269.45
1/06/2024,Canterbury,Other,421.86
1/06/2024,Canterbury,Primary,240.74
1/06/2024,Canterbury,Professionals,142.8
1/06/2024,Canterbury,Sales,115.35
1/06/2024,Canterbury,Sales Workers,156.7
1/06/2024,Canterbury,Semi-Skilled,257.08
1/06/2024,Canterbury,Skilled,139.88
1/06/2024,Canterbury,SkilledIndex,161.6
1/06/2024,Canterbury,Technicians and Trades Workers,213
1/06/2024,Canterbury,Unskilled,185.69
1/06/2024,Canterbury,UnskilledIndex,188.2
1/06/2024,Gisborne/Hawkes Bay,Business services,143.97
1/06/2024,Gisborne/Hawkes Bay,Clerical and Administrative Workers,172.6
1/06/2024,Gisborne/Hawkes Bay,Community and Personal Service Workers,195.6
1/06/2024,Gisborne/Hawkes Bay,Construction,199.62
1/06/2024,Gisborne/Hawkes Bay,Education,46.12
1/06/2024,Gisborne/Hawkes Bay,Health care,234.78
1/06/2024,Gisborne/Hawkes Bay,Highly-Skilled,159.61
1/06/2024,Gisborne/Hawkes Bay,Hospitality,110.4
1/06/2024,Gisborne/Hawkes Bay,IT,100
1/06/2024,Gisborne/Hawkes Bay,Labourers,331.4
1/06/2024,Gisborne/Hawkes Bay,Low-Skilled,169.97
1/06/2024,Gisborne/Hawkes Bay,Machinery Operators and Drivers,247.8
1/06/2024,Gisborne/Hawkes Bay,Managers,106.1
1/06/2024,Gisborne/Hawkes Bay,Manufacturing,204.84
1/06/2024,Gisborne/Hawkes Bay,Other,217.11
1/06/2024,Gisborne/Hawkes Bay,Primary,257.14
1/06/2024,Gisborne/Hawkes Bay,Professionals,115.5
1/06/2024,Gisborne/Hawkes Bay,Sales,143
1/06/2024,Gisborne/Hawkes Bay,Sales Workers,167.5
1/06/2024,Gisborne/Hawkes Bay,Semi-Skilled,195.27
1/06/2024,Gisborne/Hawkes Bay,Skilled,92.25
1/06/2024,Gisborne/Hawkes Bay,SkilledIndex,140.1
1/06/2024,Gisborne/Hawkes Bay,Technicians and Trades Workers,168.6
1/06/2024,Gisborne/Hawkes Bay,Unskilled,291.2
1/06/2024,Gisborne/Hawkes Bay,UnskilledIndex,202.8
1/06/2024,Manawatu-Whanganui/Taranaki,Business services,255.81
1/06/2024,Manawatu-Whanganui/Taranaki,Clerical and Administrative Workers,250.2
1/06/2024,Manawatu-Whanganui/Taranaki,Community and Personal Service Workers,329.1
1/06/2024,Manawatu-Whanganui/Taranaki,Construction,232.38
1/06/2024,Manawatu-Whanganui/Taranaki,Education,111.11
1/06/2024,Manawatu-Whanganui/Taranaki,Health care,371.61
1/06/2024,Manawatu-Whanganui/Taranaki,Highly-Skilled,231.08
1/06/2024,Manawatu-Whanganui/Taranaki,Hospitality,269.17
1/06/2024,Manawatu-Whanganui/Taranaki,IT,111.76
1/06/2024,Manawatu-Whanganui/Taranaki,Labourers,534.5
1/06/2024,Manawatu-Whanganui/Taranaki,Low-Skilled,297.84
1/06/2024,Manawatu-Whanganui/Taranaki,Machinery Operators and Drivers,330.8
1/06/2024,Manawatu-Whanganui/Taranaki,Managers,158.3
1/06/2024,Manawatu-Whanganui/Taranaki,Manufacturing,290.87
1/06/2024,Manawatu-Whanganui/Taranaki,Other,337.75
1/06/2024,Manawatu-Whanganui/Taranaki,Primary,281.43
1/06/2024,Manawatu-Whanganui/Taranaki,Professionals,189.9
1/06/2024,Manawatu-Whanganui/Taranaki,Sales,144.1
1/06/2024,Manawatu-Whanganui/Taranaki,Sales Workers,214.1
1/06/2024,Manawatu-Whanganui/Taranaki,Semi-Skilled,294.78
1/06/2024,Manawatu-Whanganui/Taranaki,Skilled,147.73
1/06/2024,Manawatu-Whanganui/Taranaki,SkilledIndex,206
1/06/2024,Manawatu-Whanganui/Taranaki,Technicians and Trades Workers,261.4
1/06/2024,Manawatu-Whanganui/Taranaki,Unskilled,317.15
1/06/2024,Manawatu-Whanganui/Taranaki,UnskilledIndex,303.3
1/06/2024,Northland,Business services,228.46
1/06/2024,Northland,Clerical and Administrative Workers,303.2
1/06/2024,Northland,Community and Personal Service Workers,453.5
1/06/2024,Northland,Construction,339.19
1/06/2024,Northland,Education,110.5
1/06/2024,Northland,Health care,259.86
1/06/2024,Northland,Highly-Skilled,258.31
1/06/2024,Northland,Hospitality,236.21
1/06/2024,Northland,IT,171.43
1/06/2024,Northland,Labourers,314.3
1/06/2024,Northland,Low-Skilled,268.92
1/06/2024,Northland,Machinery Operators and Drivers,350
1/06/2024,Northland,Managers,224.8
1/06/2024,Northland,Manufacturing,328.57
1/06/2024,Northland,Other,885.29
1/06/2024,Northland,Primary,174.36
1/06/2024,Northland,Professionals,186.2
1/06/2024,Northland,Sales,182.31
1/06/2024,Northland,Sales Workers,187
1/06/2024,Northland,Semi-Skilled,293.48
1/06/2024,Northland,Skilled,167.77
1/06/2024,Northland,SkilledIndex,226.1
1/06/2024,Northland,Technicians and Trades Workers,278.6
1/06/2024,Northland,Unskilled,328.57
1/06/2024,Northland,UnskilledIndex,285.1
1/06/2024,Otago/Southland,Business services,321.23
1/06/2024,Otago/Southland,Clerical and Administrative Workers,377
1/06/2024,Otago/Southland,Community and Personal Service Workers,467.5
1/06/2024,Otago/Southland,Construction,459.7
1/06/2024,Otago/Southland,Education,98.74
1/06/2024,Otago/Southland,Health care,460.64
1/06/2024,Otago/Southland,Highly-Skilled,279.73
1/06/2024,Otago/Southland,Hospitality,289.02
1/06/2024,Otago/Southland,IT,151.61
1/06/2024,Otago/Southland,Labourers,543.3
1/06/2024,Otago/Southland,Low-Skilled,351.48
1/06/2024,Otago/Southland,Machinery Operators and Drivers,418.8
1/06/2024,Otago/Southland,Managers,234.6
1/06/2024,Otago/Southland,Manufacturing,375
1/06/2024,Otago/Southland,Other,702.38
1/06/2024,Otago/Southland,Primary,277.98
1/06/2024,Otago/Southland,Professionals,220
1/06/2024,Otago/Southland,Sales,199.32
1/06/2024,Otago/Southland,Sales Workers,250
1/06/2024,Otago/Southland,Semi-Skilled,503.92
1/06/2024,Otago/Southland,Skilled,228.07
1/06/2024,Otago/Southland,SkilledIndex,291.6
1/06/2024,Otago/Southland,Technicians and Trades Workers,400.3
1/06/2024,Otago/Southland,Unskilled,362.33
1/06/2024,Otago/Southland,UnskilledIndex,354.9
1/06/2024,Tasman/Nelson/Marlborough/West Coast,Business services,209.2
1/06/2024,Tasman/Nelson/Marlborough/West Coast,Clerical and Administrative Workers,239
1/06/2024,Tasman/Nelson/Marlborough/West Coast,Community and Personal Service Workers,256.6
1/06/2024,Tasman/Nelson/Marlborough/West Coast,Construction,267.8
1/06/2024,Tasman/Nelson/Marlborough/West Coast,Education,81.3
1/06/2024,Tasman/Nelson/Marlborough/West Coast,Health care,345.25
1/06/2024,Tasman/Nelson/Marlborough/West Coast,Highly-Skilled,208.96
1/06/2024,Tasman/Nelson/Marlborough/West Coast,Hospitality,156.13
1/06/2024,Tasman/Nelson/Marlborough/West Coast,IT,142.31
1/06/2024,Tasman/Nelson/Marlborough/West Coast,Labourers,358.6
1/06/2024,Tasman/Nelson/Marlborough/West Coast,Low-Skilled,240.54
1/06/2024,Tasman/Nelson/Marlborough/West Coast,Machinery Operators and Drivers,247.7
1/06/2024,Tasman/Nelson/Marlborough/West Coast,Managers,162.8
1/06/2024,Tasman/Nelson/Marlborough/West Coast,Manufacturing,396.74
1/06/2024,Tasman/Nelson/Marlborough/West Coast,Other,397.37
1/06/2024,Tasman/Nelson/Marlborough/West Coast,Primary,197.85
1/06/2024,Tasman/Nelson/Marlborough/West Coast,Professionals,156.4
1/06/2024,Tasman/Nelson/Marlborough/West Coast,Sales,156.7
1/06/2024,Tasman/Nelson/Marlborough/West Coast,Sales Workers,226.7
1/06/2024,Tasman/Nelson/Marlborough/West Coast,Semi-Skilled,306.78
1/06/2024,Tasman/Nelson/Marlborough/West Coast,Skilled,131.92
1/06/2024,Tasman/Nelson/Marlborough/West Coast,SkilledIndex,187.7
1/06/2024,Tasman/Nelson/Marlborough/West Coast,Technicians and Trades Workers,228
1/06/2024,Tasman/Nelson/Marlborough/West Coast,Unskilled,274.64
1/06/2024,Tasman/Nelson/Marlborough/West Coast,UnskilledIndex,250.7
1/06/2024,Totals,Auckland,122.04
1/06/2024,Totals,Bay of Plenty,264.37
1/06/2024,Totals,Business services,141.14
1/06/2024,Totals,Canterbury,169.81
1/06/2024,Totals,Clerical and Administrative Workers,144.6
1/06/2024,Totals,Community and Personal Service Workers,237.2
1/06/2024,Totals,Construction,223.43
1/06/2024,Totals,Education,113.88
1/06/2024,Totals,Gisborne/Hawkes Bay,156.87
1/06/2024,Totals,Health care,226.76
1/06/2024,Totals,Highly-Skilled,129.1
1/06/2024,Totals,Hospitality,160.1
1/06/2024,Totals,IT,53.97
1/06/2024,Totals,Labourers,323.1
1/06/2024,Totals,Low-Skilled,184.92
1/06/2024,Totals,Machinery Operators and Drivers,302.6
1/06/2024,Totals,Managers,114.3
1/06/2024,Totals,Manawatu-Whanganui/Taranaki,227.83
1/06/2024,Totals,Manufacturing,231.68
1/06/2024,Totals,Northland,241.93
1/06/2024,Totals,Otago/Southland,307.12
1/06/2024,Totals,Other,299.47
1/06/2024,Totals,Primary,263.26
1/06/2024,Totals,Professionals,130.6
1/06/2024,Totals,Sales,116.35
1/06/2024,Totals,Sales Workers,161
1/06/2024,Totals,Semi-Skilled,263.16
1/06/2024,Totals,Skilled,143.31
1/06/2024,Totals,SkilledIndex,144.8
1/06/2024,Totals,Tasman/Nelson/Marlborough/West Coast,209.34
1/06/2024,Totals,Technicians and Trades Workers,218.6
1/06/2024,Totals,TotalsIndex,156.1
1/06/2024,Totals,Unskilled,211.41
1/06/2024,Totals,UnskilledIndex,191.6
1/06/2024,Totals,Waikato,210.99
1/06/2024,Totals,Wellington,105.77
1/06/2024,Waikato,Business services,211.91
1/06/2024,Waikato,Clerical and Administrative Workers,224.9
1/06/2024,Waikato,Community and Personal Service Workers,277
1/06/2024,Waikato,Construction,259.63
1/06/2024,Waikato,Education,126.45
1/06/2024,Waikato,Health care,231.42
1/06/2024,Waikato,Highly-Skilled,185.69
1/06/2024,Waikato,Hospitality,166.07
1/06/2024,Waikato,IT,107.54
1/06/2024,Waikato,Labourers,391.2
1/06/2024,Waikato,Low-Skilled,268.24
1/06/2024,Waikato,Machinery Operators and Drivers,369
1/06/2024,Waikato,Managers,156.2
1/06/2024,Waikato,Manufacturing,338.59
1/06/2024,Waikato,Other,348.68
1/06/2024,Waikato,Primary,334.74
1/06/2024,Waikato,Professionals,163.2
1/06/2024,Waikato,Sales,141.52
1/06/2024,Waikato,Sales Workers,195.1
1/06/2024,Waikato,Semi-Skilled,292.41
1/06/2024,Waikato,Skilled,162.15
1/06/2024,Waikato,SkilledIndex,191.3
1/06/2024,Waikato,Technicians and Trades Workers,262.2
1/06/2024,Waikato,Unskilled,243.75
1/06/2024,Waikato,UnskilledIndex,261
1/06/2024,Wellington,Business services,112.4
1/06/2024,Wellington,Clerical and Administrative Workers,104.3
1/06/2024,Wellington,Community and Personal Service Workers,197.9
1/06/2024,Wellington,Construction,167.9
1/06/2024,Wellington,Education,99.27
1/06/2024,Wellington,Health care,174.32
1/06/2024,Wellington,Highly-Skilled,83.76
1/06/2024,Wellington,Hospitality,138.86
1/06/2024,Wellington,IT,36.98
1/06/2024,Wellington,Labourers,261
1/06/2024,Wellington,Low-Skilled,142.61
1/06/2024,Wellington,Machinery Operators and Drivers,247.4
1/06/2024,Wellington,Managers,75.7
1/06/2024,Wellington,Manufacturing,201.09
1/06/2024,Wellington,Other,162.06
1/06/2024,Wellington,Primary,222.39
1/06/2024,Wellington,Professionals,86.9
1/06/2024,Wellington,Sales,87.64
1/06/2024,Wellington,Sales Workers,126.6
1/06/2024,Wellington,Semi-Skilled,201.79
1/06/2024,Wellington,Skilled,104.66
1/06/2024,Wellington,SkilledIndex,95.1
1/06/2024,Wellington,Technicians and Trades Workers,147.5
1/06/2024,Wellington,Unskilled,156.97
1/06/2024,Wellington,UnskilledIndex,146.3
1/09/2024,Auckland,Business services,100.64
1/09/2024,Auckland,Clerical and Administrative Workers,95.5
1/09/2024,Auckland,Community and Personal Service Workers,187.6
1/09/2024,Auckland,Construction,165.35
1/09/2024,Auckland,Education,147.55
1/09/2024,Auckland,Health care,161.43
1/09/2024,Auckland,Highly-Skilled,98.93
1/09/2024,Auckland,Hospitality,150.41
1/09/2024,Auckland,IT,49.11
1/09/2024,Auckland,Labourers,224.8
1/09/2024,Auckland,Low-Skilled,125.27
1/09/2024,Auckland,Machinery Operators and Drivers,216.4
1/09/2024,Auckland,Managers,90.2
1/09/2024,Auckland,Manufacturing,149.21
1/09/2024,Auckland,Other,251.9
1/09/2024,Auckland,Primary,237.41
1/09/2024,Auckland,Professionals,109.6
1/09/2024,Auckland,Sales,94.94
1/09/2024,Auckland,Sales Workers,126.5
1/09/2024,Auckland,Semi-Skilled,191.91
1/09/2024,Auckland,Skilled,138.8
1/09/2024,Auckland,SkilledIndex,114.3
1/09/2024,Auckland,Technicians and Trades Workers,170.3
1/09/2024,Auckland,Unskilled,159.95
1/09/2024,Auckland,UnskilledIndex,132.5
1/09/2024,Bay of Plenty,Business services,304.91
1/09/2024,Bay of Plenty,Clerical and Administrative Workers,251.7
1/09/2024,Bay of Plenty,Community and Personal Service Workers,231
1/09/2024,Bay of Plenty,Construction,340.18
1/09/2024,Bay of Plenty,Education,130.16
1/09/2024,Bay of Plenty,Health care,400.11
1/09/2024,Bay of Plenty,Highly-Skilled,297.93
1/09/2024,Bay of Plenty,Hospitality,228.08
1/09/2024,Bay of Plenty,IT,127.71
1/09/2024,Bay of Plenty,Labourers,451
1/09/2024,Bay of Plenty,Low-Skilled,271.9
1/09/2024,Bay of Plenty,Machinery Operators and Drivers,414.6
1/09/2024,Bay of Plenty,Managers,223
1/09/2024,Bay of Plenty,Manufacturing,302.14
1/09/2024,Bay of Plenty,Other,467.31
1/09/2024,Bay of Plenty,Primary,456.82
1/09/2024,Bay of Plenty,Professionals,257.2
1/09/2024,Bay of Plenty,Sales,177.03
1/09/2024,Bay of Plenty,Sales Workers,249.7
1/09/2024,Bay of Plenty,Semi-Skilled,392.42
1/09/2024,Bay of Plenty,Skilled,197.08
1/09/2024,Bay of Plenty,SkilledIndex,274.1
1/09/2024,Bay of Plenty,Technicians and Trades Workers,323.2
1/09/2024,Bay of Plenty,Unskilled,294.05
1/09/2024,Bay of Plenty,UnskilledIndex,278.3
1/09/2024,Canterbury,Business services,150.28
1/09/2024,Canterbury,Clerical and Administrative Workers,141.5
1/09/2024,Canterbury,Community and Personal Service Workers,187.1
1/09/2024,Canterbury,Construction,201.72
1/09/2024,Canterbury,Education,158.14
1/09/2024,Canterbury,Health care,256.66
1/09/2024,Canterbury,Highly-Skilled,146.21
1/09/2024,Canterbury,Hospitality,142.11
1/09/2024,Canterbury,IT,83.85
1/09/2024,Canterbury,Labourers,275.6
1/09/2024,Canterbury,Low-Skilled,188.95
1/09/2024,Canterbury,Machinery Operators and Drivers,351.2
1/09/2024,Canterbury,Managers,131.1
1/09/2024,Canterbury,Manufacturing,286.5
1/09/2024,Canterbury,Other,392.56
1/09/2024,Canterbury,Primary,284.57
1/09/2024,Canterbury,Professionals,156.3
1/09/2024,Canterbury,Sales,116.74
1/09/2024,Canterbury,Sales Workers,154
1/09/2024,Canterbury,Semi-Skilled,259.26
1/09/2024,Canterbury,Skilled,177.03
1/09/2024,Canterbury,SkilledIndex,169.7
1/09/2024,Canterbury,Technicians and Trades Workers,223.9
1/09/2024,Canterbury,Unskilled,187.74
1/09/2024,Canterbury,UnskilledIndex,188.6
1/09/2024,Gisborne/Hawkes Bay,Business services,109.22
1/09/2024,Gisborne/Hawkes Bay,Clerical and Administrative Workers,144.2
1/09/2024,Gisborne/Hawkes Bay,Community and Personal Service Workers,152.9
1/09/2024,Gisborne/Hawkes Bay,Construction,168.56
1/09/2024,Gisborne/Hawkes Bay,Education,57.14
1/09/2024,Gisborne/Hawkes Bay,Health care,175.16
1/09/2024,Gisborne/Hawkes Bay,Highly-Skilled,124.72
1/09/2024,Gisborne/Hawkes Bay,Hospitality,113.6
1/09/2024,Gisborne/Hawkes Bay,IT,33.33
1/09/2024,Gisborne/Hawkes Bay,Labourers,276.4
1/09/2024,Gisborne/Hawkes Bay,Low-Skilled,155.08
1/09/2024,Gisborne/Hawkes Bay,Machinery Operators and Drivers,253.6
1/09/2024,Gisborne/Hawkes Bay,Managers,90.5
1/09/2024,Gisborne/Hawkes Bay,Manufacturing,209.68
1/09/2024,Gisborne/Hawkes Bay,Other,223.68
1/09/2024,Gisborne/Hawkes Bay,Primary,234.92
1/09/2024,Gisborne/Hawkes Bay,Professionals,99.1
1/09/2024,Gisborne/Hawkes Bay,Sales,111.5
1/09/2024,Gisborne/Hawkes Bay,Sales Workers,139.7
1/09/2024,Gisborne/Hawkes Bay,Semi-Skilled,183.78
1/09/2024,Gisborne/Hawkes Bay,Skilled,85.82
1/09/2024,Gisborne/Hawkes Bay,SkilledIndex,119.4
1/09/2024,Gisborne/Hawkes Bay,Technicians and Trades Workers,155.2
1/09/2024,Gisborne/Hawkes Bay,Unskilled,244
1/09/2024,Gisborne/Hawkes Bay,UnskilledIndex,179.2
1/09/2024,Manawatu-Whanganui/Taranaki,Business services,240.07
1/09/2024,Manawatu-Whanganui/Taranaki,Clerical and Administrative Workers,237.1
1/09/2024,Manawatu-Whanganui/Taranaki,Community and Personal Service Workers,323.8
1/09/2024,Manawatu-Whanganui/Taranaki,Construction,231.62
1/09/2024,Manawatu-Whanganui/Taranaki,Education,139.57
1/09/2024,Manawatu-Whanganui/Taranaki,Health care,355.06
1/09/2024,Manawatu-Whanganui/Taranaki,Highly-Skilled,229.98
1/09/2024,Manawatu-Whanganui/Taranaki,Hospitality,272.18
1/09/2024,Manawatu-Whanganui/Taranaki,IT,127.06
1/09/2024,Manawatu-Whanganui/Taranaki,Labourers,522.6
1/09/2024,Manawatu-Whanganui/Taranaki,Low-Skilled,273.18
1/09/2024,Manawatu-Whanganui/Taranaki,Machinery Operators and Drivers,319.2
1/09/2024,Manawatu-Whanganui/Taranaki,Managers,161.6
1/09/2024,Manawatu-Whanganui/Taranaki,Manufacturing,268.7
1/09/2024,Manawatu-Whanganui/Taranaki,Other,340.4
1/09/2024,Manawatu-Whanganui/Taranaki,Primary,272.86
1/09/2024,Manawatu-Whanganui/Taranaki,Professionals,199.3
1/09/2024,Manawatu-Whanganui/Taranaki,Sales,128.19
1/09/2024,Manawatu-Whanganui/Taranaki,Sales Workers,199.3
1/09/2024,Manawatu-Whanganui/Taranaki,Semi-Skilled,284.65
1/09/2024,Manawatu-Whanganui/Taranaki,Skilled,161.62
1/09/2024,Manawatu-Whanganui/Taranaki,SkilledIndex,209.7
1/09/2024,Manawatu-Whanganui/Taranaki,Technicians and Trades Workers,241.6
1/09/2024,Manawatu-Whanganui/Taranaki,Unskilled,311.29
1/09/2024,Manawatu-Whanganui/Taranaki,UnskilledIndex,284
1/09/2024,Northland,Business services,228.46
1/09/2024,Northland,Clerical and Administrative Workers,282.8
1/09/2024,Northland,Community and Personal Service Workers,441.4
1/09/2024,Northland,Construction,377.03
1/09/2024,Northland,Education,146.58
1/09/2024,Northland,Health care,242.65
1/09/2024,Northland,Highly-Skilled,252.58
1/09/2024,Northland,Hospitality,344.83
1/09/2024,Northland,IT,157.14
1/09/2024,Northland,Labourers,373.8
1/09/2024,Northland,Low-Skilled,308.78
1/09/2024,Northland,Machinery Operators and Drivers,476.7
1/09/2024,Northland,Managers,286.1
1/09/2024,Northland,Manufacturing,344.64
1/09/2024,Northland,Other,817.65
1/09/2024,Northland,Primary,238.46
1/09/2024,Northland,Professionals,190.3
1/09/2024,Northland,Sales,213.85
1/09/2024,Northland,Sales Workers,203.3
1/09/2024,Northland,Semi-Skilled,321.74
1/09/2024,Northland,Skilled,216.9
1/09/2024,Northland,SkilledIndex,246.8
1/09/2024,Northland,Technicians and Trades Workers,337.3
1/09/2024,Northland,Unskilled,298.57
1/09/2024,Northland,UnskilledIndex,306
1/09/2024,Otago/Southland,Business services,286.64
1/09/2024,Otago/Southland,Clerical and Administrative Workers,356.3
1/09/2024,Otago/Southland,Community and Personal Service Workers,515.6
1/09/2024,Otago/Southland,Construction,475.06
1/09/2024,Otago/Southland,Education,155.21
1/09/2024,Otago/Southland,Health care,417.73
1/09/2024,Otago/Southland,Highly-Skilled,265.63
1/09/2024,Otago/Southland,Hospitality,412.6
1/09/2024,Otago/Southland,IT,127.96
1/09/2024,Otago/Southland,Labourers,522.7
1/09/2024,Otago/Southland,Low-Skilled,371.31
1/09/2024,Otago/Southland,Machinery Operators and Drivers,492.1
1/09/2024,Otago/Southland,Managers,244.1
1/09/2024,Otago/Southland,Manufacturing,388.75
1/09/2024,Otago/Southland,Other,647.62
1/09/2024,Otago/Southland,Primary,283.49
1/09/2024,Otago/Southland,Professionals,229.9
1/09/2024,Otago/Southland,Sales,210.66
1/09/2024,Otago/Southland,Sales Workers,273
1/09/2024,Otago/Southland,Semi-Skilled,502.94
1/09/2024,Otago/Southland,Skilled,271
1/09/2024,Otago/Southland,SkilledIndex,299.6
1/09/2024,Otago/Southland,Technicians and Trades Workers,413.6
1/09/2024,Otago/Southland,Unskilled,395.81
1/09/2024,Otago/Southland,UnskilledIndex,379
1/09/2024,Tasman/Nelson/Marlborough/West Coast,Business services,200
1/09/2024,Tasman/Nelson/Marlborough/West Coast,Clerical and Administrative Workers,252.9
1/09/2024,Tasman/Nelson/Marlborough/West Coast,Community and Personal Service Workers,308.4
1/09/2024,Tasman/Nelson/Marlborough/West Coast,Construction,262.29
1/09/2024,Tasman/Nelson/Marlborough/West Coast,Education,118.7
1/09/2024,Tasman/Nelson/Marlborough/West Coast,Health care,401.57
1/09/2024,Tasman/Nelson/Marlborough/West Coast,Highly-Skilled,211.78
1/09/2024,Tasman/Nelson/Marlborough/West Coast,Hospitality,221.29
1/09/2024,Tasman/Nelson/Marlborough/West Coast,IT,80.77
1/09/2024,Tasman/Nelson/Marlborough/West Coast,Labourers,357.3
1/09/2024,Tasman/Nelson/Marlborough/West Coast,Low-Skilled,243.39
1/09/2024,Tasman/Nelson/Marlborough/West Coast,Machinery Operators and Drivers,248.9
1/09/2024,Tasman/Nelson/Marlborough/West Coast,Managers,176.6
1/09/2024,Tasman/Nelson/Marlborough/West Coast,Manufacturing,369.57
1/09/2024,Tasman/Nelson/Marlborough/West Coast,Other,396.05
1/09/2024,Tasman/Nelson/Marlborough/West Coast,Primary,275.27
1/09/2024,Tasman/Nelson/Marlborough/West Coast,Professionals,173.5
1/09/2024,Tasman/Nelson/Marlborough/West Coast,Sales,150
1/09/2024,Tasman/Nelson/Marlborough/West Coast,Sales Workers,197.4
1/09/2024,Tasman/Nelson/Marlborough/West Coast,Semi-Skilled,317.8
1/09/2024,Tasman/Nelson/Marlborough/West Coast,Skilled,173.55
1/09/2024,Tasman/Nelson/Marlborough/West Coast,SkilledIndex,208
1/09/2024,Tasman/Nelson/Marlborough/West Coast,Technicians and Trades Workers,260.3
1/09/2024,Tasman/Nelson/Marlborough/West Coast,Unskilled,293.24
1/09/2024,Tasman/Nelson/Marlborough/West Coast,UnskilledIndex,258.3
1/09/2024,Totals,Auckland,117.45
1/09/2024,Totals,Bay of Plenty,271.3
1/09/2024,Totals,Business services,128.59
1/09/2024,Totals,Canterbury,175.59
1/09/2024,Totals,Clerical and Administrative Workers,130.9
1/09/2024,Totals,Community and Personal Service Workers,236.8
1/09/2024,Totals,Construction,213.5
1/09/2024,Totals,Education,146.72
1/09/2024,Totals,Gisborne/Hawkes Bay,135.8
1/09/2024,Totals,Health care,226.34
1/09/2024,Totals,Highly-Skilled,125.22
1/09/2024,Totals,Hospitality,186.28
1/09/2024,Totals,IT,52
1/09/2024,Totals,Labourers,311.4
1/09/2024,Totals,Low-Skilled,174.92
1/09/2024,Totals,Machinery Operators and Drivers,293.5
1/09/2024,Totals,Managers,111.4
1/09/2024,Totals,Manawatu-Whanganui/Taranaki,224.19
1/09/2024,Totals,Manufacturing,216.73
1/09/2024,Totals,Northland,261.32
1/09/2024,Totals,Otago/Southland,321.91
1/09/2024,Totals,Other,299.55
1/09/2024,Totals,Primary,289.01
1/09/2024,Totals,Professionals,136.3
1/09/2024,Totals,Sales,112.11
1/09/2024,Totals,Sales Workers,158.2
1/09/2024,Totals,Semi-Skilled,257.22
1/09/2024,Totals,Skilled,159.98
1/09/2024,Totals,SkilledIndex,146
1/09/2024,Totals,Tasman/Nelson/Marlborough/West Coast,226.78
1/09/2024,Totals,Technicians and Trades Workers,217.9
1/09/2024,Totals,TotalsIndex,154.87
1/09/2024,Totals,Unskilled,210.98
1/09/2024,Totals,UnskilledIndex,184
1/09/2024,Totals,Waikato,210.46
1/09/2024,Totals,Wellington,104.57
1/09/2024,Waikato,Business services,192.06
1/09/2024,Waikato,Clerical and Administrative Workers,203.9
1/09/2024,Waikato,Community and Personal Service Workers,276
1/09/2024,Waikato,Construction,268.78
1/09/2024,Waikato,Education,167.31
1/09/2024,Waikato,Health care,212.22
1/09/2024,Waikato,Highly-Skilled,176.38
1/09/2024,Waikato,Hospitality,207.59
1/09/2024,Waikato,IT,115.58
1/09/2024,Waikato,Labourers,389.7
1/09/2024,Waikato,Low-Skilled,251.25
1/09/2024,Waikato,Machinery Operators and Drivers,351.5
1/09/2024,Waikato,Managers,160.1
1/09/2024,Waikato,Manufacturing,283.6
1/09/2024,Waikato,Other,358.2
1/09/2024,Waikato,Primary,336.84
1/09/2024,Waikato,Professionals,169.6
1/09/2024,Waikato,Sales,133.79
1/09/2024,Waikato,Sales Workers,187
1/09/2024,Waikato,Semi-Skilled,304.29
1/09/2024,Waikato,Skilled,189.5
1/09/2024,Waikato,SkilledIndex,196.3
1/09/2024,Waikato,Technicians and Trades Workers,269.4
1/09/2024,Waikato,Unskilled,243.42
1/09/2024,Waikato,UnskilledIndex,249
1/09/2024,Wellington,Business services,103.48
1/09/2024,Wellington,Clerical and Administrative Workers,90.8
1/09/2024,Wellington,Community and Personal Service Workers,189.6
1/09/2024,Wellington,Construction,152.38
1/09/2024,Wellington,Education,130.85
1/09/2024,Wellington,Health care,183.54
1/09/2024,Wellington,Highly-Skilled,86.15
1/09/2024,Wellington,Hospitality,138.48
1/09/2024,Wellington,IT,38.01
1/09/2024,Wellington,Labourers,232
1/09/2024,Wellington,Low-Skilled,127.56
1/09/2024,Wellington,Machinery Operators and Drivers,213.7
1/09/2024,Wellington,Managers,75.8
1/09/2024,Wellington,Manufacturing,182.02
1/09/2024,Wellington,Other,183.4
1/09/2024,Wellington,Primary,244.78
1/09/2024,Wellington,Professionals,94.5
1/09/2024,Wellington,Sales,77.18
1/09/2024,Wellington,Sales Workers,114.7
1/09/2024,Wellington,Semi-Skilled,196.57
1/09/2024,Wellington,Skilled,109.21
1/09/2024,Wellington,SkilledIndex,97.5
1/09/2024,Wellington,Technicians and Trades Workers,142.6
1/09/2024,Wellington,Unskilled,142.98
1/09/2024,Wellington,UnskilledIndex,131.6
1/12/2024,Auckland,Business services,77.42
1/12/2024,Auckland,Clerical and Administrative Workers,75
1/12/2024,Auckland,Community and Personal Service Workers,144.4
1/12/2024,Auckland,Construction,135.83
1/12/2024,Auckland,Education,136.62
1/12/2024,Auckland,Health care,126.04
1/12/2024,Auckland,Highly-Skilled,77.85
1/12/2024,Auckland,Hospitality,130.1
1/12/2024,Auckland,IT,38.32
1/12/2024,Auckland,Labourers,181.9
1/12/2024,Auckland,Low-Skilled,99.55
1/12/2024,Auckland,Machinery Operators and Drivers,187.3
1/12/2024,Auckland,Managers,73.2
1/12/2024,Auckland,Manufacturing,123.21
1/12/2024,Auckland,Other,186.55
1/12/2024,Auckland,Primary,189.8
1/12/2024,Auckland,Professionals,88.9
1/12/2024,Auckland,Sales,69.41
1/12/2024,Auckland,Sales Workers,86.2
1/12/2024,Auckland,Semi-Skilled,155.04
1/12/2024,Auckland,Skilled,120
1/12/2024,Auckland,SkilledIndex,92.5
1/12/2024,Auckland,Technicians and Trades Workers,140.7
1/12/2024,Auckland,Unskilled,116.66
1/12/2024,Auckland,UnskilledIndex,103.1
1/12/2024,Bay of Plenty,Business services,246.79
1/12/2024,Bay of Plenty,Clerical and Administrative Workers,246.1
1/12/2024,Bay of Plenty,Community and Personal Service Workers,223
1/12/2024,Bay of Plenty,Construction,295.66
1/12/2024,Bay of Plenty,Education,150.49
1/12/2024,Bay of Plenty,Health care,298.74
1/12/2024,Bay of Plenty,Highly-Skilled,229.48
1/12/2024,Bay of Plenty,Hospitality,213.3
1/12/2024,Bay of Plenty,IT,102.41
1/12/2024,Bay of Plenty,Labourers,339.8
1/12/2024,Bay of Plenty,Low-Skilled,238.01
1/12/2024,Bay of Plenty,Machinery Operators and Drivers,340.6
1/12/2024,Bay of Plenty,Managers,181.3
1/12/2024,Bay of Plenty,Manufacturing,265.78
1/12/2024,Bay of Plenty,Other,392.31
1/12/2024,Bay of Plenty,Primary,381.82
1/12/2024,Bay of Plenty,Professionals,216.6
1/12/2024,Bay of Plenty,Sales,138.11
1/12/2024,Bay of Plenty,Sales Workers,192.9
1/12/2024,Bay of Plenty,Semi-Skilled,317.17
1/12/2024,Bay of Plenty,Skilled,201.56
1/12/2024,Bay of Plenty,SkilledIndex,231.7
1/12/2024,Bay of Plenty,Technicians and Trades Workers,271.9
1/12/2024,Bay of Plenty,Unskilled,240.81
1/12/2024,Bay of Plenty,UnskilledIndex,238.8
1/12/2024,Canterbury,Business services,120.03
1/12/2024,Canterbury,Clerical and Administrative Workers,112.3
1/12/2024,Canterbury,Community and Personal Service Workers,164.7
1/12/2024,Canterbury,Construction,179.05
1/12/2024,Canterbury,Education,141.55
1/12/2024,Canterbury,Health care,208.32
1/12/2024,Canterbury,Highly-Skilled,126.8
1/12/2024,Canterbury,Hospitality,145.26
1/12/2024,Canterbury,IT,74.53
1/12/2024,Canterbury,Labourers,239.4
1/12/2024,Canterbury,Low-Skilled,167.44
1/12/2024,Canterbury,Machinery Operators and Drivers,337.4
1/12/2024,Canterbury,Managers,117.5
1/12/2024,Canterbury,Manufacturing,254.17
1/12/2024,Canterbury,Other,348.84
1/12/2024,Canterbury,Primary,197.53
1/12/2024,Canterbury,Professionals,131.4
1/12/2024,Canterbury,Sales,85.27
1/12/2024,Canterbury,Sales Workers,123.5
1/12/2024,Canterbury,Semi-Skilled,213.36
1/12/2024,Canterbury,Skilled,145.78
1/12/2024,Canterbury,SkilledIndex,143.4
1/12/2024,Canterbury,Technicians and Trades Workers,186.1
1/12/2024,Canterbury,Unskilled,152.26
1/12/2024,Canterbury,UnskilledIndex,163
1/12/2024,Gisborne/Hawkes Bay,Business services,100.71
1/12/2024,Gisborne/Hawkes Bay,Clerical and Administrative Workers,136.3
1/12/2024,Gisborne/Hawkes Bay,Community and Personal Service Workers,145.6
1/12/2024,Gisborne/Hawkes Bay,Construction,148.86
1/12/2024,Gisborne/Hawkes Bay,Education,44.08
1/12/2024,Gisborne/Hawkes Bay,Health care,159.42
1/12/2024,Gisborne/Hawkes Bay,Highly-Skilled,116.44
1/12/2024,Gisborne/Hawkes Bay,Hospitality,112
1/12/2024,Gisborne/Hawkes Bay,IT,22.22
1/12/2024,Gisborne/Hawkes Bay,Labourers,257.6
1/12/2024,Gisborne/Hawkes Bay,Low-Skilled,157.47
1/12/2024,Gisborne/Hawkes Bay,Machinery Operators and Drivers,298.6
1/12/2024,Gisborne/Hawkes Bay,Managers,91.2
1/12/2024,Gisborne/Hawkes Bay,Manufacturing,237.9
1/12/2024,Gisborne/Hawkes Bay,Other,190.79
1/12/2024,Gisborne/Hawkes Bay,Primary,222.22
1/12/2024,Gisborne/Hawkes Bay,Professionals,85.5
1/12/2024,Gisborne/Hawkes Bay,Sales,79
1/12/2024,Gisborne/Hawkes Bay,Sales Workers,94.4
1/12/2024,Gisborne/Hawkes Bay,Semi-Skilled,150
1/12/2024,Gisborne/Hawkes Bay,Skilled,69.89
1/12/2024,Gisborne/Hawkes Bay,SkilledIndex,104.3
1/12/2024,Gisborne/Hawkes Bay,Technicians and Trades Workers,129.4
1/12/2024,Gisborne/Hawkes Bay,Unskilled,199.2
1/12/2024,Gisborne/Hawkes Bay,UnskilledIndex,168.8
1/12/2024,Manawatu-Whanganui/Taranaki,Business services,204.87
1/12/2024,Manawatu-Whanganui/Taranaki,Clerical and Administrative Workers,199.4
1/12/2024,Manawatu-Whanganui/Taranaki,Community and Personal Service Workers,255.8
1/12/2024,Manawatu-Whanganui/Taranaki,Construction,197.14
1/12/2024,Manawatu-Whanganui/Taranaki,Education,157.18
1/12/2024,Manawatu-Whanganui/Taranaki,Health care,281.06
1/12/2024,Manawatu-Whanganui/Taranaki,Highly-Skilled,184.79
1/12/2024,Manawatu-Whanganui/Taranaki,Hospitality,218.05
1/12/2024,Manawatu-Whanganui/Taranaki,IT,91.76
1/12/2024,Manawatu-Whanganui/Taranaki,Labourers,407.1
1/12/2024,Manawatu-Whanganui/Taranaki,Low-Skilled,238.61
1/12/2024,Manawatu-Whanganui/Taranaki,Machinery Operators and Drivers,291.3
1/12/2024,Manawatu-Whanganui/Taranaki,Managers,146.8
1/12/2024,Manawatu-Whanganui/Taranaki,Manufacturing,254.35
1/12/2024,Manawatu-Whanganui/Taranaki,Other,252.98
1/12/2024,Manawatu-Whanganui/Taranaki,Primary,202.86
1/12/2024,Manawatu-Whanganui/Taranaki,Professionals,173.7
1/12/2024,Manawatu-Whanganui/Taranaki,Sales,109.16
1/12/2024,Manawatu-Whanganui/Taranaki,Sales Workers,151.9
1/12/2024,Manawatu-Whanganui/Taranaki,Semi-Skilled,251.22
1/12/2024,Manawatu-Whanganui/Taranaki,Skilled,155.97
1/12/2024,Manawatu-Whanganui/Taranaki,SkilledIndex,181.3
1/12/2024,Manawatu-Whanganui/Taranaki,Technicians and Trades Workers,220.3
1/12/2024,Manawatu-Whanganui/Taranaki,Unskilled,238.8
1/12/2024,Manawatu-Whanganui/Taranaki,UnskilledIndex,238.7
1/12/2024,Northland,Business services,191.54
1/12/2024,Northland,Clerical and Administrative Workers,253.3
1/12/2024,Northland,Community and Personal Service Workers,364.9
1/12/2024,Northland,Construction,342.57
1/12/2024,Northland,Education,176.71
1/12/2024,Northland,Health care,211.24
1/12/2024,Northland,Highly-Skilled,232.51
1/12/2024,Northland,Hospitality,324.14
1/12/2024,Northland,IT,164.29
1/12/2024,Northland,Labourers,326.2
1/12/2024,Northland,Low-Skilled,255.1
1/12/2024,Northland,Machinery Operators and Drivers,410
1/12/2024,Northland,Managers,244.6
1/12/2024,Northland,Manufacturing,330.36
1/12/2024,Northland,Other,747.06
1/12/2024,Northland,Primary,128.21
1/12/2024,Northland,Professionals,196
1/12/2024,Northland,Sales,162.31
1/12/2024,Northland,Sales Workers,140.2
1/12/2024,Northland,Semi-Skilled,286.96
1/12/2024,Northland,Skilled,221.25
1/12/2024,Northland,SkilledIndex,234.7
1/12/2024,Northland,Technicians and Trades Workers,318.3
1/12/2024,Northland,Unskilled,262.86
1/12/2024,Northland,UnskilledIndex,257.2
1/12/2024,Otago/Southland,Business services,225.34
1/12/2024,Otago/Southland,Clerical and Administrative Workers,324.4
1/12/2024,Otago/Southland,Community and Personal Service Workers,551.9
1/12/2024,Otago/Southland,Construction,454.16
1/12/2024,Otago/Southland,Education,156.15
1/12/2024,Otago/Southland,Health care,341.54
1/12/2024,Otago/Southland,Highly-Skilled,222.03
1/12/2024,Otago/Southland,Hospitality,449.19
1/12/2024,Otago/Southland,IT,107.53
1/12/2024,Otago/Southland,Labourers,533
1/12/2024,Otago/Southland,Low-Skilled,350.84
1/12/2024,Otago/Southland,Machinery Operators and Drivers,470.3
1/12/2024,Otago/Southland,Managers,215.3
1/12/2024,Otago/Southland,Manufacturing,387.5
1/12/2024,Otago/Southland,Other,720.24
1/12/2024,Otago/Southland,Primary,203.67
1/12/2024,Otago/Southland,Professionals,195.9
1/12/2024,Otago/Southland,Sales,162.81
1/12/2024,Otago/Southland,Sales Workers,209.5
1/12/2024,Otago/Southland,Semi-Skilled,486.27
1/12/2024,Otago/Southland,Skilled,267.29
1/12/2024,Otago/Southland,SkilledIndex,273.9
1/12/2024,Otago/Southland,Technicians and Trades Workers,411.8
1/12/2024,Otago/Southland,Unskilled,378.6
1/12/2024,Otago/Southland,UnskilledIndex,359.5
1/12/2024,Tasman/Nelson/Marlborough/West Coast,Business services,158.62
1/12/2024,Tasman/Nelson/Marlborough/West Coast,Clerical and Administrative Workers,206
1/12/2024,Tasman/Nelson/Marlborough/West Coast,Community and Personal Service Workers,271.9
1/12/2024,Tasman/Nelson/Marlborough/West Coast,Construction,224.58
1/12/2024,Tasman/Nelson/Marlborough/West Coast,Education,118.26
1/12/2024,Tasman/Nelson/Marlborough/West Coast,Health care,421.28
1/12/2024,Tasman/Nelson/Marlborough/West Coast,Highly-Skilled,194.86
1/12/2024,Tasman/Nelson/Marlborough/West Coast,Hospitality,213.55
1/12/2024,Tasman/Nelson/Marlborough/West Coast,IT,92.31
1/12/2024,Tasman/Nelson/Marlborough/West Coast,Labourers,353.4
1/12/2024,Tasman/Nelson/Marlborough/West Coast,Low-Skilled,218.99
1/12/2024,Tasman/Nelson/Marlborough/West Coast,Machinery Operators and Drivers,266.1
1/12/2024,Tasman/Nelson/Marlborough/West Coast,Managers,122.5
1/12/2024,Tasman/Nelson/Marlborough/West Coast,Manufacturing,346.74
1/12/2024,Tasman/Nelson/Marlborough/West Coast,Other,285.53
1/12/2024,Tasman/Nelson/Marlborough/West Coast,Primary,203.23
1/12/2024,Tasman/Nelson/Marlborough/West Coast,Professionals,172
1/12/2024,Tasman/Nelson/Marlborough/West Coast,Sales,107.59
1/12/2024,Tasman/Nelson/Marlborough/West Coast,Sales Workers,138.8
1/12/2024,Tasman/Nelson/Marlborough/West Coast,Semi-Skilled,258.47
1/12/2024,Tasman/Nelson/Marlborough/West Coast,Skilled,157.88
1/12/2024,Tasman/Nelson/Marlborough/West Coast,SkilledIndex,186.6
1/12/2024,Tasman/Nelson/Marlborough/West Coast,Technicians and Trades Workers,233.2
1/12/2024,Tasman/Nelson/Marlborough/West Coast,Unskilled,262.73
1/12/2024,Tasman/Nelson/Marlborough/West Coast,UnskilledIndex,232.1
1/12/2024,Totals,Auckland,93.67
1/12/2024,Totals,Bay of Plenty,231.24
1/12/2024,Totals,Business services,101.2
1/12/2024,Totals,Canterbury,149.69
1/12/2024,Totals,Clerical and Administrative Workers,107
1/12/2024,Totals,Community and Personal Service Workers,203.5
1/12/2024,Totals,Construction,182.03
1/12/2024,Totals,Education,145.87
1/12/2024,Totals,Gisborne/Hawkes Bay,122.82
1/12/2024,Totals,Health care,185.02
1/12/2024,Totals,Highly-Skilled,102.69
1/12/2024,Totals,Hospitality,176.52
1/12/2024,Totals,IT,41.67
1/12/2024,Totals,Labourers,266.2
1/12/2024,Totals,Low-Skilled,148.51
1/12/2024,Totals,Machinery Operators and Drivers,262.5
1/12/2024,Totals,Managers,93.1
1/12/2024,Totals,Manawatu-Whanganui/Taranaki,191.94
1/12/2024,Totals,Manufacturing,192.12
1/12/2024,Totals,Northland,237.18
1/12/2024,Totals,Otago/Southland,296.81
1/12/2024,Totals,Other,257.26
1/12/2024,Totals,Primary,212.65
1/12/2024,Totals,Professionals,116.5
1/12/2024,Totals,Sales,84.22
1/12/2024,Totals,Sales Workers,116.6
1/12/2024,Totals,Semi-Skilled,214.98
1/12/2024,Totals,Skilled,145.7
1/12/2024,Totals,SkilledIndex,123.8
1/12/2024,Totals,Tasman/Nelson/Marlborough/West Coast,201.03
1/12/2024,Totals,Technicians and Trades Workers,188.9
1/12/2024,Totals,TotalsIndex,130.34
1/12/2024,Totals,Unskilled,168.55
1/12/2024,Totals,UnskilledIndex,153.5
1/12/2024,Totals,Waikato,174.58
1/12/2024,Totals,Wellington,88.11
1/12/2024,Waikato,Business services,144.23
1/12/2024,Waikato,Clerical and Administrative Workers,167.4
1/12/2024,Waikato,Community and Personal Service Workers,229
1/12/2024,Waikato,Construction,217.86
1/12/2024,Waikato,Education,169.68
1/12/2024,Waikato,Health care,190.02
1/12/2024,Waikato,Highly-Skilled,145.91
1/12/2024,Waikato,Hospitality,200
1/12/2024,Waikato,IT,70.35
1/12/2024,Waikato,Labourers,329.4
1/12/2024,Waikato,Low-Skilled,207.55
1/12/2024,Waikato,Machinery Operators and Drivers,281.3
1/12/2024,Waikato,Managers,128.1
1/12/2024,Waikato,Manufacturing,256.27
1/12/2024,Waikato,Other,290.48
1/12/2024,Waikato,Primary,209.47
1/12/2024,Waikato,Professionals,151.5
1/12/2024,Waikato,Sales,98.64
1/12/2024,Waikato,Sales Workers,132.5
1/12/2024,Waikato,Semi-Skilled,236.3
1/12/2024,Waikato,Skilled,172.28
1/12/2024,Waikato,SkilledIndex,165.4
1/12/2024,Waikato,Technicians and Trades Workers,220.9
1/12/2024,Waikato,Unskilled,188.49
1/12/2024,Waikato,UnskilledIndex,201.9
1/12/2024,Wellington,Business services,83.33
1/12/2024,Wellington,Clerical and Administrative Workers,71.1
1/12/2024,Wellington,Community and Personal Service Workers,162.1
1/12/2024,Wellington,Construction,122.63
1/12/2024,Wellington,Education,128.22
1/12/2024,Wellington,Health care,139.46
1/12/2024,Wellington,Highly-Skilled,71.1
1/12/2024,Wellington,Hospitality,129.71
1/12/2024,Wellington,IT,32
1/12/2024,Wellington,Labourers,192.3
1/12/2024,Wellington,Low-Skilled,105
1/12/2024,Wellington,Machinery Operators and Drivers,156.3
1/12/2024,Wellington,Managers,61.9
1/12/2024,Wellington,Manufacturing,139.51
1/12/2024,Wellington,Other,182.87
1/12/2024,Wellington,Primary,195.52
1/12/2024,Wellington,Professionals,81.4
1/12/2024,Wellington,Sales,61.5
1/12/2024,Wellington,Sales Workers,97.2
1/12/2024,Wellington,Semi-Skilled,169.06
1/12/2024,Wellington,Skilled,102.1
1/12/2024,Wellington,SkilledIndex,83.4
1/12/2024,Wellington,Technicians and Trades Workers,129.8
1/12/2024,Wellington,Unskilled,112.1
1/12/2024,Wellington,UnskilledIndex,106.8
1/03/2025,Auckland,Business services,98.34
1/03/2025,Auckland,Clerical and Administrative Workers,96.9
1/03/2025,Auckland,Community and Personal Service Workers,180.8
1/03/2025,Auckland,Construction,157.61
1/03/2025,Auckland,Education,97.07
1/03/2025,Auckland,Health care,139.54
1/03/2025,Auckland,Highly-Skilled,93.24
1/03/2025,Auckland,Hospitality,152.22
1/03/2025,Auckland,IT,47.52
1/03/2025,Auckland,Labourers,213.6
1/03/2025,Auckland,Low-Skilled,123.94
1/03/2025,Auckland,Machinery Operators and Drivers,224.7
1/03/2025,Auckland,Managers,92.9
1/03/2025,Auckland,Manufacturing,146.69
1/03/2025,Auckland,Other,263.45
1/03/2025,Auckland,Primary,234.01
1/03/2025,Auckland,Professionals,92.8
1/03/2025,Auckland,Sales,92.9
1/03/2025,Auckland,Sales Workers,108.2
1/03/2025,Auckland,Semi-Skilled,204.89
1/03/2025,Auckland,Skilled,117.14
1/03/2025,Auckland,SkilledIndex,106.6
1/03/2025,Auckland,Technicians and Trades Workers,174.1
1/03/2025,Auckland,Unskilled,139.58
1/03/2025,Auckland,UnskilledIndex,127.2
1/03/2025,Bay of Plenty,Business services,288.3
1/03/2025,Bay of Plenty,Clerical and Administrative Workers,281.1
1/03/2025,Bay of Plenty,Community and Personal Service Workers,266.2
1/03/2025,Bay of Plenty,Construction,330.59
1/03/2025,Bay of Plenty,Education,100.98
1/03/2025,Bay of Plenty,Health care,325.11
1/03/2025,Bay of Plenty,Highly-Skilled,253.62
1/03/2025,Bay of Plenty,Hospitality,252.22
1/03/2025,Bay of Plenty,IT,107.23
1/03/2025,Bay of Plenty,Labourers,454.1
1/03/2025,Bay of Plenty,Low-Skilled,292.75
1/03/2025,Bay of Plenty,Machinery Operators and Drivers,456.3
1/03/2025,Bay of Plenty,Managers,220.6
1/03/2025,Bay of Plenty,Manufacturing,387.17
1/03/2025,Bay of Plenty,Other,425
1/03/2025,Bay of Plenty,Primary,477.27
1/03/2025,Bay of Plenty,Professionals,198.8
1/03/2025,Bay of Plenty,Sales,188.65
1/03/2025,Bay of Plenty,Sales Workers,243.7
1/03/2025,Bay of Plenty,Semi-Skilled,382.32
1/03/2025,Bay of Plenty,Skilled,190.65
1/03/2025,Bay of Plenty,SkilledIndex,248.7
1/03/2025,Bay of Plenty,Technicians and Trades Workers,323.6
1/03/2025,Bay of Plenty,Unskilled,307.23
1/03/2025,Bay of Plenty,UnskilledIndex,297
1/03/2025,Canterbury,Business services,158.1
1/03/2025,Canterbury,Clerical and Administrative Workers,140.4
1/03/2025,Canterbury,Community and Personal Service Workers,204.9
1/03/2025,Canterbury,Construction,217.12
1/03/2025,Canterbury,Education,92.85
1/03/2025,Canterbury,Health care,237.15
1/03/2025,Canterbury,Highly-Skilled,149.67
1/03/2025,Canterbury,Hospitality,149.17
1/03/2025,Canterbury,IT,78.57
1/03/2025,Canterbury,Labourers,295.3
1/03/2025,Canterbury,Low-Skilled,198.16
1/03/2025,Canterbury,Machinery Operators and Drivers,356.2
1/03/2025,Canterbury,Managers,143.1
1/03/2025,Canterbury,Manufacturing,293.43
1/03/2025,Canterbury,Other,443.26
1/03/2025,Canterbury,Primary,259.26
1/03/2025,Canterbury,Professionals,135
1/03/2025,Canterbury,Sales,113.88
1/03/2025,Canterbury,Sales Workers,150.7
1/03/2025,Canterbury,Semi-Skilled,298.27
1/03/2025,Canterbury,Skilled,141.97
1/03/2025,Canterbury,SkilledIndex,166.3
1/03/2025,Canterbury,Technicians and Trades Workers,245.6
1/03/2025,Canterbury,Unskilled,190.66
1/03/2025,Canterbury,UnskilledIndex,196
1/03/2025,Gisborne/Hawkes Bay,Business services,126.95
1/03/2025,Gisborne/Hawkes Bay,Clerical and Administrative Workers,136.3
1/03/2025,Gisborne/Hawkes Bay,Community and Personal Service Workers,150.7
1/03/2025,Gisborne/Hawkes Bay,Construction,172.35
1/03/2025,Gisborne/Hawkes Bay,Education,37.14
1/03/2025,Gisborne/Hawkes Bay,Health care,159.83
1/03/2025,Gisborne/Hawkes Bay,Highly-Skilled,128.65
1/03/2025,Gisborne/Hawkes Bay,Hospitality,142.4
1/03/2025,Gisborne/Hawkes Bay,IT,29.63
1/03/2025,Gisborne/Hawkes Bay,Labourers,263.9
1/03/2025,Gisborne/Hawkes Bay,Low-Skilled,172.65
1/03/2025,Gisborne/Hawkes Bay,Machinery Operators and Drivers,334.8
1/03/2025,Gisborne/Hawkes Bay,Managers,98
1/03/2025,Gisborne/Hawkes Bay,Manufacturing,270.16
1/03/2025,Gisborne/Hawkes Bay,Other,190.79
1/03/2025,Gisborne/Hawkes Bay,Primary,230.16
1/03/2025,Gisborne/Hawkes Bay,Professionals,93
1/03/2025,Gisborne/Hawkes Bay,Sales,99
1/03/2025,Gisborne/Hawkes Bay,Sales Workers,127.8
1/03/2025,Gisborne/Hawkes Bay,Semi-Skilled,190.54
1/03/2025,Gisborne/Hawkes Bay,Skilled,70.16
1/03/2025,Gisborne/Hawkes Bay,SkilledIndex,116.5
1/03/2025,Gisborne/Hawkes Bay,Technicians and Trades Workers,161.7
1/03/2025,Gisborne/Hawkes Bay,Unskilled,228.8
1/03/2025,Gisborne/Hawkes Bay,UnskilledIndex,187.9
1/03/2025,Manawatu-Whanganui/Taranaki,Business services,208.61
1/03/2025,Manawatu-Whanganui/Taranaki,Clerical and Administrative Workers,218.7
1/03/2025,Manawatu-Whanganui/Taranaki,Community and Personal Service Workers,321.5
1/03/2025,Manawatu-Whanganui/Taranaki,Construction,209.52
1/03/2025,Manawatu-Whanganui/Taranaki,Education,103.25
1/03/2025,Manawatu-Whanganui/Taranaki,Health care,341.1
1/03/2025,Manawatu-Whanganui/Taranaki,Highly-Skilled,204.04
1/03/2025,Manawatu-Whanganui/Taranaki,Hospitality,278.2
1/03/2025,Manawatu-Whanganui/Taranaki,IT,100
1/03/2025,Manawatu-Whanganui/Taranaki,Labourers,501.2
1/03/2025,Manawatu-Whanganui/Taranaki,Low-Skilled,264.33
1/03/2025,Manawatu-Whanganui/Taranaki,Machinery Operators and Drivers,288.5
1/03/2025,Manawatu-Whanganui/Taranaki,Managers,163.4
1/03/2025,Manawatu-Whanganui/Taranaki,Manufacturing,270.87
1/03/2025,Manawatu-Whanganui/Taranaki,Other,332.45
1/03/2025,Manawatu-Whanganui/Taranaki,Primary,248.57
1/03/2025,Manawatu-Whanganui/Taranaki,Professionals,163
1/03/2025,Manawatu-Whanganui/Taranaki,Sales,133.98
1/03/2025,Manawatu-Whanganui/Taranaki,Sales Workers,182
1/03/2025,Manawatu-Whanganui/Taranaki,Semi-Skilled,313.01
1/03/2025,Manawatu-Whanganui/Taranaki,Skilled,136.44
1/03/2025,Manawatu-Whanganui/Taranaki,SkilledIndex,190.4
1/03/2025,Manawatu-Whanganui/Taranaki,Technicians and Trades Workers,249.7
1/03/2025,Manawatu-Whanganui/Taranaki,Unskilled,283.04
1/03/2025,Manawatu-Whanganui/Taranaki,UnskilledIndex,269.6
1/03/2025,Northland,Business services,223.08
1/03/2025,Northland,Clerical and Administrative Workers,282.8
1/03/2025,Northland,Community and Personal Service Workers,372.4
1/03/2025,Northland,Construction,352.03
1/03/2025,Northland,Education,85.84
1/03/2025,Northland,Health care,233.19
1/03/2025,Northland,Highly-Skilled,251.72
1/03/2025,Northland,Hospitality,310.34
1/03/2025,Northland,IT,164.29
1/03/2025,Northland,Labourers,390.5
1/03/2025,Northland,Low-Skilled,304.52
1/03/2025,Northland,Machinery Operators and Drivers,436.7
1/03/2025,Northland,Managers,271.3
1/03/2025,Northland,Manufacturing,333.93
1/03/2025,Northland,Other,785.29
1/03/2025,Northland,Primary,205.13
1/03/2025,Northland,Professionals,171.1
1/03/2025,Northland,Sales,213.08
1/03/2025,Northland,Sales Workers,170.7
1/03/2025,Northland,Semi-Skilled,278.26
1/03/2025,Northland,Skilled,158.08
1/03/2025,Northland,SkilledIndex,217.2
1/03/2025,Northland,Technicians and Trades Workers,294.4
1/03/2025,Northland,Unskilled,282.86
1/03/2025,Northland,UnskilledIndex,298.6
1/03/2025,Otago/Southland,Business services,297.26
1/03/2025,Otago/Southland,Clerical and Administrative Workers,399.5
1/03/2025,Otago/Southland,Community and Personal Service Workers,564.9
1/03/2025,Otago/Southland,Construction,527.96
1/03/2025,Otago/Southland,Education,104.73
1/03/2025,Otago/Southland,Health care,439.62
1/03/2025,Otago/Southland,Highly-Skilled,275.94
1/03/2025,Otago/Southland,Hospitality,439.84
1/03/2025,Otago/Southland,IT,149.46
1/03/2025,Otago/Southland,Labourers,658.8
1/03/2025,Otago/Southland,Low-Skilled,421.1
1/03/2025,Otago/Southland,Machinery Operators and Drivers,514.9
1/03/2025,Otago/Southland,Managers,266.1
1/03/2025,Otago/Southland,Manufacturing,467.5
1/03/2025,Otago/Southland,Other,740.48
1/03/2025,Otago/Southland,Primary,255.96
1/03/2025,Otago/Southland,Professionals,208.8
1/03/2025,Otago/Southland,Sales,215.42
1/03/2025,Otago/Southland,Sales Workers,293.7
1/03/2025,Otago/Southland,Semi-Skilled,544.12
1/03/2025,Otago/Southland,Skilled,257.25
1/03/2025,Otago/Southland,SkilledIndex,305.5
1/03/2025,Otago/Southland,Technicians and Trades Workers,459.8
1/03/2025,Otago/Southland,Unskilled,449.77
1/03/2025,Otago/Southland,UnskilledIndex,430
1/03/2025,Tasman/Nelson/Marlborough/West Coast,Business services,204.02
1/03/2025,Tasman/Nelson/Marlborough/West Coast,Clerical and Administrative Workers,261.7
1/03/2025,Tasman/Nelson/Marlborough/West Coast,Community and Personal Service Workers,253.6
1/03/2025,Tasman/Nelson/Marlborough/West Coast,Construction,287.71
1/03/2025,Tasman/Nelson/Marlborough/West Coast,Education,75.65
1/03/2025,Tasman/Nelson/Marlborough/West Coast,Health care,351.44
1/03/2025,Tasman/Nelson/Marlborough/West Coast,Highly-Skilled,209.83
1/03/2025,Tasman/Nelson/Marlborough/West Coast,Hospitality,196.13
1/03/2025,Tasman/Nelson/Marlborough/West Coast,IT,107.69
1/03/2025,Tasman/Nelson/Marlborough/West Coast,Labourers,363.8
1/03/2025,Tasman/Nelson/Marlborough/West Coast,Low-Skilled,241.81
1/03/2025,Tasman/Nelson/Marlborough/West Coast,Machinery Operators and Drivers,252.6
1/03/2025,Tasman/Nelson/Marlborough/West Coast,Managers,184.9
1/03/2025,Tasman/Nelson/Marlborough/West Coast,Manufacturing,423.91
1/03/2025,Tasman/Nelson/Marlborough/West Coast,Other,355.26
1/03/2025,Tasman/Nelson/Marlborough/West Coast,Primary,188.17
1/03/2025,Tasman/Nelson/Marlborough/West Coast,Professionals,146.8
1/03/2025,Tasman/Nelson/Marlborough/West Coast,Sales,157.59
1/03/2025,Tasman/Nelson/Marlborough/West Coast,Sales Workers,200
1/03/2025,Tasman/Nelson/Marlborough/West Coast,Semi-Skilled,346.61
1/03/2025,Tasman/Nelson/Marlborough/West Coast,Skilled,129.35
1/03/2025,Tasman/Nelson/Marlborough/West Coast,SkilledIndex,191.7
1/03/2025,Tasman/Nelson/Marlborough/West Coast,Technicians and Trades Workers,263.1
1/03/2025,Tasman/Nelson/Marlborough/West Coast,Unskilled,292.5
1/03/2025,Tasman/Nelson/Marlborough/West Coast,UnskilledIndex,256.9
1/03/2025,Totals,Auckland,110.61
1/03/2025,Totals,Bay of Plenty,264.32
1/03/2025,Totals,Business services,127.91
1/03/2025,Totals,Canterbury,173.93
1/03/2025,Totals,Clerical and Administrative Workers,135.6
1/03/2025,Totals,Community and Personal Service Workers,241.8
1/03/2025,Totals,Construction,210.73
1/03/2025,Totals,Education,101.42
1/03/2025,Totals,Gisborne/Hawkes Bay,136.18
1/03/2025,Totals,Health care,208.6
1/03/2025,Totals,Highly-Skilled,121.12
1/03/2025,Totals,Hospitality,195.36
1/03/2025,Totals,IT,49.74
1/03/2025,Totals,Labourers,313.8
1/03/2025,Totals,Low-Skilled,179.46
1/03/2025,Totals,Machinery Operators and Drivers,299.9
1/03/2025,Totals,Managers,115.9
1/03/2025,Totals,Manawatu-Whanganui/Taranaki,209.01
1/03/2025,Totals,Manufacturing,230.31
1/03/2025,Totals,Northland,238.11
1/03/2025,Totals,Otago/Southland,339.16
1/03/2025,Totals,Other,322.58
1/03/2025,Totals,Primary,260.16
1/03/2025,Totals,Professionals,119.2
1/03/2025,Totals,Sales,112.16
1/03/2025,Totals,Sales Workers,147.1
1/03/2025,Totals,Semi-Skilled,271.85
1/03/2025,Totals,Skilled,140.54
1/03/2025,Totals,SkilledIndex,139.6
1/03/2025,Totals,Tasman/Nelson/Marlborough/West Coast,214.13
1/03/2025,Totals,Technicians and Trades Workers,226.7
1/03/2025,Totals,TotalsIndex,150.59
1/03/2025,Totals,Unskilled,202.7
1/03/2025,Totals,UnskilledIndex,185.3
1/03/2025,Totals,Waikato,206.79
1/03/2025,Totals,Wellington,105.7
1/03/2025,Waikato,Business services,196.03
1/03/2025,Waikato,Clerical and Administrative Workers,237
1/03/2025,Waikato,Community and Personal Service Workers,300
1/03/2025,Waikato,Construction,255.84
1/03/2025,Waikato,Education,107.31
1/03/2025,Waikato,Health care,217.7
1/03/2025,Waikato,Highly-Skilled,177.04
1/03/2025,Waikato,Hospitality,207.59
1/03/2025,Waikato,IT,95.48
1/03/2025,Waikato,Labourers,380.1
1/03/2025,Waikato,Low-Skilled,249.88
1/03/2025,Waikato,Machinery Operators and Drivers,309.9
1/03/2025,Waikato,Managers,161.4
1/03/2025,Waikato,Manufacturing,312.86
1/03/2025,Waikato,Other,429.1
1/03/2025,Waikato,Primary,317.89
1/03/2025,Waikato,Professionals,153.8
1/03/2025,Waikato,Sales,136.97
1/03/2025,Waikato,Sales Workers,170.5
1/03/2025,Waikato,Semi-Skilled,300.99
1/03/2025,Waikato,Skilled,174.69
1/03/2025,Waikato,SkilledIndex,191.5
1/03/2025,Waikato,Technicians and Trades Workers,269.4
1/03/2025,Waikato,Unskilled,234.54
1/03/2025,Waikato,UnskilledIndex,245.4
1/03/2025,Wellington,Business services,104.9
1/03/2025,Wellington,Clerical and Administrative Workers,96.5
1/03/2025,Wellington,Community and Personal Service Workers,207.1
1/03/2025,Wellington,Construction,141.64
1/03/2025,Wellington,Education,94.88
1/03/2025,Wellington,Health care,178.22
1/03/2025,Wellington,Highly-Skilled,86.7
1/03/2025,Wellington,Hospitality,173.9
1/03/2025,Wellington,IT,36.95
1/03/2025,Wellington,Labourers,222.2
1/03/2025,Wellington,Low-Skilled,135.5
1/03/2025,Wellington,Machinery Operators and Drivers,223.7
1/03/2025,Wellington,Managers,80.3
1/03/2025,Wellington,Manufacturing,195.64
1/03/2025,Wellington,Other,223.85
1/03/2025,Wellington,Primary,216.42
1/03/2025,Wellington,Professionals,88.6
1/03/2025,Wellington,Sales,79.86
1/03/2025,Wellington,Sales Workers,116.7
1/03/2025,Wellington,Semi-Skilled,206
1/03/2025,Wellington,Skilled,106.94
1/03/2025,Wellington,SkilledIndex,98
1/03/2025,Wellington,Technicians and Trades Workers,155.9
1/03/2025,Wellington,Unskilled,138.54
1/03/2025,Wellington,UnskilledIndex,136.3
1/06/2025,Auckland,Business services,92.16
1/06/2025,Auckland,Clerical and Administrative Workers,84.4
1/06/2025,Auckland,Community and Personal Service Workers,163.3
1/06/2025,Auckland,Construction,153.33
1/06/2025,Auckland,Education,98.7
1/06/2025,Auckland,Health care,153.84
1/06/2025,Auckland,Highly-Skilled,94.74
1/06/2025,Auckland,Hospitality,113.09
1/06/2025,Auckland,IT,50.53
1/06/2025,Auckland,Labourers,191
1/06/2025,Auckland,Low-Skilled,107.28
1/06/2025,Auckland,Machinery Operators and Drivers,194
1/06/2025,Auckland,Managers,89.9
1/06/2025,Auckland,Manufacturing,124.74
1/06/2025,Auckland,Other,235.05
1/06/2025,Auckland,Primary,247.62
1/06/2025,Auckland,Professionals,95.4
1/06/2025,Auckland,Sales,84.77
1/06/2025,Auckland,Sales Workers,95
1/06/2025,Auckland,Semi-Skilled,196.31
1/06/2025,Auckland,Skilled,108.14
1/06/2025,Auckland,SkilledIndex,105.1
1/06/2025,Auckland,Technicians and Trades Workers,161.9
1/06/2025,Auckland,Unskilled,120.9
1/06/2025,Auckland,UnskilledIndex,110.1
1/06/2025,Bay of Plenty,Business services,292.83
1/06/2025,Bay of Plenty,Clerical and Administrative Workers,259.8
1/06/2025,Bay of Plenty,Community and Personal Service Workers,217.4
1/06/2025,Bay of Plenty,Construction,309.59
1/06/2025,Bay of Plenty,Education,83.93
1/06/2025,Bay of Plenty,Health care,430.19
1/06/2025,Bay of Plenty,Highly-Skilled,279.97
1/06/2025,Bay of Plenty,Hospitality,159.61
1/06/2025,Bay of Plenty,IT,100
1/06/2025,Bay of Plenty,Labourers,369.4
1/06/2025,Bay of Plenty,Low-Skilled,242.02
1/06/2025,Bay of Plenty,Machinery Operators and Drivers,371.9
1/06/2025,Bay of Plenty,Managers,195.1
1/06/2025,Bay of Plenty,Manufacturing,284.49
1/06/2025,Bay of Plenty,Other,416.35
1/06/2025,Bay of Plenty,Primary,470.45
1/06/2025,Bay of Plenty,Professionals,233.4
1/06/2025,Bay of Plenty,Sales,148.65
1/06/2025,Bay of Plenty,Sales Workers,185.8
1/06/2025,Bay of Plenty,Semi-Skilled,357.58
1/06/2025,Bay of Plenty,Skilled,167.28
1/06/2025,Bay of Plenty,SkilledIndex,249.4
1/06/2025,Bay of Plenty,Technicians and Trades Workers,285.3
1/06/2025,Bay of Plenty,Unskilled,237.87
1/06/2025,Bay of Plenty,UnskilledIndex,240.8
1/06/2025,Canterbury,Business services,150.92
1/06/2025,Canterbury,Clerical and Administrative Workers,130.1
1/06/2025,Canterbury,Community and Personal Service Workers,173.9
1/06/2025,Canterbury,Construction,218.37
1/06/2025,Canterbury,Education,93.61
1/06/2025,Canterbury,Health care,267.91
1/06/2025,Canterbury,Highly-Skilled,151.75
1/06/2025,Canterbury,Hospitality,115.34
1/06/2025,Canterbury,IT,70.34
1/06/2025,Canterbury,Labourers,248.5
1/06/2025,Canterbury,Low-Skilled,168.04
1/06/2025,Canterbury,Machinery Operators and Drivers,297.9
1/06/2025,Canterbury,Managers,132.1
1/06/2025,Canterbury,Manufacturing,242.1
1/06/2025,Canterbury,Other,359.53
1/06/2025,Canterbury,Primary,275.93
1/06/2025,Canterbury,Professionals,142.2
1/06/2025,Canterbury,Sales,101.86
1/06/2025,Canterbury,Sales Workers,124.7
1/06/2025,Canterbury,Semi-Skilled,300.96
1/06/2025,Canterbury,Skilled,135.99
1/06/2025,Canterbury,SkilledIndex,166
1/06/2025,Canterbury,Technicians and Trades Workers,238.1
1/06/2025,Canterbury,Unskilled,151.53
1/06/2025,Canterbury,UnskilledIndex,163.2
1/06/2025,Gisborne/Hawkes Bay,Business services,114.89
1/06/2025,Gisborne/Hawkes Bay,Clerical and Administrative Workers,122.1
1/06/2025,Gisborne/Hawkes Bay,Community and Personal Service Workers,131.6
1/06/2025,Gisborne/Hawkes Bay,Construction,152.65
1/06/2025,Gisborne/Hawkes Bay,Education,40.82
1/06/2025,Gisborne/Hawkes Bay,Health care,197.1
1/06/2025,Gisborne/Hawkes Bay,Highly-Skilled,132.35
1/06/2025,Gisborne/Hawkes Bay,Hospitality,91.2
1/06/2025,Gisborne/Hawkes Bay,IT,11.11
1/06/2025,Gisborne/Hawkes Bay,Labourers,211.4
1/06/2025,Gisborne/Hawkes Bay,Low-Skilled,124.13
1/06/2025,Gisborne/Hawkes Bay,Machinery Operators and Drivers,178.3
1/06/2025,Gisborne/Hawkes Bay,Managers,87.1
1/06/2025,Gisborne/Hawkes Bay,Manufacturing,149.19
1/06/2025,Gisborne/Hawkes Bay,Other,153.95
1/06/2025,Gisborne/Hawkes Bay,Primary,161.9
1/06/2025,Gisborne/Hawkes Bay,Professionals,99.6
1/06/2025,Gisborne/Hawkes Bay,Sales,77.5
1/06/2025,Gisborne/Hawkes Bay,Sales Workers,92.1
1/06/2025,Gisborne/Hawkes Bay,Semi-Skilled,162.84
1/06/2025,Gisborne/Hawkes Bay,Skilled,66.81
1/06/2025,Gisborne/Hawkes Bay,SkilledIndex,112.7
1/06/2025,Gisborne/Hawkes Bay,Technicians and Trades Workers,135.4
1/06/2025,Gisborne/Hawkes Bay,Unskilled,165.6
1/06/2025,Gisborne/Hawkes Bay,UnskilledIndex,135.4
1/06/2025,Manawatu-Whanganui/Taranaki,Business services,234.08
1/06/2025,Manawatu-Whanganui/Taranaki,Clerical and Administrative Workers,220.3
1/06/2025,Manawatu-Whanganui/Taranaki,Community and Personal Service Workers,329.7
1/06/2025,Manawatu-Whanganui/Taranaki,Construction,206.29
1/06/2025,Manawatu-Whanganui/Taranaki,Education,97.83
1/06/2025,Manawatu-Whanganui/Taranaki,Health care,405.04
1/06/2025,Manawatu-Whanganui/Taranaki,Highly-Skilled,225.96
1/06/2025,Manawatu-Whanganui/Taranaki,Hospitality,247.37
1/06/2025,Manawatu-Whanganui/Taranaki,IT,132.94
1/06/2025,Manawatu-Whanganui/Taranaki,Labourers,423.8
1/06/2025,Manawatu-Whanganui/Taranaki,Low-Skilled,245.36
1/06/2025,Manawatu-Whanganui/Taranaki,Machinery Operators and Drivers,258.7
1/06/2025,Manawatu-Whanganui/Taranaki,Managers,154.9
1/06/2025,Manawatu-Whanganui/Taranaki,Manufacturing,224.35
1/06/2025,Manawatu-Whanganui/Taranaki,Other,298.68
1/06/2025,Manawatu-Whanganui/Taranaki,Primary,254.29
1/06/2025,Manawatu-Whanganui/Taranaki,Professionals,178.3
1/06/2025,Manawatu-Whanganui/Taranaki,Sales,119.52
1/06/2025,Manawatu-Whanganui/Taranaki,Sales Workers,172.2
1/06/2025,Manawatu-Whanganui/Taranaki,Semi-Skilled,308.96
1/06/2025,Manawatu-Whanganui/Taranaki,Skilled,137.66
1/06/2025,Manawatu-Whanganui/Taranaki,SkilledIndex,201.2
1/06/2025,Manawatu-Whanganui/Taranaki,Technicians and Trades Workers,263.2
1/06/2025,Manawatu-Whanganui/Taranaki,Unskilled,262.79
1/06/2025,Manawatu-Whanganui/Taranaki,UnskilledIndex,250.3
1/06/2025,Northland,Business services,244.62
1/06/2025,Northland,Clerical and Administrative Workers,313.5
1/06/2025,Northland,Community and Personal Service Workers,456.5
1/06/2025,Northland,Construction,360.14
1/06/2025,Northland,Education,69.41
1/06/2025,Northland,Health care,307.19
1/06/2025,Northland,Highly-Skilled,272.94
1/06/2025,Northland,Hospitality,289.66
1/06/2025,Northland,IT,250
1/06/2025,Northland,Labourers,283.3
1/06/2025,Northland,Low-Skilled,285.39
1/06/2025,Northland,Machinery Operators and Drivers,343.3
1/06/2025,Northland,Managers,251.5
1/06/2025,Northland,Manufacturing,333.93
1/06/2025,Northland,Other,788.24
1/06/2025,Northland,Primary,197.44
1/06/2025,Northland,Professionals,179.4
1/06/2025,Northland,Sales,152.31
1/06/2025,Northland,Sales Workers,157.6
1/06/2025,Northland,Semi-Skilled,339.13
1/06/2025,Northland,Skilled,167.77
1/06/2025,Northland,SkilledIndex,238.6
1/06/2025,Northland,Technicians and Trades Workers,359.5
1/06/2025,Northland,Unskilled,247.14
1/06/2025,Northland,UnskilledIndex,275
1/06/2025,Otago/Southland,Business services,297.6
1/06/2025,Otago/Southland,Clerical and Administrative Workers,350.2
1/06/2025,Otago/Southland,Community and Personal Service Workers,469.5
1/06/2025,Otago/Southland,Construction,517.88
1/06/2025,Otago/Southland,Education,97.16
1/06/2025,Otago/Southland,Health care,448.38
1/06/2025,Otago/Southland,Highly-Skilled,271.63
1/06/2025,Otago/Southland,Hospitality,301.22
1/06/2025,Otago/Southland,IT,111.83
1/06/2025,Otago/Southland,Labourers,528.9
1/06/2025,Otago/Southland,Low-Skilled,359.7
1/06/2025,Otago/Southland,Machinery Operators and Drivers,497
1/06/2025,Otago/Southland,Managers,242.9
1/06/2025,Otago/Southland,Manufacturing,378.75
1/06/2025,Otago/Southland,Other,678.57
1/06/2025,Otago/Southland,Primary,292.66
1/06/2025,Otago/Southland,Professionals,210.4
1/06/2025,Otago/Southland,Sales,190.48
1/06/2025,Otago/Southland,Sales Workers,246.4
1/06/2025,Otago/Southland,Semi-Skilled,565.69
1/06/2025,Otago/Southland,Skilled,227.7
1/06/2025,Otago/Southland,SkilledIndex,295.7
1/06/2025,Otago/Southland,Technicians and Trades Workers,444.8
1/06/2025,Otago/Southland,Unskilled,366.98
1/06/2025,Otago/Southland,UnskilledIndex,362
1/06/2025,Tasman/Nelson/Marlborough/West Coast,Business services,218.39
1/06/2025,Tasman/Nelson/Marlborough/West Coast,Clerical and Administrative Workers,240.4
1/06/2025,Tasman/Nelson/Marlborough/West Coast,Community and Personal Service Workers,274.1
1/06/2025,Tasman/Nelson/Marlborough/West Coast,Construction,289.41
1/06/2025,Tasman/Nelson/Marlborough/West Coast,Education,82.17
1/06/2025,Tasman/Nelson/Marlborough/West Coast,Health care,369.47
1/06/2025,Tasman/Nelson/Marlborough/West Coast,Highly-Skilled,205.71
1/06/2025,Tasman/Nelson/Marlborough/West Coast,Hospitality,154.19
1/06/2025,Tasman/Nelson/Marlborough/West Coast,IT,150
1/06/2025,Tasman/Nelson/Marlborough/West Coast,Labourers,324.7
1/06/2025,Tasman/Nelson/Marlborough/West Coast,Low-Skilled,209.8
1/06/2025,Tasman/Nelson/Marlborough/West Coast,Machinery Operators and Drivers,163.1
1/06/2025,Tasman/Nelson/Marlborough/West Coast,Managers,180.5
1/06/2025,Tasman/Nelson/Marlborough/West Coast,Manufacturing,304.35
1/06/2025,Tasman/Nelson/Marlborough/West Coast,Other,330.26
1/06/2025,Tasman/Nelson/Marlborough/West Coast,Primary,181.72
1/06/2025,Tasman/Nelson/Marlborough/West Coast,Professionals,145.8
1/06/2025,Tasman/Nelson/Marlborough/West Coast,Sales,132.14
1/06/2025,Tasman/Nelson/Marlborough/West Coast,Sales Workers,175
1/06/2025,Tasman/Nelson/Marlborough/West Coast,Semi-Skilled,336.44
1/06/2025,Tasman/Nelson/Marlborough/West Coast,Skilled,130.98
1/06/2025,Tasman/Nelson/Marlborough/West Coast,SkilledIndex,189.3
1/06/2025,Tasman/Nelson/Marlborough/West Coast,Technicians and Trades Workers,252.8
1/06/2025,Tasman/Nelson/Marlborough/West Coast,Unskilled,259.75
1/06/2025,Tasman/Nelson/Marlborough/West Coast,UnskilledIndex,224.7
1/06/2025,Totals,Auckland,104.84
1/06/2025,Totals,Bay of Plenty,245.64
1/06/2025,Totals,Business services,122.23
1/06/2025,Totals,Canterbury,163.85
1/06/2025,Totals,Clerical and Administrative Workers,122.5
1/06/2025,Totals,Community and Personal Service Workers,218.2
1/06/2025,Totals,Construction,207.29
1/06/2025,Totals,Education,97.72
1/06/2025,Totals,Gisborne/Hawkes Bay,116.72
1/06/2025,Totals,Health care,256.41
1/06/2025,Totals,Highly-Skilled,125.61
1/06/2025,Totals,Hospitality,145.95
1/06/2025,Totals,IT,51.34
1/06/2025,Totals,Labourers,275.5
1/06/2025,Totals,Low-Skilled,155.05
1/06/2025,Totals,Machinery Operators and Drivers,252.5
1/06/2025,Totals,Managers,111.3
1/06/2025,Totals,Manawatu-Whanganui/Taranaki,209.05
1/06/2025,Totals,Manufacturing,187.54
1/06/2025,Totals,Northland,246.97
1/06/2025,Totals,Otago/Southland,310.63
1/06/2025,Totals,Other,295.19
1/06/2025,Totals,Primary,269.37
1/06/2025,Totals,Professionals,125.5
1/06/2025,Totals,Sales,99.12
1/06/2025,Totals,Sales Workers,125.6
1/06/2025,Totals,Semi-Skilled,265.29
1/06/2025,Totals,Skilled,131.78
1/06/2025,Totals,SkilledIndex,139.7
1/06/2025,Totals,Tasman/Nelson/Marlborough/West Coast,203.27
1/06/2025,Totals,Technicians and Trades Workers,216.1
1/06/2025,Totals,TotalsIndex,144.34
1/06/2025,Totals,Unskilled,173.28
1/06/2025,Totals,UnskilledIndex,159.6
1/06/2025,Totals,Waikato,198.75
1/06/2025,Totals,Wellington,100.9
1/06/2025,Waikato,Business services,182.99
1/06/2025,Waikato,Clerical and Administrative Workers,209.7
1/06/2025,Waikato,Community and Personal Service Workers,261.8
1/06/2025,Waikato,Construction,260.2
1/06/2025,Waikato,Education,102.37
1/06/2025,Waikato,Health care,240.65
1/06/2025,Waikato,Highly-Skilled,179.66
1/06/2025,Waikato,Hospitality,176.79
1/06/2025,Waikato,IT,97.99
1/06/2025,Waikato,Labourers,404.4
1/06/2025,Waikato,Low-Skilled,233.31
1/06/2025,Waikato,Machinery Operators and Drivers,289.5
1/06/2025,Waikato,Managers,163.5
1/06/2025,Waikato,Manufacturing,267.2
1/06/2025,Waikato,Other,388.36
1/06/2025,Waikato,Primary,349.47
1/06/2025,Waikato,Professionals,154.1
1/06/2025,Waikato,Sales,124.24
1/06/2025,Waikato,Sales Workers,147.4
1/06/2025,Waikato,Semi-Skilled,301.98
1/06/2025,Waikato,Skilled,152.15
1/06/2025,Waikato,SkilledIndex,185.9
1/06/2025,Waikato,Technicians and Trades Workers,265.1
1/06/2025,Waikato,Unskilled,232.57
1/06/2025,Waikato,UnskilledIndex,233.1
1/06/2025,Wellington,Business services,97.57
1/06/2025,Wellington,Clerical and Administrative Workers,85.1
1/06/2025,Wellington,Community and Personal Service Workers,178
1/06/2025,Wellington,Construction,142.47
1/06/2025,Wellington,Education,83.77
1/06/2025,Wellington,Health care,199.97
1/06/2025,Wellington,Highly-Skilled,88.54
1/06/2025,Wellington,Hospitality,131.62
1/06/2025,Wellington,IT,38.36
1/06/2025,Wellington,Labourers,215.7
1/06/2025,Wellington,Low-Skilled,115.51
1/06/2025,Wellington,Machinery Operators and Drivers,184.7
1/06/2025,Wellington,Managers,76.6
1/06/2025,Wellington,Manufacturing,165.67
1/06/2025,Wellington,Other,215.81
1/06/2025,Wellington,Primary,229.85
1/06/2025,Wellington,Professionals,92.3
1/06/2025,Wellington,Sales,68.83
1/06/2025,Wellington,Sales Workers,100.4
1/06/2025,Wellington,Semi-Skilled,181.91
1/06/2025,Wellington,Skilled,97.95
1/06/2025,Wellington,SkilledIndex,96
1/06/2025,Wellington,Technicians and Trades Workers,138.3
1/06/2025,Wellington,Unskilled,124.89
1/06/2025,Wellington,UnskilledIndex,117.9
1/09/2025,Auckland,Business services,95.6
1/09/2025,Auckland,Clerical and Administrative Workers,88.8
1/09/2025,Auckland,Community and Personal Service Workers,178.1
1/09/2025,Auckland,Construction,162.4
1/09/2025,Auckland,Education,115.49
1/09/2025,Auckland,Health care,151.04
1/09/2025,Auckland,Highly-Skilled,99.14
1/09/2025,Auckland,Hospitality,152.37
1/09/2025,Auckland,IT,56.38
1/09/2025,Auckland,Labourers,206.9
1/09/2025,Auckland,Low-Skilled,112.98
1/09/2025,Auckland,Machinery Operators and Drivers,194.8
1/09/2025,Auckland,Managers,100.7
1/09/2025,Auckland,Manufacturing,139.75
1/09/2025,Auckland,Other,261.41
1/09/2025,Auckland,Primary,229.93
1/09/2025,Auckland,Professionals,100.6
1/09/2025,Auckland,Sales,91.06
1/09/2025,Auckland,Sales Workers,103.2
1/09/2025,Auckland,Semi-Skilled,213.33
1/09/2025,Auckland,Skilled,124.99
1/09/2025,Auckland,SkilledIndex,113.1
1/09/2025,Auckland,Technicians and Trades Workers,180.4
1/09/2025,Auckland,Unskilled,140.39
1/09/2025,Auckland,UnskilledIndex,118.7
1/09/2025,Bay of Plenty,Business services,306.04
1/09/2025,Bay of Plenty,Clerical and Administrative Workers,284.6
1/09/2025,Bay of Plenty,Community and Personal Service Workers,259.2
1/09/2025,Bay of Plenty,Construction,366.21
1/09/2025,Bay of Plenty,Education,113.44
1/09/2025,Bay of Plenty,Health care,418.65
1/09/2025,Bay of Plenty,Highly-Skilled,310
1/09/2025,Bay of Plenty,Hospitality,226.11
1/09/2025,Bay of Plenty,IT,122.89
1/09/2025,Bay of Plenty,Labourers,438.8
1/09/2025,Bay of Plenty,Low-Skilled,277.31
1/09/2025,Bay of Plenty,Machinery Operators and Drivers,415.6
1/09/2025,Bay of Plenty,Managers,230.5
1/09/2025,Bay of Plenty,Manufacturing,313.9
1/09/2025,Bay of Plenty,Other,519.23
1/09/2025,Bay of Plenty,Primary,502.27
1/09/2025,Bay of Plenty,Professionals,265.8
1/09/2025,Bay of Plenty,Sales,187.57
1/09/2025,Bay of Plenty,Sales Workers,221.3
1/09/2025,Bay of Plenty,Semi-Skilled,401.52
1/09/2025,Bay of Plenty,Skilled,212.08
1/09/2025,Bay of Plenty,SkilledIndex,286.9
1/09/2025,Bay of Plenty,Technicians and Trades Workers,335.1
1/09/2025,Bay of Plenty,Unskilled,287.7
1/09/2025,Bay of Plenty,UnskilledIndex,280.3
1/09/2025,Canterbury,Business services,166.64
1/09/2025,Canterbury,Clerical and Administrative Workers,145
1/09/2025,Canterbury,Community and Personal Service Workers,202.6
1/09/2025,Canterbury,Construction,261.53
1/09/2025,Canterbury,Education,146.73
1/09/2025,Canterbury,Health care,271.43
1/09/2025,Canterbury,Highly-Skilled,172.94
1/09/2025,Canterbury,Hospitality,165.11
1/09/2025,Canterbury,IT,84.16
1/09/2025,Canterbury,Labourers,298.5
1/09/2025,Canterbury,Low-Skilled,195.67
1/09/2025,Canterbury,Machinery Operators and Drivers,370.8
1/09/2025,Canterbury,Managers,170
1/09/2025,Canterbury,Manufacturing,296.27
1/09/2025,Canterbury,Other,460.47
1/09/2025,Canterbury,Primary,303.7
1/09/2025,Canterbury,Professionals,167.8
1/09/2025,Canterbury,Sales,121.78
1/09/2025,Canterbury,Sales Workers,152.8
1/09/2025,Canterbury,Semi-Skilled,342.49
1/09/2025,Canterbury,Skilled,175.88
1/09/2025,Canterbury,SkilledIndex,195.4
1/09/2025,Canterbury,Technicians and Trades Workers,275
1/09/2025,Canterbury,Unskilled,202.63
1/09/2025,Canterbury,UnskilledIndex,197.7
1/09/2025,Gisborne/Hawkes Bay,Business services,106.38
1/09/2025,Gisborne/Hawkes Bay,Clerical and Administrative Workers,137.2
1/09/2025,Gisborne/Hawkes Bay,Community and Personal Service Workers,180.1
1/09/2025,Gisborne/Hawkes Bay,Construction,184.85
1/09/2025,Gisborne/Hawkes Bay,Education,50.2
1/09/2025,Gisborne/Hawkes Bay,Health care,174.74
1/09/2025,Gisborne/Hawkes Bay,Highly-Skilled,123.2
1/09/2025,Gisborne/Hawkes Bay,Hospitality,149.6
1/09/2025,Gisborne/Hawkes Bay,IT,40.74
1/09/2025,Gisborne/Hawkes Bay,Labourers,247.6
1/09/2025,Gisborne/Hawkes Bay,Low-Skilled,145.26
1/09/2025,Gisborne/Hawkes Bay,Machinery Operators and Drivers,211.6
1/09/2025,Gisborne/Hawkes Bay,Managers,94.6
1/09/2025,Gisborne/Hawkes Bay,Manufacturing,170.16
1/09/2025,Gisborne/Hawkes Bay,Other,211.84
1/09/2025,Gisborne/Hawkes Bay,Primary,207.94
1/09/2025,Gisborne/Hawkes Bay,Professionals,91.6
1/09/2025,Gisborne/Hawkes Bay,Sales,81.5
1/09/2025,Gisborne/Hawkes Bay,Sales Workers,100
1/09/2025,Gisborne/Hawkes Bay,Semi-Skilled,211.49
1/09/2025,Gisborne/Hawkes Bay,Skilled,83.02
1/09/2025,Gisborne/Hawkes Bay,SkilledIndex,121.8
1/09/2025,Gisborne/Hawkes Bay,Technicians and Trades Workers,181.1
1/09/2025,Gisborne/Hawkes Bay,Unskilled,212.8
1/09/2025,Gisborne/Hawkes Bay,UnskilledIndex,163.6
1/09/2025,Manawatu-Whanganui/Taranaki,Business services,222.47
1/09/2025,Manawatu-Whanganui/Taranaki,Clerical and Administrative Workers,228.9
1/09/2025,Manawatu-Whanganui/Taranaki,Community and Personal Service Workers,362.8
1/09/2025,Manawatu-Whanganui/Taranaki,Construction,224
1/09/2025,Manawatu-Whanganui/Taranaki,Education,122.76
1/09/2025,Manawatu-Whanganui/Taranaki,Health care,371.61
1/09/2025,Manawatu-Whanganui/Taranaki,Highly-Skilled,217.32
1/09/2025,Manawatu-Whanganui/Taranaki,Hospitality,254.89
1/09/2025,Manawatu-Whanganui/Taranaki,IT,136.47
1/09/2025,Manawatu-Whanganui/Taranaki,Labourers,440.5
1/09/2025,Manawatu-Whanganui/Taranaki,Low-Skilled,259.27
1/09/2025,Manawatu-Whanganui/Taranaki,Machinery Operators and Drivers,304.8
1/09/2025,Manawatu-Whanganui/Taranaki,Managers,171.9
1/09/2025,Manawatu-Whanganui/Taranaki,Manufacturing,240.43
1/09/2025,Manawatu-Whanganui/Taranaki,Other,344.37
1/09/2025,Manawatu-Whanganui/Taranaki,Primary,221.43
1/09/2025,Manawatu-Whanganui/Taranaki,Professionals,183.1
1/09/2025,Manawatu-Whanganui/Taranaki,Sales,140.96
1/09/2025,Manawatu-Whanganui/Taranaki,Sales Workers,188.9
1/09/2025,Manawatu-Whanganui/Taranaki,Semi-Skilled,301.36
1/09/2025,Manawatu-Whanganui/Taranaki,Skilled,168.64
1/09/2025,Manawatu-Whanganui/Taranaki,SkilledIndex,208.2
1/09/2025,Manawatu-Whanganui/Taranaki,Technicians and Trades Workers,242.8
1/09/2025,Manawatu-Whanganui/Taranaki,Unskilled,273.98
1/09/2025,Manawatu-Whanganui/Taranaki,UnskilledIndex,263.4
1/09/2025,Northland,Business services,214.62
1/09/2025,Northland,Clerical and Administrative Workers,255.5
1/09/2025,Northland,Community and Personal Service Workers,439.9
1/09/2025,Northland,Construction,389.19
1/09/2025,Northland,Education,115.98
1/09/2025,Northland,Health care,215.55
1/09/2025,Northland,Highly-Skilled,226.78
1/09/2025,Northland,Hospitality,331.03
1/09/2025,Northland,IT,221.43
1/09/2025,Northland,Labourers,369
1/09/2025,Northland,Low-Skilled,275.29
1/09/2025,Northland,Machinery Operators and Drivers,466.7
1/09/2025,Northland,Managers,251.5
1/09/2025,Northland,Manufacturing,321.43
1/09/2025,Northland,Other,864.71
1/09/2025,Northland,Primary,202.56
1/09/2025,Northland,Professionals,168.9
1/09/2025,Northland,Sales,176.15
1/09/2025,Northland,Sales Workers,162
1/09/2025,Northland,Semi-Skilled,342.39
1/09/2025,Northland,Skilled,200.53
1/09/2025,Northland,SkilledIndex,230.5
1/09/2025,Northland,Technicians and Trades Workers,343.7
1/09/2025,Northland,Unskilled,284.29
1/09/2025,Northland,UnskilledIndex,277.7
1/09/2025,Otago/Southland,Business services,317.47
1/09/2025,Otago/Southland,Clerical and Administrative Workers,354.5
1/09/2025,Otago/Southland,Community and Personal Service Workers,609.1
1/09/2025,Otago/Southland,Construction,619.14
1/09/2025,Otago/Southland,Education,131.23
1/09/2025,Otago/Southland,Health care,454.95
1/09/2025,Otago/Southland,Highly-Skilled,308.44
1/09/2025,Otago/Southland,Hospitality,479.27
1/09/2025,Otago/Southland,IT,112.9
1/09/2025,Otago/Southland,Labourers,641.2
1/09/2025,Otago/Southland,Low-Skilled,428.27
1/09/2025,Otago/Southland,Machinery Operators and Drivers,674.3
1/09/2025,Otago/Southland,Managers,302.2
1/09/2025,Otago/Southland,Manufacturing,524.38
1/09/2025,Otago/Southland,Other,773.81
1/09/2025,Otago/Southland,Primary,333.03
1/09/2025,Otago/Southland,Professionals,248.2
1/09/2025,Otago/Southland,Sales,214.97
1/09/2025,Otago/Southland,Sales Workers,277.5
1/09/2025,Otago/Southland,Semi-Skilled,669.61
1/09/2025,Otago/Southland,Skilled,285.13
1/09/2025,Otago/Southland,SkilledIndex,349
1/09/2025,Otago/Southland,Technicians and Trades Workers,515.3
1/09/2025,Otago/Southland,Unskilled,449.3
1/09/2025,Otago/Southland,UnskilledIndex,434.8
1/09/2025,Tasman/Nelson/Marlborough/West Coast,Business services,208.62
1/09/2025,Tasman/Nelson/Marlborough/West Coast,Clerical and Administrative Workers,247.8
1/09/2025,Tasman/Nelson/Marlborough/West Coast,Community and Personal Service Workers,324.4
1/09/2025,Tasman/Nelson/Marlborough/West Coast,Construction,380.93
1/09/2025,Tasman/Nelson/Marlborough/West Coast,Education,102.17
1/09/2025,Tasman/Nelson/Marlborough/West Coast,Health care,335.11
1/09/2025,Tasman/Nelson/Marlborough/West Coast,Highly-Skilled,223.07
1/09/2025,Tasman/Nelson/Marlborough/West Coast,Hospitality,273.55
1/09/2025,Tasman/Nelson/Marlborough/West Coast,IT,161.54
1/09/2025,Tasman/Nelson/Marlborough/West Coast,Labourers,389.9
1/09/2025,Tasman/Nelson/Marlborough/West Coast,Low-Skilled,248.46
1/09/2025,Tasman/Nelson/Marlborough/West Coast,Machinery Operators and Drivers,290.6
1/09/2025,Tasman/Nelson/Marlborough/West Coast,Managers,202
1/09/2025,Tasman/Nelson/Marlborough/West Coast,Manufacturing,375
1/09/2025,Tasman/Nelson/Marlborough/West Coast,Other,402.63
1/09/2025,Tasman/Nelson/Marlborough/West Coast,Primary,264.52
1/09/2025,Tasman/Nelson/Marlborough/West Coast,Professionals,170.9
1/09/2025,Tasman/Nelson/Marlborough/West Coast,Sales,139.73
1/09/2025,Tasman/Nelson/Marlborough/West Coast,Sales Workers,181.9
1/09/2025,Tasman/Nelson/Marlborough/West Coast,Semi-Skilled,427.97
1/09/2025,Tasman/Nelson/Marlborough/West Coast,Skilled,177.29
1/09/2025,Tasman/Nelson/Marlborough/West Coast,SkilledIndex,227.6
1/09/2025,Tasman/Nelson/Marlborough/West Coast,Technicians and Trades Workers,332.2
1/09/2025,Tasman/Nelson/Marlborough/West Coast,Unskilled,313.34
1/09/2025,Tasman/Nelson/Marlborough/West Coast,UnskilledIndex,267.8
1/09/2025,Totals,Auckland,113.27
1/09/2025,Totals,Bay of Plenty,281.82
1/09/2025,Totals,Business services,129.58
1/09/2025,Totals,Canterbury,196.26
1/09/2025,Totals,Clerical and Administrative Workers,129.5
1/09/2025,Totals,Community and Personal Service Workers,247.5
1/09/2025,Totals,Construction,234.85
1/09/2025,Totals,Education,127.38
1/09/2025,Totals,Gisborne/Hawkes Bay,131.49
1/09/2025,Totals,Health care,235.87
1/09/2025,Totals,Highly-Skilled,133.44
1/09/2025,Totals,Hospitality,198.94
1/09/2025,Totals,IT,57.31
1/09/2025,Totals,Labourers,307.8
1/09/2025,Totals,Low-Skilled,169.45
1/09/2025,Totals,Machinery Operators and Drivers,288.2
1/09/2025,Totals,Managers,129
1/09/2025,Totals,Manawatu-Whanganui/Taranaki,218.19
1/09/2025,Totals,Manufacturing,216.21
1/09/2025,Totals,Northland,243.7
1/09/2025,Totals,Otago/Southland,372.74
1/09/2025,Totals,Other,336.73
1/09/2025,Totals,Primary,297.34
1/09/2025,Totals,Professionals,135.9
1/09/2025,Totals,Sales,111.21
1/09/2025,Totals,Sales Workers,141.4
1/09/2025,Totals,Semi-Skilled,298.18
1/09/2025,Totals,Skilled,159.64
1/09/2025,Totals,SkilledIndex,155
1/09/2025,Totals,Tasman/Nelson/Marlborough/West Coast,240.7
1/09/2025,Totals,Technicians and Trades Workers,244.4
1/09/2025,Totals,TotalsIndex,160.31
1/09/2025,Totals,Unskilled,203.72
1/09/2025,Totals,UnskilledIndex,178
1/09/2025,Totals,Waikato,218.58
1/09/2025,Totals,Wellington,113.95
1/09/2025,Waikato,Business services,191.3
1/09/2025,Waikato,Clerical and Administrative Workers,208.1
1/09/2025,Waikato,Community and Personal Service Workers,284.8
1/09/2025,Waikato,Construction,291.14
1/09/2025,Waikato,Education,142.37
1/09/2025,Waikato,Health care,249.87
1/09/2025,Waikato,Highly-Skilled,187.51
1/09/2025,Waikato,Hospitality,220.54
1/09/2025,Waikato,IT,91.96
1/09/2025,Waikato,Labourers,397.8
1/09/2025,Waikato,Low-Skilled,235.09
1/09/2025,Waikato,Machinery Operators and Drivers,303.5
1/09/2025,Waikato,Managers,179
1/09/2025,Waikato,Manufacturing,295.18
1/09/2025,Waikato,Other,405.82
1/09/2025,Waikato,Primary,405.26
1/09/2025,Waikato,Professionals,169.8
1/09/2025,Waikato,Sales,125.61
1/09/2025,Waikato,Sales Workers,161.7
1/09/2025,Waikato,Semi-Skilled,344.88
1/09/2025,Waikato,Skilled,198.74
1/09/2025,Waikato,SkilledIndex,210.4
1/09/2025,Waikato,Technicians and Trades Workers,314.8
1/09/2025,Waikato,Unskilled,234.54
1/09/2025,Waikato,UnskilledIndex,234.9
1/09/2025,Wellington,Business services,114.12
1/09/2025,Wellington,Clerical and Administrative Workers,96
1/09/2025,Wellington,Community and Personal Service Workers,194.6
1/09/2025,Wellington,Construction,157.61
1/09/2025,Wellington,Education,117.4
1/09/2025,Wellington,Health care,210.96
1/09/2025,Wellington,Highly-Skilled,100.81
1/09/2025,Wellington,Hospitality,144.57
1/09/2025,Wellington,IT,42.65
1/09/2025,Wellington,Labourers,201.2
1/09/2025,Wellington,Low-Skilled,124.7
1/09/2025,Wellington,Machinery Operators and Drivers,177.9
1/09/2025,Wellington,Managers,95.5
1/09/2025,Wellington,Manufacturing,173.3
1/09/2025,Wellington,Other,235.84
1/09/2025,Wellington,Primary,201.49
1/09/2025,Wellington,Professionals,103.8
1/09/2025,Wellington,Sales,85.15
1/09/2025,Wellington,Sales Workers,120.9
1/09/2025,Wellington,Semi-Skilled,203.39
1/09/2025,Wellington,Skilled,115.75
1/09/2025,Wellington,SkilledIndex,110
1/09/2025,Wellington,Technicians and Trades Workers,152.6
1/09/2025,Wellington,Unskilled,137.18
1/09/2025,Wellington,UnskilledIndex,127.9
1/12/2025,Auckland,Business services,72.73
1/12/2025,Auckland,Clerical and Administrative Workers,69.9
1/12/2025,Auckland,Community and Personal Service Workers,138.4
1/12/2025,Auckland,Construction,138.37
1/12/2025,Auckland,Education,114.2
1/12/2025,Auckland,Health care,126.98
1/12/2025,Auckland,Highly-Skilled,78.69
1/12/2025,Auckland,Hospitality,131.45
1/12/2025,Auckland,IT,45.82
1/12/2025,Auckland,Labourers,173.1
1/12/2025,Auckland,Low-Skilled,95.43
1/12/2025,Auckland,Machinery Operators and Drivers,183.3
1/12/2025,Auckland,Managers,74.8
1/12/2025,Auckland,Manufacturing,117.94
1/12/2025,Auckland,Other,206.93
1/12/2025,Auckland,Primary,207.48
1/12/2025,Auckland,Professionals,85
1/12/2025,Auckland,Sales,69.39
1/12/2025,Auckland,Sales Workers,86.6
1/12/2025,Auckland,Semi-Skilled,169.22
1/12/2025,Auckland,Skilled,109.96
1/12/2025,Auckland,SkilledIndex,92.1
1/12/2025,Auckland,Technicians and Trades Workers,153.5
1/12/2025,Auckland,Unskilled,113.08
1/12/2025,Auckland,UnskilledIndex,99.1
1/12/2025,Bay of Plenty,Business services,289.43
1/12/2025,Bay of Plenty,Clerical and Administrative Workers,257.6
1/12/2025,Bay of Plenty,Community and Personal Service Workers,225.9
1/12/2025,Bay of Plenty,Construction,303.88
1/12/2025,Bay of Plenty,Education,114.75
1/12/2025,Bay of Plenty,Health care,349.01
1/12/2025,Bay of Plenty,Highly-Skilled,268.93
1/12/2025,Bay of Plenty,Hospitality,182.27
1/12/2025,Bay of Plenty,IT,108.43
1/12/2025,Bay of Plenty,Labourers,358.2
1/12/2025,Bay of Plenty,Low-Skilled,255.06
1/12/2025,Bay of Plenty,Machinery Operators and Drivers,426
1/12/2025,Bay of Plenty,Managers,222.3
1/12/2025,Bay of Plenty,Manufacturing,332.09
1/12/2025,Bay of Plenty,Other,446.15
1/12/2025,Bay of Plenty,Primary,452.27
1/12/2025,Bay of Plenty,Professionals,225.2
1/12/2025,Bay of Plenty,Sales,151.35
1/12/2025,Bay of Plenty,Sales Workers,179.8
1/12/2025,Bay of Plenty,Semi-Skilled,324.24
1/12/2025,Bay of Plenty,Skilled,188.51
1/12/2025,Bay of Plenty,SkilledIndex,247.1
1/12/2025,Bay of Plenty,Technicians and Trades Workers,276.9
1/12/2025,Bay of Plenty,Unskilled,240.32
1/12/2025,Bay of Plenty,UnskilledIndex,250.8
1/12/2025,Canterbury,Business services,132.72
1/12/2025,Canterbury,Clerical and Administrative Workers,123.9
1/12/2025,Canterbury,Community and Personal Service Workers,180.2
1/12/2025,Canterbury,Construction,216.39
1/12/2025,Canterbury,Education,111.42
1/12/2025,Canterbury,Health care,235.21
1/12/2025,Canterbury,Highly-Skilled,141.17
1/12/2025,Canterbury,Hospitality,158.2
1/12/2025,Canterbury,IT,69.88
1/12/2025,Canterbury,Labourers,268.5
1/12/2025,Canterbury,Low-Skilled,181.98
1/12/2025,Canterbury,Machinery Operators and Drivers,357.7
1/12/2025,Canterbury,Managers,128.1
1/12/2025,Canterbury,Manufacturing,276.02
1/12/2025,Canterbury,Other,413.02
1/12/2025,Canterbury,Primary,230.25
1/12/2025,Canterbury,Professionals,138.4
1/12/2025,Canterbury,Sales,101.24
1/12/2025,Canterbury,Sales Workers,151
1/12/2025,Canterbury,Semi-Skilled,270.53
1/12/2025,Canterbury,Skilled,148.38
1/12/2025,Canterbury,SkilledIndex,159.8
1/12/2025,Canterbury,Technicians and Trades Workers,230.3
1/12/2025,Canterbury,Unskilled,183.94
1/12/2025,Canterbury,UnskilledIndex,182.6
1/12/2025,Gisborne/Hawkes Bay,Business services,98.58
1/12/2025,Gisborne/Hawkes Bay,Clerical and Administrative Workers,158.4
1/12/2025,Gisborne/Hawkes Bay,Community and Personal Service Workers,147.1
1/12/2025,Gisborne/Hawkes Bay,Construction,160.23
1/12/2025,Gisborne/Hawkes Bay,Education,51.02
1/12/2025,Gisborne/Hawkes Bay,Health care,185.92
1/12/2025,Gisborne/Hawkes Bay,Highly-Skilled,115.56
1/12/2025,Gisborne/Hawkes Bay,Hospitality,107.2
1/12/2025,Gisborne/Hawkes Bay,IT,29.63
1/12/2025,Gisborne/Hawkes Bay,Labourers,181.3
1/12/2025,Gisborne/Hawkes Bay,Low-Skilled,136.63
1/12/2025,Gisborne/Hawkes Bay,Machinery Operators and Drivers,218.8
1/12/2025,Gisborne/Hawkes Bay,Managers,91.8
1/12/2025,Gisborne/Hawkes Bay,Manufacturing,188.71
1/12/2025,Gisborne/Hawkes Bay,Other,176.32
1/12/2025,Gisborne/Hawkes Bay,Primary,174.6
1/12/2025,Gisborne/Hawkes Bay,Professionals,87.7
1/12/2025,Gisborne/Hawkes Bay,Sales,72.5
1/12/2025,Gisborne/Hawkes Bay,Sales Workers,77
1/12/2025,Gisborne/Hawkes Bay,Semi-Skilled,191.22
1/12/2025,Gisborne/Hawkes Bay,Skilled,79.95
1/12/2025,Gisborne/Hawkes Bay,SkilledIndex,114
1/12/2025,Gisborne/Hawkes Bay,Technicians and Trades Workers,159.1
1/12/2025,Gisborne/Hawkes Bay,Unskilled,157.6
1/12/2025,Gisborne/Hawkes Bay,UnskilledIndex,142.3
1/12/2025,Manawatu-Whanganui/Taranaki,Business services,183.15
1/12/2025,Manawatu-Whanganui/Taranaki,Clerical and Administrative Workers,194.1
1/12/2025,Manawatu-Whanganui/Taranaki,Community and Personal Service Workers,276.2
1/12/2025,Manawatu-Whanganui/Taranaki,Construction,201.71
1/12/2025,Manawatu-Whanganui/Taranaki,Education,141.46
1/12/2025,Manawatu-Whanganui/Taranaki,Health care,354.41
1/12/2025,Manawatu-Whanganui/Taranaki,Highly-Skilled,209.15
1/12/2025,Manawatu-Whanganui/Taranaki,Hospitality,215.79
1/12/2025,Manawatu-Whanganui/Taranaki,IT,114.12
1/12/2025,Manawatu-Whanganui/Taranaki,Labourers,419
1/12/2025,Manawatu-Whanganui/Taranaki,Low-Skilled,224.28
1/12/2025,Manawatu-Whanganui/Taranaki,Machinery Operators and Drivers,243.3
1/12/2025,Manawatu-Whanganui/Taranaki,Managers,149.2
1/12/2025,Manawatu-Whanganui/Taranaki,Manufacturing,219.57
1/12/2025,Manawatu-Whanganui/Taranaki,Other,311.92
1/12/2025,Manawatu-Whanganui/Taranaki,Primary,232.86
1/12/2025,Manawatu-Whanganui/Taranaki,Professionals,193.1
1/12/2025,Manawatu-Whanganui/Taranaki,Sales,148.19
1/12/2025,Manawatu-Whanganui/Taranaki,Sales Workers,205.2
1/12/2025,Manawatu-Whanganui/Taranaki,Semi-Skilled,255.27
1/12/2025,Manawatu-Whanganui/Taranaki,Skilled,161.92
1/12/2025,Manawatu-Whanganui/Taranaki,SkilledIndex,196.1
1/12/2025,Manawatu-Whanganui/Taranaki,Technicians and Trades Workers,225.7
1/12/2025,Manawatu-Whanganui/Taranaki,Unskilled,295.3
1/12/2025,Manawatu-Whanganui/Taranaki,UnskilledIndex,244.4
1/12/2025,Northland,Business services,196.15
1/12/2025,Northland,Clerical and Administrative Workers,247.6
1/12/2025,Northland,Community and Personal Service Workers,411.4
1/12/2025,Northland,Construction,341.89
1/12/2025,Northland,Education,142.92
1/12/2025,Northland,Health care,227.16
1/12/2025,Northland,Highly-Skilled,223.05
1/12/2025,Northland,Hospitality,341.38
1/12/2025,Northland,IT,200
1/12/2025,Northland,Labourers,347.6
1/12/2025,Northland,Low-Skilled,264.13
1/12/2025,Northland,Machinery Operators and Drivers,390
1/12/2025,Northland,Managers,229.7
1/12/2025,Northland,Manufacturing,283.93
1/12/2025,Northland,Other,741.18
1/12/2025,Northland,Primary,205.13
1/12/2025,Northland,Professionals,176.4
1/12/2025,Northland,Sales,177.69
1/12/2025,Northland,Sales Workers,204.3
1/12/2025,Northland,Semi-Skilled,275
1/12/2025,Northland,Skilled,204.87
1/12/2025,Northland,SkilledIndex,222.2
1/12/2025,Northland,Technicians and Trades Workers,310.3
1/12/2025,Northland,Unskilled,332.86
1/12/2025,Northland,UnskilledIndex,282.8
1/12/2025,Otago/Southland,Business services,273.97
1/12/2025,Otago/Southland,Clerical and Administrative Workers,370
1/12/2025,Otago/Southland,Community and Personal Service Workers,535.7
1/12/2025,Otago/Southland,Construction,540.55
1/12/2025,Otago/Southland,Education,118.3
1/12/2025,Otago/Southland,Health care,440.06
1/12/2025,Otago/Southland,Highly-Skilled,267.06
1/12/2025,Otago/Southland,Hospitality,463.01
1/12/2025,Otago/Southland,IT,103.23
1/12/2025,Otago/Southland,Labourers,687.6
1/12/2025,Otago/Southland,Low-Skilled,426.58
1/12/2025,Otago/Southland,Machinery Operators and Drivers,617.8
1/12/2025,Otago/Southland,Managers,237.4
1/12/2025,Otago/Southland,Manufacturing,495.63
1/12/2025,Otago/Southland,Other,655.95
1/12/2025,Otago/Southland,Primary,242.2
1/12/2025,Otago/Southland,Professionals,220.9
1/12/2025,Otago/Southland,Sales,208.84
1/12/2025,Otago/Southland,Sales Workers,280.2
1/12/2025,Otago/Southland,Semi-Skilled,547.06
1/12/2025,Otago/Southland,Skilled,259.11
1/12/2025,Otago/Southland,SkilledIndex,302.1
1/12/2025,Otago/Southland,Technicians and Trades Workers,454.6
1/12/2025,Otago/Southland,Unskilled,449.77
1/12/2025,Otago/Southland,UnskilledIndex,433.8
1/12/2025,Tasman/Nelson/Marlborough/West Coast,Business services,179.89
1/12/2025,Tasman/Nelson/Marlborough/West Coast,Clerical and Administrative Workers,228
1/12/2025,Tasman/Nelson/Marlborough/West Coast,Community and Personal Service Workers,260.4
1/12/2025,Tasman/Nelson/Marlborough/West Coast,Construction,302.12
1/12/2025,Tasman/Nelson/Marlborough/West Coast,Education,127.39
1/12/2025,Tasman/Nelson/Marlborough/West Coast,Health care,336.24
1/12/2025,Tasman/Nelson/Marlborough/West Coast,Highly-Skilled,205.27
1/12/2025,Tasman/Nelson/Marlborough/West Coast,Hospitality,207.1
1/12/2025,Tasman/Nelson/Marlborough/West Coast,IT,100
1/12/2025,Tasman/Nelson/Marlborough/West Coast,Labourers,391.2
1/12/2025,Tasman/Nelson/Marlborough/West Coast,Low-Skilled,247.83
1/12/2025,Tasman/Nelson/Marlborough/West Coast,Machinery Operators and Drivers,305.4
1/12/2025,Tasman/Nelson/Marlborough/West Coast,Managers,159
1/12/2025,Tasman/Nelson/Marlborough/West Coast,Manufacturing,383.7
1/12/2025,Tasman/Nelson/Marlborough/West Coast,Other,356.58
1/12/2025,Tasman/Nelson/Marlborough/West Coast,Primary,255.91
1/12/2025,Tasman/Nelson/Marlborough/West Coast,Professionals,171.8
1/12/2025,Tasman/Nelson/Marlborough/West Coast,Sales,142.41
1/12/2025,Tasman/Nelson/Marlborough/West Coast,Sales Workers,187.9
1/12/2025,Tasman/Nelson/Marlborough/West Coast,Semi-Skilled,313.56
1/12/2025,Tasman/Nelson/Marlborough/West Coast,Skilled,162.32
1/12/2025,Tasman/Nelson/Marlborough/West Coast,SkilledIndex,199.7
1/12/2025,Tasman/Nelson/Marlborough/West Coast,Technicians and Trades Workers,266.4
1/12/2025,Tasman/Nelson/Marlborough/West Coast,Unskilled,296.97
1/12/2025,Tasman/Nelson/Marlborough/West Coast,UnskilledIndex,262.5
1/12/2025,Totals,Auckland,93.18
1/12/2025,Totals,Bay of Plenty,247.32
1/12/2025,Totals,Business services,104.05
1/12/2025,Totals,Canterbury,166.2
1/12/2025,Totals,Clerical and Administrative Workers,112.1
1/12/2025,Totals,Community and Personal Service Workers,207.5
1/12/2025,Totals,Construction,201.23
1/12/2025,Totals,Education,126.05
1/12/2025,Totals,Gisborne/Hawkes Bay,122.11
1/12/2025,Totals,Health care,213.97
1/12/2025,Totals,Highly-Skilled,111.22
1/12/2025,Totals,Hospitality,175.95
1/12/2025,Totals,IT,47.26
1/12/2025,Totals,Labourers,280.1
1/12/2025,Totals,Low-Skilled,154.2
1/12/2025,Totals,Machinery Operators and Drivers,281.5
1/12/2025,Totals,Managers,100.8
1/12/2025,Totals,Manawatu-Whanganui/Taranaki,205.18
1/12/2025,Totals,Manufacturing,197.59
1/12/2025,Totals,Northland,237.65
1/12/2025,Totals,Otago/Southland,337.91
1/12/2025,Totals,Other,280.83
1/12/2025,Totals,Primary,248.28
1/12/2025,Totals,Professionals,119.5
1/12/2025,Totals,Sales,92.67
1/12/2025,Totals,Sales Workers,130.6
1/12/2025,Totals,Semi-Skilled,240.33
1/12/2025,Totals,Skilled,142.54
1/12/2025,Totals,SkilledIndex,130.9
1/12/2025,Totals,Tasman/Nelson/Marlborough/West Coast,220.01
1/12/2025,Totals,Technicians and Trades Workers,207.2
1/12/2025,Totals,TotalsIndex,138.55
1/12/2025,Totals,Unskilled,186.5
1/12/2025,Totals,UnskilledIndex,162.3
1/12/2025,Totals,Waikato,191.26
1/12/2025,Totals,Wellington,96.04
1/12/2025,Waikato,Business services,160.3
1/12/2025,Waikato,Clerical and Administrative Workers,186.6
1/12/2025,Waikato,Community and Personal Service Workers,263.1
1/12/2025,Waikato,Construction,260.48
1/12/2025,Waikato,Education,146.67
1/12/2025,Waikato,Health care,209.72
1/12/2025,Waikato,Highly-Skilled,156.02
1/12/2025,Waikato,Hospitality,203.13
1/12/2025,Waikato,IT,70.85
1/12/2025,Waikato,Labourers,340.4
1/12/2025,Waikato,Low-Skilled,220.02
1/12/2025,Waikato,Machinery Operators and Drivers,316.4
1/12/2025,Waikato,Managers,136.9
1/12/2025,Waikato,Manufacturing,258.52
1/12/2025,Waikato,Other,352.91
1/12/2025,Waikato,Primary,265.26
1/12/2025,Waikato,Professionals,153.2
1/12/2025,Waikato,Sales,112.12
1/12/2025,Waikato,Sales Workers,171.1
1/12/2025,Waikato,Semi-Skilled,282.84
1/12/2025,Waikato,Skilled,176.46
1/12/2025,Waikato,SkilledIndex,178.1
1/12/2025,Waikato,Technicians and Trades Workers,253.3
1/12/2025,Waikato,Unskilled,241.12
1/12/2025,Waikato,UnskilledIndex,226.2
1/12/2025,Wellington,Business services,89.9
1/12/2025,Wellington,Clerical and Administrative Workers,83.9
1/12/2025,Wellington,Community and Personal Service Workers,163.2
1/12/2025,Wellington,Construction,137.17
1/12/2025,Wellington,Education,122.81
1/12/2025,Wellington,Health care,186.5
1/12/2025,Wellington,Highly-Skilled,81.33
1/12/2025,Wellington,Hospitality,120.19
1/12/2025,Wellington,IT,36.13
1/12/2025,Wellington,Labourers,204.9
1/12/2025,Wellington,Low-Skilled,112.16
1/12/2025,Wellington,Machinery Operators and Drivers,195.3
1/12/2025,Wellington,Managers,75.2
1/12/2025,Wellington,Manufacturing,155.86
1/12/2025,Wellington,Other,183.27
1/12/2025,Wellington,Primary,197.01
1/12/2025,Wellington,Professionals,87.9
1/12/2025,Wellington,Sales,66.35
1/12/2025,Wellington,Sales Workers,93.6
1/12/2025,Wellington,Semi-Skilled,168.66
1/12/2025,Wellington,Skilled,101.02
1/12/2025,Wellington,SkilledIndex,90.6
1/12/2025,Wellington,Technicians and Trades Workers,124.4
1/12/2025,Wellington,Unskilled,127.96
1/12/2025,Wellington,UnskilledIndex,116.3
1/03/2026,Auckland,Business services,100.18
1/03/2026,Auckland,Clerical and Administrative Workers,97
1/03/2026,Auckland,Community and Personal Service Workers,175.9
1/03/2026,Auckland,Construction,178.83
1/03/2026,Auckland,Education,92
1/03/2026,Auckland,Health care,155.08
1/03/2026,Auckland,Highly-Skilled,97.82
1/03/2026,Auckland,Hospitality,145.15
1/03/2026,Auckland,IT,53.88
1/03/2026,Auckland,Labourers,225.9
1/03/2026,Auckland,Low-Skilled,129.03
1/03/2026,Auckland,Machinery Operators and Drivers,247.5
1/03/2026,Auckland,Managers,94.1
1/03/2026,Auckland,Manufacturing,155.36
1/03/2026,Auckland,Other,259.78
1/03/2026,Auckland,Primary,255.78
1/03/2026,Auckland,Professionals,97.3
1/03/2026,Auckland,Sales,90.16
1/03/2026,Auckland,Sales Workers,118.6
1/03/2026,Auckland,Semi-Skilled,217.8
1/03/2026,Auckland,Skilled,116.85
1/03/2026,Auckland,SkilledIndex,110.7
1/03/2026,Auckland,Technicians and Trades Workers,188.5
1/03/2026,Auckland,Unskilled,150.57
1/03/2026,Auckland,UnskilledIndex,133.5
1/03/2026,Bay of Plenty,Business services,332.08
1/03/2026,Bay of Plenty,Clerical and Administrative Workers,313.2
1/03/2026,Bay of Plenty,Community and Personal Service Workers,295.8
1/03/2026,Bay of Plenty,Construction,378.54
1/03/2026,Bay of Plenty,Education,92.13
1/03/2026,Bay of Plenty,Health care,455.32
1/03/2026,Bay of Plenty,Highly-Skilled,310.89
1/03/2026,Bay of Plenty,Hospitality,232.02
1/03/2026,Bay of Plenty,IT,126.51
1/03/2026,Bay of Plenty,Labourers,519.4
1/03/2026,Bay of Plenty,Low-Skilled,337.47
1/03/2026,Bay of Plenty,Machinery Operators and Drivers,558.3
1/03/2026,Bay of Plenty,Managers,236.5
1/03/2026,Bay of Plenty,Manufacturing,470.05
1/03/2026,Bay of Plenty,Other,498.08
1/03/2026,Bay of Plenty,Primary,611.36
1/03/2026,Bay of Plenty,Professionals,248.1
1/03/2026,Bay of Plenty,Sales,204.05
1/03/2026,Bay of Plenty,Sales Workers,291.3
1/03/2026,Bay of Plenty,Semi-Skilled,437.88
1/03/2026,Bay of Plenty,Skilled,198.44
1/03/2026,Bay of Plenty,SkilledIndex,287.5
1/03/2026,Bay of Plenty,Technicians and Trades Workers,359.9
1/03/2026,Bay of Plenty,Unskilled,364.87
1/03/2026,Bay of Plenty,UnskilledIndex,345.4
1/03/2026,Canterbury,Business services,168.56
1/03/2026,Canterbury,Clerical and Administrative Workers,157
1/03/2026,Canterbury,Community and Personal Service Workers,226.2
1/03/2026,Canterbury,Construction,286.85
1/03/2026,Canterbury,Education,94.82
1/03/2026,Canterbury,Health care,270.37
1/03/2026,Canterbury,Highly-Skilled,171.68
1/03/2026,Canterbury,Hospitality,184.21
1/03/2026,Canterbury,IT,89.44
1/03/2026,Canterbury,Labourers,355.6
1/03/2026,Canterbury,Low-Skilled,237.55
1/03/2026,Canterbury,Machinery Operators and Drivers,476.5
1/03/2026,Canterbury,Managers,163.4
1/03/2026,Canterbury,Manufacturing,363.06
1/03/2026,Canterbury,Other,484.65
1/03/2026,Canterbury,Primary,296.3
1/03/2026,Canterbury,Professionals,151.6
1/03/2026,Canterbury,Sales,135.58
1/03/2026,Canterbury,Sales Workers,195.7
1/03/2026,Canterbury,Semi-Skilled,354.42
1/03/2026,Canterbury,Skilled,154.13
1/03/2026,Canterbury,SkilledIndex,189.7
1/03/2026,Canterbury,Technicians and Trades Workers,295.4
1/03/2026,Canterbury,Unskilled,250.95
1/03/2026,Canterbury,UnskilledIndex,241.5
1/03/2026,Gisborne/Hawkes Bay,Business services,132.62
1/03/2026,Gisborne/Hawkes Bay,Clerical and Administrative Workers,187.6
1/03/2026,Gisborne/Hawkes Bay,Community and Personal Service Workers,177.2
1/03/2026,Gisborne/Hawkes Bay,Construction,192.42
1/03/2026,Gisborne/Hawkes Bay,Education,39.18
1/03/2026,Gisborne/Hawkes Bay,Health care,204.55
1/03/2026,Gisborne/Hawkes Bay,Highly-Skilled,145
1/03/2026,Gisborne/Hawkes Bay,Hospitality,153.6
1/03/2026,Gisborne/Hawkes Bay,IT,29.63
1/03/2026,Gisborne/Hawkes Bay,Labourers,286.4
1/03/2026,Gisborne/Hawkes Bay,Low-Skilled,184.85
1/03/2026,Gisborne/Hawkes Bay,Machinery Operators and Drivers,281.2
1/03/2026,Gisborne/Hawkes Bay,Managers,118.4
1/03/2026,Gisborne/Hawkes Bay,Manufacturing,220.16
1/03/2026,Gisborne/Hawkes Bay,Other,230.26
1/03/2026,Gisborne/Hawkes Bay,Primary,285.71
1/03/2026,Gisborne/Hawkes Bay,Professionals,100.7
1/03/2026,Gisborne/Hawkes Bay,Sales,136.5
1/03/2026,Gisborne/Hawkes Bay,Sales Workers,174.6
1/03/2026,Gisborne/Hawkes Bay,Semi-Skilled,196.62
1/03/2026,Gisborne/Hawkes Bay,Skilled,82.46
1/03/2026,Gisborne/Hawkes Bay,SkilledIndex,129.7
1/03/2026,Gisborne/Hawkes Bay,Technicians and Trades Workers,174.2
1/03/2026,Gisborne/Hawkes Bay,Unskilled,281.6
1/03/2026,Gisborne/Hawkes Bay,UnskilledIndex,211.1
1/03/2026,Manawatu-Whanganui/Taranaki,Business services,234.46
1/03/2026,Manawatu-Whanganui/Taranaki,Clerical and Administrative Workers,264.6
1/03/2026,Manawatu-Whanganui/Taranaki,Community and Personal Service Workers,361
1/03/2026,Manawatu-Whanganui/Taranaki,Construction,250.67
1/03/2026,Manawatu-Whanganui/Taranaki,Education,91.06
1/03/2026,Manawatu-Whanganui/Taranaki,Health care,414.45
1/03/2026,Manawatu-Whanganui/Taranaki,Highly-Skilled,237.78
1/03/2026,Manawatu-Whanganui/Taranaki,Hospitality,281.2
1/03/2026,Manawatu-Whanganui/Taranaki,IT,120
1/03/2026,Manawatu-Whanganui/Taranaki,Labourers,492.9
1/03/2026,Manawatu-Whanganui/Taranaki,Low-Skilled,308.17
1/03/2026,Manawatu-Whanganui/Taranaki,Machinery Operators and Drivers,364.4
1/03/2026,Manawatu-Whanganui/Taranaki,Managers,168.5
1/03/2026,Manawatu-Whanganui/Taranaki,Manufacturing,295.22
1/03/2026,Manawatu-Whanganui/Taranaki,Other,396.69
1/03/2026,Manawatu-Whanganui/Taranaki,Primary,271.43
1/03/2026,Manawatu-Whanganui/Taranaki,Professionals,186.9
1/03/2026,Manawatu-Whanganui/Taranaki,Sales,213.73
1/03/2026,Manawatu-Whanganui/Taranaki,Sales Workers,320.2
1/03/2026,Manawatu-Whanganui/Taranaki,Semi-Skilled,353.02
1/03/2026,Manawatu-Whanganui/Taranaki,Skilled,153.07
1/03/2026,Manawatu-Whanganui/Taranaki,SkilledIndex,218.2
1/03/2026,Manawatu-Whanganui/Taranaki,Technicians and Trades Workers,308.1
1/03/2026,Manawatu-Whanganui/Taranaki,Unskilled,431.76
1/03/2026,Manawatu-Whanganui/Taranaki,UnskilledIndex,343.2
1/03/2026,Northland,Business services,207.69
1/03/2026,Northland,Clerical and Administrative Workers,329.4
1/03/2026,Northland,Community and Personal Service Workers,418.9
1/03/2026,Northland,Construction,429.05
1/03/2026,Northland,Education,115.07
1/03/2026,Northland,Health care,266.74
1/03/2026,Northland,Highly-Skilled,252.29
1/03/2026,Northland,Hospitality,322.41
1/03/2026,Northland,IT,192.86
1/03/2026,Northland,Labourers,431
1/03/2026,Northland,Low-Skilled,343.85
1/03/2026,Northland,Machinery Operators and Drivers,556.7
1/03/2026,Northland,Managers,229.7
1/03/2026,Northland,Manufacturing,358.93
1/03/2026,Northland,Other,838.24
1/03/2026,Northland,Primary,235.9
1/03/2026,Northland,Professionals,187.9
1/03/2026,Northland,Sales,272.31
1/03/2026,Northland,Sales Workers,316.3
1/03/2026,Northland,Semi-Skilled,335.87
1/03/2026,Northland,Skilled,186.15
1/03/2026,Northland,SkilledIndex,235.9
1/03/2026,Northland,Technicians and Trades Workers,350.8
1/03/2026,Northland,Unskilled,500
1/03/2026,Northland,UnskilledIndex,386.2
1/03/2026,Otago/Southland,Business services,348.29
1/03/2026,Otago/Southland,Clerical and Administrative Workers,479.3
1/03/2026,Otago/Southland,Community and Personal Service Workers,530.5
1/03/2026,Otago/Southland,Construction,652.9
1/03/2026,Otago/Southland,Education,91.48
1/03/2026,Otago/Southland,Health care,433.49
1/03/2026,Otago/Southland,Highly-Skilled,320.97
1/03/2026,Otago/Southland,Hospitality,462.2
1/03/2026,Otago/Southland,IT,150.54
1/03/2026,Otago/Southland,Labourers,748.5
1/03/2026,Otago/Southland,Low-Skilled,496.62
1/03/2026,Otago/Southland,Machinery Operators and Drivers,694.1
1/03/2026,Otago/Southland,Managers,295.5
1/03/2026,Otago/Southland,Manufacturing,569.38
1/03/2026,Otago/Southland,Other,789.29
1/03/2026,Otago/Southland,Primary,350.46
1/03/2026,Otago/Southland,Professionals,241.7
1/03/2026,Otago/Southland,Sales,293.88
1/03/2026,Otago/Southland,Sales Workers,387.4
1/03/2026,Otago/Southland,Semi-Skilled,657.84
1/03/2026,Otago/Southland,Skilled,258.18
1/03/2026,Otago/Southland,SkilledIndex,344.1
1/03/2026,Otago/Southland,Technicians and Trades Workers,519.4
1/03/2026,Otago/Southland,Unskilled,544.65
1/03/2026,Otago/Southland,UnskilledIndex,511.6
1/03/2026,Tasman/Nelson/Marlborough/West Coast,Business services,187.93
1/03/2026,Tasman/Nelson/Marlborough/West Coast,Clerical and Administrative Workers,275.6
1/03/2026,Tasman/Nelson/Marlborough/West Coast,Community and Personal Service Workers,306.9
1/03/2026,Tasman/Nelson/Marlborough/West Coast,Construction,373.73
1/03/2026,Tasman/Nelson/Marlborough/West Coast,Education,79.13
1/03/2026,Tasman/Nelson/Marlborough/West Coast,Health care,389.18
1/03/2026,Tasman/Nelson/Marlborough/West Coast,Highly-Skilled,221.33
1/03/2026,Tasman/Nelson/Marlborough/West Coast,Hospitality,205.81
1/03/2026,Tasman/Nelson/Marlborough/West Coast,IT,92.31
1/03/2026,Tasman/Nelson/Marlborough/West Coast,Labourers,423.8
1/03/2026,Tasman/Nelson/Marlborough/West Coast,Low-Skilled,279.52
1/03/2026,Tasman/Nelson/Marlborough/West Coast,Machinery Operators and Drivers,300.4
1/03/2026,Tasman/Nelson/Marlborough/West Coast,Managers,177.2
1/03/2026,Tasman/Nelson/Marlborough/West Coast,Manufacturing,425
1/03/2026,Tasman/Nelson/Marlborough/West Coast,Other,398.68
1/03/2026,Tasman/Nelson/Marlborough/West Coast,Primary,268.82
1/03/2026,Tasman/Nelson/Marlborough/West Coast,Professionals,160.1
1/03/2026,Tasman/Nelson/Marlborough/West Coast,Sales,186.16
1/03/2026,Tasman/Nelson/Marlborough/West Coast,Sales Workers,268.1
1/03/2026,Tasman/Nelson/Marlborough/West Coast,Semi-Skilled,385.59
1/03/2026,Tasman/Nelson/Marlborough/West Coast,Skilled,151.57
1/03/2026,Tasman/Nelson/Marlborough/West Coast,SkilledIndex,211
1/03/2026,Tasman/Nelson/Marlborough/West Coast,Technicians and Trades Workers,310.7
1/03/2026,Tasman/Nelson/Marlborough/West Coast,Unskilled,366.18
1/03/2026,Tasman/Nelson/Marlborough/West Coast,UnskilledIndex,305.4
1/03/2026,Totals,Auckland,115.67
1/03/2026,Totals,Bay of Plenty,305.71
1/03/2026,Totals,Business services,135.65
1/03/2026,Totals,Canterbury,206.99
1/03/2026,Totals,Clerical and Administrative Workers,147.9
1/03/2026,Totals,Community and Personal Service Workers,248.2
1/03/2026,Totals,Construction,256.96
1/03/2026,Totals,Education,94.57
1/03/2026,Totals,Gisborne/Hawkes Bay,153.27
1/03/2026,Totals,Health care,247.89
1/03/2026,Totals,Highly-Skilled,133.95
1/03/2026,Totals,Hospitality,199.26
1/03/2026,Totals,IT,55.86
1/03/2026,Totals,Labourers,359.6
1/03/2026,Totals,Low-Skilled,200.23
1/03/2026,Totals,Machinery Operators and Drivers,361
1/03/2026,Totals,Managers,122.7
1/03/2026,Totals,Manawatu-Whanganui/Taranaki,247.22
1/03/2026,Totals,Manufacturing,256.64
1/03/2026,Totals,Northland,272.41
1/03/2026,Totals,Otago/Southland,393.38
1/03/2026,Totals,Other,340.02
1/03/2026,Totals,Primary,315.87
1/03/2026,Totals,Professionals,130.2
1/03/2026,Totals,Sales,125.84
1/03/2026,Totals,Sales Workers,187.1
1/03/2026,Totals,Semi-Skilled,310.42
1/03/2026,Totals,Skilled,144.5
1/03/2026,Totals,SkilledIndex,152.5
1/03/2026,Totals,Tasman/Nelson/Marlborough/West Coast,241.85
1/03/2026,Totals,Technicians and Trades Workers,259
1/03/2026,Totals,TotalsIndex,168.33
1/03/2026,Totals,Unskilled,254.99
1/03/2026,Totals,UnskilledIndex,213.9
1/03/2026,Totals,Waikato,234.31
1/03/2026,Totals,Wellington,118.82
1/03/2026,Waikato,Business services,204.73
1/03/2026,Waikato,Clerical and Administrative Workers,252
1/03/2026,Waikato,Community and Personal Service Workers,291.7
1/03/2026,Waikato,Construction,334.04
1/03/2026,Waikato,Education,102.15
1/03/2026,Waikato,Health care,251.37
1/03/2026,Waikato,Highly-Skilled,191.66
1/03/2026,Waikato,Hospitality,212.05
1/03/2026,Waikato,IT,102.51
1/03/2026,Waikato,Labourers,455.1
1/03/2026,Waikato,Low-Skilled,294
1/03/2026,Waikato,Machinery Operators and Drivers,393
1/03/2026,Waikato,Managers,178.1
1/03/2026,Waikato,Manufacturing,347.91
1/03/2026,Waikato,Other,422.75
1/03/2026,Waikato,Primary,349.47
1/03/2026,Waikato,Professionals,159.1
1/03/2026,Waikato,Sales,164.85
1/03/2026,Waikato,Sales Workers,246.4
1/03/2026,Waikato,Semi-Skilled,386.8
1/03/2026,Waikato,Skilled,175.19
1/03/2026,Waikato,SkilledIndex,210.3
1/03/2026,Waikato,Technicians and Trades Workers,342.3
1/03/2026,Waikato,Unskilled,311.18
1/03/2026,Waikato,UnskilledIndex,299
1/03/2026,Wellington,Business services,120.03
1/03/2026,Wellington,Clerical and Administrative Workers,112
1/03/2026,Wellington,Community and Personal Service Workers,195.2
1/03/2026,Wellington,Construction,180.24
1/03/2026,Wellington,Education,98.25
1/03/2026,Wellington,Health care,216.87
1/03/2026,Wellington,Highly-Skilled,97.91
1/03/2026,Wellington,Hospitality,162.48
1/03/2026,Wellington,IT,40.49
1/03/2026,Wellington,Labourers,282.4
1/03/2026,Wellington,Low-Skilled,143.68
1/03/2026,Wellington,Machinery Operators and Drivers,255.8
1/03/2026,Wellington,Managers,87.4
1/03/2026,Wellington,Manufacturing,211.99
1/03/2026,Wellington,Other,231.88
1/03/2026,Wellington,Primary,279.1
1/03/2026,Wellington,Professionals,100.4
1/03/2026,Wellington,Sales,86.87
1/03/2026,Wellington,Sales Workers,141.1
1/03/2026,Wellington,Semi-Skilled,229.29
1/03/2026,Wellington,Skilled,110.41
1/03/2026,Wellington,SkilledIndex,108.3
1/03/2026,Wellington,Technicians and Trades Workers,167.1
1/03/2026,Wellington,Unskilled,187
1/03/2026,Wellington,UnskilledIndex,154.9
